id,f,l,H,dg
1,40.63181968,22.96258571,65.5989,33.2077
1,40.63181968,22.96258571,67.0989,33.5064
1,40.527359,22.9714146,1.417671371,2.81711
1,40.3255539,23.4479084,259.4169714,27.3275
1,40.2208824,23.6713867,28.46660873,-19.7131
1,40.3964119,23.8774014,14.87721711,3.25594
1,40.60044395,22.59840634,5.433925047,-14.3591
1,40.60035121,22.68079764,9.587924725,-16.5472
1,40.65931832,22.71892474,13.48812947,-7.48321
1,40.7284012,22.7331257,57.61836942,11.2917
1,40.7884369,22.7643967,257.117578,13.8974
1,40.7938811,22.6690158,112.6114031,2.02821
1,40.7350466,22.84251386,89.25439251,27.9101
1,40.8064346,22.9625683,221.5566406,4.48603
1,40.9380264,23.1951618,612.8490981,5.97097
1,40.8886528,23.0893841,641.8389264,-15.6069
1,40.8001099,23.1446609,419.7986186,-18.4958
1,40.67765728,22.98586045,403.6291932,20.981
1,40.6714582,23.1138907,76.35182837,-11.5219
1,40.64514198,23.21655076,94.21808024,-17.1684
1,40.70741591,23.28136633,310.5932965,-10.3141
1,40.71486088,23.38460305,155.5373224,3.4031
1,40.666812,23.3387847,42.17184451,-17.4018
1,40.6146126,23.3261433,472.1489742,-10.0241
1,40.59970806,23.22482389,222.6989225,-8.00669
1,40.6286634,23.5448376,44.56197698,1.95991
1,40.7243824,23.712766,3.111644539,-9.20393
1,40.6916576,23.6087257,192.5387582,1.07142
1,40.44790144,23.11883491,377.7948957,116.493
1,40.47058141,23.10050461,130.8508744,34.4519
1,40.48075048,23.01360424,153.7158096,45.684
1,40.49583326,23.11330978,59.99466198,16.6966
1,40.46128405,22.9785426,212.0107421,58.7395
1,40.49309172,22.97570329,85.07905247,25.918
1,40.49644295,22.85213248,60.94966409,13.8831
1,40.47550295,22.83389135,42.74369144,6.4731
1,40.48403412,22.88406673,112.863521,31.7272
1,40.49879709,22.93263004,61.80857226,19.7623
1,40.49544023,22.92440941,76.98996061,23.8152
1,40.50840293,22.92987097,6.683105592,3.61532
1,40.50128266,22.928349,20.17128089,7.47707
1,40.50110339,22.92836423,21.50728026,7.88642
1,40.50080104,22.92827854,25.20587921,9.14938
1,40.50115909,22.9275226,21.03538046,7.90697
1,40.50095991,22.92750799,22.67177977,8.38057
1,40.50080754,22.9274183,22.88357924,8.42927
1,40.50107987,22.92670081,21.53528018,8.10762
1,40.50065334,22.92656254,24.9649787,9.00315
1,40.50122872,22.92587708,19.9920807,7.69356
1,40.50092002,22.9258751,22.36117963,8.31163
1,40.50117312,22.9249582,20.73368051,7.92054
1,40.50079999,22.92497353,23.85737921,8.79138
1,40.50122345,22.92406613,19.47278068,7.43467
1,40.50098586,22.92410822,21.45527986,8.02858
1,40.50883992,22.92757921,4.310607108,2.81225
1,40.49972176,22.92639437,34.32657547,11.2548
1,40.49764855,22.93029387,29.28556828,9.31081
1,40.49689335,22.92233617,40.01856566,12.373
1,40.471468,22.93086873,115.7064774,31.4018
1,40.46711409,22.91454322,111.9274623,28.8952
1,40.48023052,22.91313083,74.07050784,20.5508
1,40.49001852,22.9141151,32.9835418,9.3996
1,40.48836599,22.88942058,33.53853607,8.0013
1,40.48349288,22.88967778,49.93851916,11.8837
1,40.48420838,22.88458656,98.02652164,26.279
1,40.46261141,22.92440156,123.3934467,31.4563
1,40.48229166,22.9242551,72.94551499,20.1202
1,40.62799325,22.96313868,39.0566,34.3814
1,40.62837048,22.96285722,37.266,33.5297
1,40.62886536,22.9625533,35.6926,32.6166
1,40.62928196,22.96227909,33.8101,31.5641
1,40.62970116,22.9619917,46.3137,34.5136
1,40.63020949,22.9616412,46.447,34.1027
1,40.63058512,22.96139601,46.4278,34.053
1,40.63085436,22.96121153,46.2122,33.8895
1,40.63133549,22.96083168,46.0499,33.8221
1,40.63173756,22.96044706,45.8581,33.7434
1,40.63203117,22.96010652,45.7117,33.7001
1,40.63261214,22.95934689,45.4775,33.8285
1,40.63309012,22.95851727,45.3523,33.8418
1,40.63337269,22.95798897,45.1524,33.6056
1,40.6336666,22.95741766,45.0563,33.3328
1,40.63394226,22.95691476,44.8243,33.0772
1,40.63416752,22.95641698,43.1745,32.4906
1,40.6334942,22.95568308,29.6613,33.4994
1,40.63321442,22.95625068,31.4583,33.7326
1,40.63294247,22.95675565,31.6796,33.5118
1,40.63259517,22.95739552,34.973,33.6409
1,40.63221782,22.95808217,35.4265,33.4414
1,40.63180683,22.95864945,36.8354,33.3332
1,40.63137712,22.95923939,37.7132,33.2442
1,40.6309924,22.95976229,37.8971,33.2674
1,40.63051995,22.96015499,38.5854,33.4872
1,40.63009486,22.96033149,38.621,33.5961
1,40.6279446,22.96215907,41.0131,33.0176
1,40.62756323,22.96241435,41.0075,32.8718
1,40.6272431,22.96264531,41.3115,32.827
1,40.63300219,22.95521221,27.1423,33.5382
1,40.63255581,22.95608696,28.3894,33.4638
1,40.63210453,22.95685088,26.7115,32.895
1,40.63161424,22.95739557,31.7082,33.2908
1,40.6313249,22.95817124,32.8964,33.1326
1,40.63092121,22.95867054,33.7794,33.0161
1,40.63026816,22.95964172,36.231,33.2523
1,40.62987069,22.95975455,35.0915,33.2165
1,40.62796993,22.96157524,38.9727,33.035
1,40.62759226,22.96183387,38.5609,32.7529
1,40.6272628,22.96206242,38.988,32.6841
1,40.62695208,22.96185899,36.0929,32.3714
1,40.62764502,22.96087489,35.0263,32.1879
1,40.63256148,22.95480695,25.1841,33.2569
1,40.63227086,22.95527131,26.5168,33.0391
1,40.63198184,22.95582608,26.4734,32.8559
1,40.6316871,22.95634971,34.1468,35.3945
1,40.63121448,22.957042,30.0678,33.6072
1,40.63083858,22.95760595,29.5915,33.0548
1,40.63046024,22.9580948,29.9698,32.9718
1,40.63013421,22.9586585,30.5709,32.8361
1,40.62968252,22.95901608,30.5957,32.8506
1,40.62924216,22.95918904,30.2702,32.8307
1,40.62882655,22.9594984,31.0023,32.6364
1,40.62855235,22.9598322,30.8702,32.4404
1,40.62830682,22.96044579,32.2235,32.9281
1,40.62829452,22.96112846,35.2905,33.2192
1,40.62834549,22.96182065,38.6455,33.3197
1,40.62836272,22.96228162,42.1111,33.3498
1,40.63185364,22.95416832,22.3869,32.4094
1,40.63148862,22.95506587,3.5338,26.5857
1,40.63095133,22.95579938,26.3323,33.0272
1,40.63044173,22.95653501,26.4217,32.638
1,40.62984554,22.95734001,24.4014,32.627
1,40.62920255,22.95822679,26.4002,32.7062
1,40.62854241,22.95892506,33.3174,34.9936
1,40.62779347,22.95982137,35.5397,35.3052
1,40.62717779,22.96057817,28.6524,31.9073
1,40.62664452,22.96099488,30.4277,31.8138
1,40.63108615,22.95349819,19.4282,31.4582
1,40.63050924,22.95461079,19.6795,32.1391
1,40.63018077,22.95530882,19.8904,32.4181
1,40.62983051,22.95595482,19.9532,32.4278
1,40.62945092,22.95665049,20.5832,32.3929
1,40.62904389,22.95709681,21.0147,32.3845
1,40.62861708,22.95757476,21.3952,32.3437
1,40.62820376,22.95801967,21.9803,32.3513
1,40.62786076,22.95840601,21.1686,31.7493
1,40.62748288,22.95887235,22.9177,32.0585
1,40.62696623,22.95942164,23.6137,31.8994
1,40.62657479,22.9598065,24.1412,31.7392
1,40.62622357,22.96021988,24.7747,31.4072
1,40.62773183,22.95935971,38.7917,36.6403
1,40.62735423,22.959397,23.4127,31.9115
1,40.63094933,22.95325632,18.8243,31.2113
1,40.62970428,22.95194869,12.9342,29.6147
1,40.62792581,22.95050211,7.2274,29.1493
1,40.62651827,22.94924883,3.2974,29.2387
1,40.62594523,22.94868039,2.569,29.3673
1,40.63045924,22.95380263,19.1364,31.5667
1,40.62993436,22.95521697,19.8604,32.4006
1,40.62966616,22.95571365,20.0176,32.4628
1,40.62925668,22.95629201,20.3437,32.6836
1,40.62892671,22.95681261,20.9132,32.6558
1,40.62857403,22.9572006,21.2924,32.5929
1,40.62807685,22.95774705,21.8545,32.4668
1,40.62753155,22.95835308,22.5345,32.3649
1,40.62703426,22.95888993,23.2442,32.2984
1,40.62703393,22.9588898,23.2737,32.0098
1,40.62636271,22.95962554,24.2181,31.8129
1,40.6260152,22.95936445,23.1529,31.7722
1,40.62583556,22.95865657,20.7228,31.5589
1,40.62562058,22.95784574,19.2705,31.3818
1,40.62544712,22.95719176,18.3831,31.209
1,40.62513759,22.95602484,13.6913,30.6978
1,40.62467429,22.95458055,8.5308,30.4596
1,40.62425302,22.95368285,6.3522,30.403
1,40.62388538,22.95262327,4.1888,29.9059
1,40.62359335,22.9518645,3.229,29.1889
1,40.62322374,22.9510503,1.7152,28.6265
1,40.62485079,22.94872868,1.7838,29.5335
1,40.62434951,22.94925427,1.6082,29.4081
1,40.62388904,22.95006122,1.6928,28.9954
1,40.62343952,22.95073546,1.7805,28.6859
1,40.62413243,22.95144639,3.5233,29.2877
1,40.62459033,22.95086227,3.4007,29.3276
1,40.62502401,22.95034585,3.3258,29.4164
1,40.62553859,22.94976079,2.9743,29.3936
1,40.62600436,22.94959553,3.0922,29.3972
1,40.62555846,22.95024843,3.2925,29.4153
1,40.62510782,22.95084627,3.4609,29.3946
1,40.62475962,22.95147671,3.6747,29.6132
1,40.62437966,22.95211987,4.1118,29.9188
1,40.6242597,22.9530405,4.5331,30.3642
1,40.62479163,22.95302001,5.018,30.7141
1,40.62540395,22.95291524,5.5477,30.8766
1,40.6260329,22.95289721,6.0294,30.8817
1,40.6267763,22.95275602,6.3702,30.691
1,40.62708555,22.95219209,6.4642,30.2695
1,40.62727398,22.95153449,6.6116,29.5633
1,40.62759431,22.95084543,7.4953,29.3835
1,40.62703893,22.95035627,4.9225,29.2521
1,40.62636183,22.95016951,3.6784,29.26
1,40.626362,22.95110207,4.5663,29.5504
1,40.62637304,22.95235712,6.0327,30.5588
1,40.6269428,22.95320739,6.9584,30.7584
1,40.62781639,22.95323658,9.5305,30.6268
1,40.62895235,22.95338949,13.1621,30.5544
1,40.62997419,22.95353172,16.358,30.9963
1,40.62611469,22.95863234,20.9163,31.7017
1,40.6268142,22.95809934,18.8032,31.7462
1,40.62729831,22.95697768,16.4618,31.7849
1,40.62779732,22.95671208,16.5713,31.9348
1,40.62839523,22.95613379,16.7037,32.0198
1,40.62891429,22.95548576,16.3762,31.9786
1,40.62910868,22.95466668,15.6465,31.6748
1,40.63001549,22.95416638,18.2099,31.6809
1,40.62847457,22.95501157,14.4649,31.5806
1,40.6279009,22.95512347,13.6956,31.3797
1,40.62727403,22.95153485,6.6677,29.3273
1,40.62651216,22.95597656,14.4227,31.1698
1,40.6262618,22.95496743,12.2455,30.8339
1,40.62666182,22.95443339,10.4041,30.8382
1,40.62505757,22.95518228,9.5905,30.4029
1,40.62548339,22.95451082,8.2951,30.5509
1,40.62602608,22.95372887,6.8722,30.8488
1,40.62554344,22.95195992,4.836,30.2102
1,40.62608191,22.95260486,5.9335,30.754
1,40.62682785,22.95346946,7.1628,30.8274
1,40.62738659,22.95407567,10.144,30.9313
1,40.62820014,22.95509876,13.8787,31.4231
1,40.62875676,22.95592439,17.0068,32.0614
1,40.63201602,22.96249145,67.209,33.6102
1,40.63219107,22.96241221,66.619,33.511
1,40.63238319,22.96226168,65.666,33.4615
1,40.63248283,22.96197733,64.595,33.6715
1,40.63255527,22.96177661,64.291,33.9239
1,40.63275023,22.96160118,64.289,34.1035
1,40.63277955,22.96136282,64.033,34.3797
1,40.63288968,22.96115947,63.507,34.5148
1,40.63302518,22.96090037,61.486,34.5439
1,40.63311575,22.96071656,60.295,34.5447
1,40.63318154,22.96045395,58.829,34.5743
1,40.63322426,22.96022407,58.215,34.7204
1,40.63337467,22.95995388,57.517,34.9154
1,40.6333366,22.95967981,56.692,35.0197
1,40.63339014,22.95941677,56.024,35.1139
1,40.63348436,22.95919654,55.425,35.1595
1,40.63369647,22.95909664,54.818,35.1493
1,40.63382114,22.95891281,52.173,34.9132
1,40.63384467,22.95868003,50.034,34.8291
1,40.63386902,22.95838892,47.857,34.7253
1,40.63395966,22.95813354,44.681,34.4747
1,40.63396871,22.95792616,42.887,34.3699
1,40.63402517,22.95771933,40.568,34.1842
1,40.63409205,22.9574448,37.937,33.9215
1,40.63416748,22.95721,36.836,33.7953
1,40.63424219,22.95700466,36.226,33.6862
1,40.63162763,22.96270682,66.795,33.2145
1,40.63138019,22.96269478,66.01,33.3546
1,40.63119129,22.96263205,63.334,33.3406
1,40.63104773,22.96249452,60.75,33.3435
1,40.63094112,22.96245279,59.052,33.3597
1,40.63078185,22.96236245,56.443,33.338
1,40.63059959,22.96227706,53.441,33.268
1,40.63047266,22.96214224,50.632,33.2257
1,40.63033647,22.9619374,45.593,32.9868
1,40.6305353,22.96180501,45.499,32.898
1,40.63073359,22.96166961,45.357,32.9116
1,40.6309354,22.96151375,44.887,32.8572
1,40.63111969,22.96138971,45.351,33.0366
1,40.63133335,22.96121422,45.107,33.0281
1,40.63152642,22.96105586,45.08,33.061
1,40.63175086,22.96084417,44.981,33.1504
1,40.63192064,22.96065836,44.745,33.1483
1,40.63211681,22.96045001,44.745,33.2956
1,40.63230547,22.96024482,44.673,33.3211
1,40.63247898,22.96001318,44.417,33.2943
1,40.63264643,22.95978672,43.834,33.3494
1,40.63279461,22.95956204,43.226,33.4653
1,40.63295382,22.95931249,42.366,33.5381
1,40.6331225,22.95901573,41.516,33.6202
1,40.63323681,22.95878865,40.741,33.625
1,40.63337562,22.95852741,40.009,33.6129
1,40.63351038,22.95825127,39.179,33.6447
1,40.63364936,22.95801679,38.335,33.6516
1,40.63379484,22.95776095,37.837,33.751
1,40.63393776,22.95751466,36.959,33.6782
1,40.63408183,22.95728829,37.143,33.7015
1,40.63386953,22.95782267,41.464,34.0907
1,40.63367661,22.95823806,47.477,34.5335
1,40.63340937,22.95899578,53.15,34.8178
1,40.63304553,22.95965777,50.804,34.2294
1,40.63259472,22.96001699,49.014,33.6552
1,40.63263076,22.96037527,48.556,33.4112
1,40.63228253,22.96139732,58.88,33.8338
1,40.63200911,22.96175465,59.515,33.5271
1,40.63106858,22.96225539,56.424,33.2647
1,40.63088008,22.96196753,52.997,33.2432
1,40.62777778,22.96555556,51.783,33.0406
1,40.62722222,22.96583333,54.418,33.2209
1,40.62694444,22.96638889,57.657,33.3054
1,40.62666667,22.96694444,59.694,33.4651
1,40.62638889,22.9675,62.823,33.7851
1,40.62611111,22.96805556,64.996,33.648
1,40.62555556,22.96833333,64.276,33.7655
1,40.62527778,22.96833333,61.912,33.7549
1,40.62472222,22.96805556,58.481,33.6213
1,40.62444444,22.96805556,54.902,33.2662
1,40.62388889,22.96777778,51.535,32.9233
1,40.62333333,22.96777778,49.298,32.4982
1,40.62305556,22.9675,47.764,32.2869
1,40.6225,22.96722222,46.265,32.1331
1,40.62194444,22.96694444,45.42,31.8784
1,40.62166667,22.96694444,42.408,31.367
1,40.62122222,22.96652778,39.86,31.1128
1,40.62077778,22.96610833,37.126,30.9338
1,40.62038889,22.96563889,34.6,30.9346
1,40.62002778,22.96519444,32.749,31.0299
1,40.61963889,22.96469444,30.535,30.8101
1,40.61927778,22.96436111,29.028,30.5067
1,40.619,22.96383333,27.418,30.1323
1,40.61905556,22.96316667,25.696,29.6922
1,40.62008333,22.96269444,25.525,29.6991
1,40.62066667,22.96244444,25.831,29.8045
1,40.62119444,22.96241667,26.324,29.8932
1,40.62152778,22.96252778,26.301,30.0027
1,40.62213889,22.96247222,26.559,30.1878
1,40.6225,22.96244444,26.622,30.3856
1,40.62308333,22.96238889,26.867,30.6496
1,40.6235,22.96225,27.28,30.8874
1,40.62391667,22.96197222,26.906,31.1072
1,40.62447222,22.96155556,26.534,31.3462
1,40.62527778,22.96091667,25.461,31.4951
1,40.6255,22.96166667,31.285,31.8599
1,40.62558333,22.96225,35.184,32.1352
1,40.62558333,22.96288889,39.218,32.4062
1,40.62561111,22.9635,41.91,32.4239
1,40.62563889,22.96411111,44.355,32.3214
1,40.6255,22.96475,47.532,32.4549
1,40.62608333,22.96438889,47.316,32.5934
1,40.62655556,22.96408333,47.032,32.7801
1,40.62691667,22.96386111,46.927,32.8748
1,40.62730556,22.96358333,46.528,33.0334
1,40.62763889,22.96422222,47.526,33.6531
1,40.62779167,22.96472222,48.659,34.2836
1,40.62713889,22.96294444,42.373,33.8214
1,40.62695833,22.96247222,39.202,32.8732
1,40.62675,22.96191667,35.548,31.7287
1,40.62615278,22.96177778,34.481,32.8097
1,40.62597222,22.96223889,36.195,33.5834
1,40.62658333,22.96138889,32.046,32.8225
1,40.62644444,22.961,29.489,32.2448
1,40.62598611,22.96026389,24.499,28.4431
1,40.62565278,22.96063889,25.029,28.4603
1,40.62504444,22.96511111,47.71,32.322
1,40.62463889,22.96533333,47.645,32.2715
1,40.62423611,22.96563889,47.322,32.2522
1,40.62380556,22.96591667,47.09,32.2526
1,40.62336111,22.96622222,46.888,32.2143
1,40.623,22.96686111,46.732,32.1525
1,40.62255556,22.96675,46.354,32.0288
1,40.62513889,22.96375,40.839,32.0419
1,40.62469444,22.96402778,40.131,31.9121
1,40.62433333,22.96422222,39.723,31.7291
1,40.62390278,22.96461111,39.071,31.5469
1,40.62330556,22.96491667,34.43,31.0399
1,40.62527222,22.96445556,44.356,32.1519
1,40.62458333,22.96477778,43.438,31.9205
1,40.62388889,22.96513889,41.087,31.5598
1,40.62416667,22.96375,36.571,31.5661
1,40.62369444,22.96416667,36.197,31.3321
1,40.62325,22.96438889,33.948,30.9926
1,40.62397222,22.96333333,33.561,31.3933
1,40.62352778,22.96369444,33.52,31.1678
1,40.623,22.96386111,29.191,30.6984
1,40.62333333,22.96305556,30.122,30.9725
1,40.62255556,22.96311111,28.063,30.3839
1,40.62219444,22.96344444,32.071,30.7844
1,40.62236111,22.96413889,34.495,31.0275
1,40.62277778,22.9655,34.558,31.0496
1,40.62211111,22.96491667,37.454,31.2306
1,40.62172222,22.96552778,38.148,31.2155
1,40.62211111,22.96572222,39.417,31.4513
1,40.622,22.96661111,41.377,31.5468
1,40.62127778,22.96611111,38.707,31.1084
1,40.62122222,22.96513889,36.661,31.0642
1,40.62097222,22.96541667,36.643,30.9172
1,40.62069444,22.96525,33.651,30.8268
1,40.62091667,22.96469444,32.557,30.7427
1,40.62116667,22.96416667,31.333,30.6189
1,40.62147222,22.96355556,29.631,30.4316
1,40.62170833,22.96311111,28.399,30.3281
1,40.62072222,22.96375,30.667,30.5187
1,40.628,22.96627778,52.623,32.6346
1,40.62833333,22.96680556,55.686,32.2983
1,40.62847222,22.96744444,60.718,32.4082
1,40.62866667,22.96797222,68.802,32.7608
1,40.62911111,22.96841667,77.501,32.818
1,40.62861111,22.96886111,78.582,33.0602
1,40.62822222,22.96916667,74.794,32.7839
1,40.62772222,22.9695,76.059,33.3815
1,40.62727778,22.96952778,77.355,33.9596
1,40.62683333,22.96958333,74.987,34.1505
1,40.62622222,22.96955556,68.868,33.7937
1,40.62586111,22.96913889,66.285,33.6955
1,40.62775,22.96686111,58.872,32.9738
1,40.62780556,22.96766667,64.273,33.0308
1,40.62816667,22.96783333,66.108,32.8312
1,40.62838889,22.96858333,73.751,32.9022
1,40.63017456,22.96204067,87.376,46.278
1,40.62978889,22.96229878,87.461,46.3051
1,40.6293415,22.96258897,87.632,46.2647
1,40.62893786,22.962857,87.882,46.2736
1,40.62854239,22.96312039,87.907,46.2349
1,40.62811031,22.96341539,88.099,46.2289
1,40.62764939,22.96371336,88.272,46.1356
1,40.62780408,22.96417875,89.228,46.0691
1,40.62791175,22.96469781,90.405,46.1717
1,40.62792608,22.96530589,92.132,46.0342
1,40.62819703,22.96529219,92.35,46.1433
1,40.62871983,22.96490756,96.538,46.7133
1,40.62912806,22.96462819,97.328,46.7312
1,40.62965986,22.96394631,94.91,46.2032
1,40.62978036,22.96267825,89.442,46.2253
1,40.63018822,22.96235317,91.384,46.3793
1,40.63076681,22.96275119,100.018,46.3577
1,40.63140236,22.96286242,108.443,46.5422
1,40.63050806,22.96340214,100.574,45.9705
1,40.63032803,22.96441386,104.88,45.9664
1,40.62944928,22.96450542,98.549,46.511
1,40.62905633,22.96507222,97.746,46.5751
1,40.62917433,22.96559708,97.587,45.9272
1,40.63007033,22.96585636,106.859,45.5207
1,40.63071903,22.96498569,109.713,45.5533
1,40.63111819,22.96399625,114.273,46.1888
1,40.63150342,22.96514769,120.607,45.5537
1,40.63200825,22.96431528,122.12,45.8378
1,40.63220847,22.96359486,122.106,46.3351
1,40.63216139,22.96333783,114.994,45.9986
1,40.63171286,22.96306417,110.524,46.144
1,40.82110883,23.03172253,179.812,-19.7441
1,40.88725744,23.10502134,536.656,-14.505
1,40.92795886,23.17850647,567.656,3.17206
1,40.9626563,23.20538996,638.505,13.4578
1,40.99297308,23.27678595,559.884,16.4508
1,41.01323936,23.33698115,95.528,5.23655
1,41.02324341,23.36360265,25.552,-6.25543
1,41.01451984,23.43543576,15.38,-23.8237
1,41.05693517,23.42244368,15.706,-26.7464
1,41.07130114,23.46129782,15.408,-24.548
1,41.09629552,23.50161322,55.851,-3.0609
1,40.71332409,22.78176423,17.882,19.8086
1,40.70602769,22.77195917,9.195,15.8832
1,40.72921357,22.63971019,9.998,-4.57867
1,40.76331906,22.52809476,75.313,-6.65417
1,40.77582623,22.4246536,23.969,-3.19776
1,40.76286159,22.1590694,31.415,7.02353
1,40.62192591,22.07988022,235.785,-8.8361
1,40.55958986,22.58695186,3.909,-15.1672
1,40.58955284,22.46767638,12.289,-12.9744
1,40.54343446,22.31605731,21.26,-6.27232
1,40.5074977,22.22519582,85.887,-2.81112
1,40.62492808,22.96082825,25.25,31.137
1,40.61672087,22.96268268,21.51,28.4781
1,40.61262839,22.96370478,18.76,27.785
1,40.6041805,22.96860667,25.562,26.2511
1,40.59406836,22.97172342,39.461,25.4043
1,40.59406858,22.97172353,39.442,25.3982
1,40.58736417,22.97306231,60.401,20.2782
1,40.5843315,22.98206203,71.605,18.6225
1,40.57625908,22.98796653,75.334,15.5912
1,40.56722169,22.99652822,68.72,14.0567
1,40.56230342,23.00222475,77.999,12.2211
1,40.55701708,23.01170878,61.774,10.7587
1,40.55239956,23.017933,60.192,9.85601
1,40.54635467,23.02768278,55.499,10.3805
1,40.54083497,23.02460597,46.212,6.05198
1,40.53682497,23.03569931,61.635,8.65692
1,40.52981056,23.04312594,45.817,6.40847
1,40.52378756,23.05084675,40.205,2.82199
1,40.51852081,23.06317472,33.076,3.03812
1,40.5138415,23.07406803,36.633,3.94784
1,40.50656997,23.08895553,42.784,0.596348
1,40.50122028,23.09769353,48.37,-1.92402
1,40.49567958,23.08888842,36.564,-6.10014
1,40.48585764,23.0878805,52.089,-9.79447
1,40.47598431,23.08695844,88.01,-7.94193
1,40.47327544,23.09026225,94.615,-7.90964
1,40.46339994,23.09283646,177.453,-4.64819
1,40.45606986,23.09174636,254.254,-2.44574
1,40.44808014,23.08911411,264.564,-5.06633
1,40.43939624,23.094261,207.466,-4.57406
1,40.43264667,23.09839606,180.381,-4.05305
1,40.43802569,23.09092282,230.6,-5.19988
1,40.43316078,23.08045687,187.383,-6.80446
1,40.42954055,23.07485227,182.509,-7.09815
1,40.43224584,23.05780813,232.767,-6.30415
1,40.43334679,23.04660431,220.437,-5.56761
1,40.42653034,23.04299316,189.051,-7.93436
1,40.42690552,23.03286651,195.218,-8.89634
1,40.42784021,23.02476911,172.726,-8.81491
1,40.42089695,23.02250753,155.793,-9.26128
1,40.41387415,23.02265814,127.504,-9.19646
1,40.40575015,23.02665633,113.303,-10.4636
1,40.39844747,23.03157472,123.556,-10.4473
1,40.39573401,23.03523923,123.592,33.5049
1,40.39861331,23.0471907,110.56,-9.97488
1,40.39339737,23.05411942,107.565,-10.3719
1,40.60612861,22.96367735,14.8,25.08
1,40.60354604,22.96193052,22.7,28.5299
1,40.59433911,22.96485537,39.465,24.1957
1,40.5868983,22.97038893,43.914,19.9915
1,40.58400712,22.97377708,68.957,19.0334
1,40.57692904,22.97324537,47.863,15.7131
1,40.56802768,22.97681927,24.524,12.2932
1,40.56701185,22.98538943,49.055,11.9185
1,40.56396805,22.98863757,37.144,11.5497
1,40.56020112,22.99162574,31.429,10.4458
1,40.5539552,22.99882724,38.072,8.03101
1,40.54727357,23.00528137,30.993,5.74086
1,40.54269003,23.00609552,24.599,3.82497
1,40.53878766,23.00780238,23.966,2.95051
1,40.53007266,23.0126684,18.98,1.23544
1,40.52240912,23.01060763,8.86,-0.583821
1,40.51391687,23.00869934,10.266,-2.58729
1,40.50439923,23.00578312,22.198,-2.46913
1,40.49692028,23.00110984,38.5,-1.43947
1,40.48699569,22.99685739,98.909,-0.963284
1,40.48180889,22.99236874,145.119,-2.22066
1,40.46777587,22.99471326,190.054,-5.89777
1,40.458336,23.00070302,231.647,-8.499
1,40.44109255,23.0119964,220.807,-7.56963
1,40.43183323,23.01735561,187.468,-8.0584
1,40.38818784,23.03643491,110.289,-11.3223
1,40.34921583,23.06001523,69.444,-11.0874
1,40.31690788,23.0790288,54.985,-11.4289
1,40.28972573,23.14539913,24.236,-14.1372
1,40.28082004,23.19188412,17.376,-12.3726
1,40.48926216,23.12132846,55.756,-9.27763
1,40.48677488,23.12655992,58.884,-8.82764
1,40.48177612,23.13028843,60.36,-9.78669
1,40.47541995,23.13479931,72.496,-10.471
1,40.46694847,23.13239074,101.619,-9.22525
1,40.46053106,23.13469646,145.178,-8.14749
1,40.45347139,23.12989521,192.261,-10.1031
1,40.45298139,23.12132478,232.477,-7.13262
1,40.44648352,23.12024559,367.439,-6.83649
1,40.4440315,23.12812509,426.186,-6.23175
1,40.43793598,23.13518518,440.557,-6.28568
1,40.43329203,23.13198926,382.449,-7.51981
1,40.43227528,23.12444348,345.241,-6.78154
1,40.43767218,23.11241457,281.223,-6.96009
1,40.4309849,23.1002786,172.357,-10.23
1,40.43270494,23.09441889,210.96,-11.1601
1,40.42505916,23.09645017,201.981,-12.1863
1,40.41595761,23.09719256,174.701,-12.9098
1,40.40287035,23.10000826,112.51,-16.9589
1,40.39941438,23.09675273,107.39,-13.0545
1,40.39776729,23.09091513,96.786,-15.0988
1,40.39126642,23.06036955,114.768,-9.45976
1,40.39126642,23.06036955,114.768,-17.4234
1,40.43378844,23.13808708,415.346,-6.70394
1,40.43258878,23.14487805,454.879,-6.57489
1,40.42401752,23.14622698,408.039,-7.63328
1,40.41270834,23.14952568,347.1,-10.7161
1,40.40382783,23.15283037,261.017,-9.91263
1,40.3988623,23.15651769,282.65,-10.9881
1,40.39345147,23.15949784,286.34,-12.0766
1,40.38402354,23.16143953,316.572,-12.9969
1,40.37434556,23.16020604,286.122,-14.7083
1,40.36789523,23.15940751,253.435,-14.8002
1,40.36243972,23.1616322,226.012,-13.6414
1,40.36243745,23.16162104,225.973,-13.6976
1,40.38362604,23.16455648,209.439,-28.2106
1,40.38996911,23.16092998,176.865,-30.2524
1,40.2583942,23.27584289,25.379,-3.03433
1,40.27848589,23.26046738,46.332,-5.68543
1,40.29959137,23.22240019,60.885,-17.9615
1,40.30967745,23.20228456,114.259,-18.771
1,40.31631776,23.19532159,132.308,-15.7126
1,40.32319244,23.18483716,129.008,-14.178
1,40.33254304,23.17601103,124.206,-14.8211
1,40.33958135,23.16533096,150.888,-14.8504
1,40.35080333,23.16261754,193.699,-12.4823
1,40.36264718,23.16119368,227.27,-13.9115
1,40.36814179,23.15954717,253.603,-14.8262
1,40.37606502,23.1605524,293.767,-14.0794
1,40.38362604,23.16133908,317.474,-13.1467
1,40.38996911,23.06847992,121.056,-17.0483
1,40.39097269,23.07647155,128.405,-16.6973
1,40.39769452,23.05948941,140.101,-16.9692
1,40.40661099,23.0655075,188.365,-16.4902
1,40.34440672,23.01700033,11.55,-17.8027
1,40.34198256,23.02578528,24.043,-18.4734
1,40.34080518,23.03756141,17.182,-17.8467
1,40.33816259,23.0496534,27.224,-17.8748
1,40.33908098,23.05779625,30.948,-17.2975
1,40.35292522,23.05989995,78.879,-18.0559
1,40.35639463,23.06915073,45.418,-17.2384
1,40.35856197,23.08214809,70.196,-17.4306
1,40.35706204,23.09179267,125.814,-17.2971
1,40.36302901,23.09496162,149.569,-17.7068
1,40.37218236,23.09661032,186.745,-17.9941
1,40.37883113,23.09951982,213.66,-17.5626
1,40.38635575,23.10521497,235.152,-17.4698
1,40.39045153,23.11312902,235.916,-16.475
1,40.39597787,23.11942223,220.652,-13.4308
1,40.39292831,23.13166337,207.558,-13.2081
1,40.39204375,23.14170282,200.219,-12.7008
1,40.39475431,23.15004953,217.494,-12.0404
1,40.39552231,23.15727421,268.345,-10.8252
1,40.33556692,23.15391991,119.101,-17.796
1,40.33041076,23.14084968,77.215,-19.1201
1,40.32831067,23.12990458,58.016,-18.564
1,40.32726497,23.11705992,39.898,-17.3675
1,40.32466683,23.10300868,84.1,-18.3611
1,40.31993035,23.09071426,52.394,-17.5641
1,40.6239043,22.95267484,47.153,36.4188
1,40.61572772,22.95253984,25.134,28.8266
1,40.60700083,22.95099637,14.339,21.1637
1,40.59791039,22.95077258,15.885,18.2879
1,40.59043914,22.94653758,31.098,19.7835
1,40.58478972,22.93736389,51.307,20.9617
1,40.57819058,22.94321838,59.584,21.0752
1,40.57070061,22.95452613,120.291,40.6303
1,40.56604315,22.9632578,153.175,49.7611
1,40.56733649,22.97248912,172.964,52.9068
1,40.55876181,22.97687634,194.811,57.3198
1,40.54855701,22.98296681,232.975,68.7554
1,40.53874758,22.99041619,220.345,61.1967
1,40.52958439,22.99498053,216.02,58.1111
1,40.51978476,22.99360004,23.504,-1.86064
1,40.51338598,22.98669934,81.462,15.318
1,40.50560345,22.97384894,122.974,27.6373
1,40.50026435,22.96260389,144.293,31.8591
1,40.50113863,22.95062548,170.246,40.1905
1,40.50160301,22.93685617,144.663,34.4659
1,40.50237199,22.91360315,127.866,30.5416
1,40.49966204,22.90263286,118.945,27.6651
1,40.5001002,22.89235407,128.027,30.3118
1,40.49873869,22.88055705,93.237,18.7946
1,40.49518133,22.87227964,55.703,-2.62741
1,40.49245007,22.85824002,5.156,-27.4413
1,40.49780725,22.84730198,101.811,3.35701
1,40.49475278,22.82615169,76.836,9.70462
1,40.49568506,22.81786796,56.546,4.00474
1,40.49670399,22.83687476,53.486,-5.10594
1,40.31770088,23.06231503,55.313,-4.2901
1,40.30050049,23.09123906,30.24,-12.7058
1,40.29936056,23.10203102,25.179,-12.3026
1,40.29498479,23.11345234,22.871,-12.6474
1,40.29128395,23.1234751,13.763,-15.9923
1,40.28285776,23.1355173,19.448,-18.6509
1,40.27890037,23.14563129,14.455,-21.1473
1,40.28385302,23.14704886,25.768,-16.4667
1,40.53133031,23.03728943,47.153,-0.549479
1,40.5256206,23.03151301,25.134,-5.11057
1,40.51686783,23.02953871,14.339,-9.39701
1,40.5093484,23.02758099,15.885,-11.3489
1,40.50044361,23.02618537,31.098,-11.6904
1,40.49110551,23.02396314,51.307,-9.24513
1,40.48531886,23.02308682,59.584,-8.39332
1,40.47967478,23.02741924,120.291,-8.29142
1,40.47292885,23.03259881,153.175,-7.98695
1,40.46484445,23.03633797,172.964,-9.16894
1,40.45634152,23.03922913,194.811,-5.9271
1,40.44399621,23.04255594,232.975,-7.96488
1,40.43819243,23.03220143,220.345,-12.4925
1,40.43290903,23.02892122,216.02,-14.6293
1,40.49944582,22.95008394,23.504,-5.381
1,40.48754716,22.95326098,81.462,-6.68128
1,40.4795285,22.95630809,122.974,-8.65987
1,40.47216306,22.95634969,144.293,-10.6884
1,40.46689653,22.95275913,170.246,-11.9854
1,40.46514508,22.94095576,144.663,-12.285
1,40.46155754,22.92478843,127.866,-13.3474
1,40.46167562,22.91174161,118.945,-13.5765
1,40.46904199,22.89865878,128.027,-12.4873
1,40.46481123,22.88443933,93.237,-13.6507
1,40.46351585,22.86937527,55.703,-14.5576
1,40.46574373,22.85672545,5.156,-14.2202
1,40.45629671,22.94092256,101.811,-12.9557
1,40.44764396,22.93725577,76.836,-13.5165
1,40.43883151,22.93219013,56.546,-14.3918
1,40.4326643,22.92795099,53.486,-14.9876
1,40.42604565,22.92981297,55.313,-15.3302
1,40.41702511,22.93890344,65.598,-16.4784
1,40.40940595,22.94809136,46.059,-16.2819
1,40.40123258,22.95546507,30.24,-16.6477
1,40.39116588,22.9597856,25.179,-16.6364
1,40.38318406,22.96545318,22.871,-16.9504
1,40.37611947,22.97548584,13.763,-17.0161
1,40.36851803,22.98578226,13.031,-17.7291
1,40.36074024,22.9954064,19.448,-18.0188
1,40.35419283,23.00462359,14.455,-17.9945
1,40.3455346,23.01327349,4.89,-17.8759
1,40.29048563,23.1543402,25.768,-20.7627
1,40.29466453,23.16549242,33.858,-20.0715
1,40.29877496,23.17625705,48.833,-18.8221
1,40.30353718,23.19001074,76.401,-18.9022
1,40.30652732,23.20080728,97.463,-19.4356
1,40.30002084,23.20217974,74.353,-19.3697
1,40.29096614,23.19824057,43.848,-18.7673
1,40.2824072,23.19313039,19.635,-18.49
1,40.27417322,23.18564535,8.205,-19.4335
1,40.26862225,23.1821543,2,-19.8058
1,40.26714361,23.1945368,7.123,-18.1172
1,40.26454638,23.20320073,6.052,-16.4066
1,40.26335562,23.21421941,29.426,-13.9473
1,40.26011715,23.22519112,7.721,-11.4739
1,40.25574077,23.23320223,5.828,-10.2131
1,40.25222764,23.24682375,2.339,-8.67837
1,40.25449801,23.25287588,5.438,-7.37745
1,40.26205745,23.25976521,11.577,-5.88614
1,40.27318871,23.26510834,22.196,-5.02316
1,40.26881126,23.27231014,21.249,-4.24957
1,40.55330559,23.03035857,83.724,16.007
1,40.55189475,23.04028753,120.109,16.5744
1,40.55073594,23.04980198,145.08,20.1456
1,40.54332534,23.0492902,118.483,18.82
1,40.53664938,23.05223029,113.316,16.364
1,40.52840421,23.04891294,50.858,6.34642
1,40.51857607,23.06695837,36.398,5.15832
1,40.52543448,23.07147184,99.9,9.99903
1,40.53053402,23.0713662,119.818,13.3512
1,40.50771767,23.09318281,50.604,1.60013
1,40.51272757,23.10339037,82.165,7.02814
1,40.5167438,23.11000891,122.895,12.2227
1,40.51208529,23.11070786,96.104,8.21855
1,40.51092531,23.12083074,99.873,8.7946
1,40.50988701,23.13312237,102.73,14.523
1,40.51614051,23.1379198,136.478,19.1253
1,40.51841039,23.14757469,212.586,21.053
1,40.52087973,23.15688322,285.745,18.3781
1,40.53004207,23.15908249,350.887,17.6314
1,40.53497551,23.16347998,421.978,19.7871
1,40.54349919,23.16174076,497.221,19.9121
1,40.54807991,23.16663793,561.511,18.9672
1,40.55435523,23.16621386,660.643,19.9571
1,40.56405771,23.169732,666.701,19.0102
1,40.572853,23.17103952,682.269,15.4844
1,40.57842861,23.17037084,620.786,15.4269
1,40.58270317,23.17593933,546.182,12.4341
1,40.58686143,23.18157499,455.611,9.13703
1,40.58985598,23.19033686,370.219,5.44496
1,40.59338971,23.18652491,315.519,6.40448
1,40.59455942,23.17980469,378.408,6.529
1,40.59953501,23.17987479,323.888,5.98736
1,40.61046776,23.1810986,263.037,-1.09505
1,40.62364463,23.19131896,220.515,-4.72522
1,40.63276548,23.19643045,124.436,-9.04941
1,40.63765172,23.18807062,110.376,-9.2341
1,40.48667918,23.1375629,66.793,2.67258
1,40.48421026,23.14674789,72.604,7.62156
1,40.479878,23.15684283,81.877,11.511
1,40.47481552,23.16743551,93.44,12.5102
1,40.47199264,23.17703777,104.792,12.2265
1,40.46912185,23.18870434,123.641,11.3505
1,40.46743387,23.20028001,147.804,10.4814
1,40.46785028,23.2105377,173.428,13.4607
1,40.46696516,23.22315335,219.546,12.319
1,40.46634472,23.23368159,261.229,11.5094
1,40.46711114,23.24830083,306.328,9.32214
1,40.4650402,23.26104973,329.226,6.1665
1,40.4621917,23.27702893,360.31,3.18511
1,40.45735062,23.29104762,389.547,0.945657
1,40.45549632,23.30352534,428.214,-0.984439
1,40.45502242,23.31685182,479.435,-0.189301
1,40.46177645,23.32753325,538.927,-4.07193
1,40.46265042,23.33759522,526.499,-4.06664
1,40.46252861,23.34732009,509.095,-4.79101
1,40.46486395,23.36179768,473.983,-7.2311
1,40.46280766,23.3740279,449.592,-6.73893
1,40.46091725,23.38687277,422.291,-8.29655
1,40.4587801,23.40144522,473.332,-6.11378
1,40.45183819,23.41415251,473.686,-4.90038
1,40.4414294,23.42302629,528.797,-5.92833
1,40.43065062,23.41716863,518.188,-5.66663
1,40.42142525,23.42092204,512.533,-3.58189
1,40.41295588,23.42130809,573.552,-2.13875
1,40.40391398,23.42169726,632.938,-1.01077
1,40.39638022,23.42761216,609.462,-1.30587
1,40.39088135,23.43611679,571.51,-1.56449
1,40.38426383,23.44432971,570.477,-1.75299
1,40.37836491,23.45133296,571.102,-1.17396
1,40.37029063,23.44780178,526.998,1.69583
1,40.36322121,23.44059734,479.711,7.25845
1,40.35588406,23.44150165,480.602,9.02305
1,40.34882031,23.44785184,410.824,12.9337
1,40.33995939,23.45290245,336.129,15.8788
1,40.33039105,23.4525077,267.812,21.8057
1,40.32548625,23.46272221,221.517,22.4029
1,40.32041214,23.47647875,229.702,23.897
1,40.31856062,23.49069275,257.248,23.7082
1,40.31189168,23.5024269,216.732,26.4001
1,40.3033823,23.5107731,156.821,28.4977
1,40.30140465,23.51551282,148.877,28.645
1,40.29670908,23.52553975,127.419,26.6213
1,40.29370187,23.53371655,68.001,26.6632
1,40.29181434,23.54450881,21.924,23.2668
1,40.66575061,23.11051999,91.515,-7.98875
1,40.66170451,23.12137122,93.04,-7.66139
1,40.65716676,23.13296518,103.496,-8.3154
1,40.65653075,23.14359371,96.324,-9.27106
1,40.65499788,23.15650327,91.501,-10.3422
1,40.6518454,23.16532646,94.844,-10.0767
1,40.6447683,23.17948373,99.259,-10.1595
1,40.63773392,23.18767596,110.61,-9.16386
1,40.63506177,23.19430138,112.501,-9.25199
1,40.63137794,23.20609013,119.136,-9.98453
1,40.63059177,23.21733394,123.196,-10.4636
1,40.62187497,23.22167675,177.007,-7.73096
1,40.61022736,23.22312982,221.906,-9.91846
1,40.59931851,23.2250882,223.864,-8.10175
1,40.59409814,23.23376471,215.87,-7.27719
1,40.59035084,23.24404857,206.397,-7.34967
1,40.58800462,23.25337505,179.558,-6.30478
1,40.58267855,23.26228543,202.833,-7.30739
1,40.57645272,23.27647966,198.791,-7.30132
1,40.57260337,23.28717218,202.631,-7.57331
1,40.56644406,23.28916267,208.194,-7.48365
1,40.55782492,23.29883845,227.859,-7.4146
1,40.55649785,23.31203022,215.817,-7.44293
1,40.54821854,23.32214938,265.234,-6.69619
1,40.53908158,23.32884218,351.035,-5.54687
1,40.52925277,23.33455804,288.237,-5.53145
1,40.52556744,23.3450908,267.223,-6.57305
1,40.51814245,23.34686604,286.969,-9.15146
1,40.51234757,23.35211239,330.711,-8.82309
1,40.5122969,23.36411113,303.76,-10.6043
1,40.50906349,23.37160063,291.302,-8.85325
1,40.50420374,23.38064628,301.529,-8.68514
1,40.49832944,23.38523088,389.55,-7.68999
1,40.49118618,23.39035409,478.951,-8.03905
1,40.48812781,23.3999,547.812,-5.33455
1,40.48999532,23.41096308,520.541,-7.11002
1,40.49097179,23.41964053,452.911,-6.05766
1,40.49691305,23.4235039,420.388,-7.37289
1,40.5002544,23.43617086,402.036,-9.50158
1,40.50170927,23.44464002,387.989,-8.01514
1,40.50334716,23.45599132,352.864,-9.11551
1,40.50657775,23.46470044,323.253,-8.69001
1,40.50391446,23.47820074,310.675,-10.0528
1,40.49984086,23.49414719,373.707,-10.8674
1,40.50033796,23.51097607,445.496,-10.3859
1,40.50206925,23.52735446,375.198,-7.32879
1,40.50551503,23.5366633,429.348,-6.16224
1,40.50342511,23.5571345,525.731,-5.6443
1,40.50024046,23.56876621,501.58,-3.7411
1,40.49484053,23.5800296,619.861,-3.5832
1,40.49001041,23.58161425,638.847,-4.11921
1,40.48623867,23.58665003,636.382,-3.90646
1,40.48863318,23.59535352,588.032,-1.95076
1,40.36958786,23.45868024,589.043,-0.599798
1,40.36958792,23.45868038,589.036,12.3874
1,40.3597452,23.4700156,538.138,1.33959
1,40.35604526,23.47791098,538.864,-2.10665
1,40.35325307,23.48280417,558.731,3.60856
1,40.3529402,23.48875723,550.158,15.5068
1,40.36860848,23.49483777,450.981,-8.2803
1,40.36894434,23.50549727,470.734,-10.1183
1,40.37438856,23.51785508,487.601,-1.72153
1,40.37425092,23.53176969,466.01,-2.58774
1,40.3708385,23.53725172,456.27,-0.89813
1,40.36934985,23.54803266,434.558,-0.623148
1,40.36450426,23.55964366,410.256,-1.92577
1,40.3623383,23.57219462,391.268,0.79422
1,40.3541205,23.58472231,351.755,-1.32592
1,40.35792046,23.59636269,319.67,14.5522
1,40.37073154,23.60847007,203.964,-3.91259
1,40.37562636,23.61391063,190.766,0.0434814
1,40.37213525,23.62740933,155.806,0.125793
1,40.36827745,23.65589402,111.834,-8.84053
1,40.37011545,23.67179002,133.11,-9.58081
1,40.373795,23.6814432,153.612,-8.80781
1,40.38968116,23.68483621,195.027,-5.52996
1,40.40146062,23.6824131,269.11,-2.94873
1,40.41304911,23.69440657,381.601,0.459223
1,40.4219898,23.68750709,376.098,0.30589
1,40.43114498,23.67852455,403.486,1.14181
1,40.44191948,23.67863248,423.366,3.1257
1,40.36931779,23.6902203,134.634,-9.47107
1,40.37849878,23.69725101,146.911,-7.91045
1,40.38527148,23.70901535,161.672,-4.84518
1,40.38220755,23.72491864,222.715,-4.93901
1,40.49535452,23.11418017,57.977,-1.81269
1,40.49908024,23.1188595,66.04,2.07079
1,40.50179168,23.12578559,77.727,6.10506
1,40.50585185,23.13076006,90.068,11.0154
1,40.50900795,23.14106908,118.705,18.3521
1,40.50981581,23.15398671,175.637,21.3333
1,40.5116269,23.16604389,267.489,21.0658
1,40.51381184,23.17250594,318.892,21.0283
1,40.51680139,23.1818208,385.648,21.665
1,40.52430387,23.18744666,501.529,20.986
1,40.52227716,23.19638715,611.811,18.919
1,40.51926633,23.20332803,720.395,19.609
1,40.52074314,23.21319194,759.663,17.5352
1,40.51335643,23.21491701,773.706,17.454
1,40.50892408,23.22127188,767.084,18.1062
1,40.50129164,23.23444576,781.323,17.1729
1,40.50759529,23.258359,833.41,10.7848
1,40.5110594,23.26653794,757.257,7.9033
1,40.51716733,23.26958962,644.782,6.1251
1,40.52031674,23.27640535,573.894,3.92857
1,40.51761538,23.28571542,518.755,1.33301
1,40.51631003,23.29406719,503.016,-0.201963
1,40.50952215,23.3037468,424.355,-4.08543
1,40.51170633,23.31826238,433.739,-6.84338
1,40.5191768,23.32987042,375.583,-6.40108
1,40.52092979,23.33887899,290.744,-7.80573
1,40.5165397,23.34688921,297.77,-8.66069
1,40.51306639,23.35649418,304.877,-10.0539
1,40.51074335,23.36915576,291.166,-8.99489
1,40.50420288,23.38063635,301.447,-8.44656
1,40.5014944,23.39568333,326.434,-8.77962
1,40.49955397,23.41244486,334.414,-9.64275
1,40.49928395,23.42130133,366.349,-8.8673
1,40.49995447,23.43065743,400.846,-8.41404
1,40.48873375,23.60587904,565.069,1.40965
1,40.48821311,23.61453276,549.073,3.31684
1,40.48551083,23.62485146,530.361,5.03878
1,40.4855014,23.63466689,520.934,4.90396
1,40.48990374,23.6457741,522.75,4.21414
1,40.49666786,23.65511356,530.589,5.66238
1,40.50345836,23.66503503,542.805,5.5724
1,40.5099049,23.68069143,552.253,5.91627
1,40.52028836,23.69546166,554.459,4.90951
1,40.52767754,23.70733985,570.316,4.01383
1,40.52521303,23.72495033,510.085,2.60922
1,40.52834538,23.74326882,539.961,2.88188
1,40.53002052,23.7522745,503.216,1.46809
1,40.52492025,23.76507824,445.806,4.27521
1,40.51819896,23.77324851,402.321,5.99882
1,40.50995344,23.78565857,263.615,7.75414
1,40.51165615,23.79521695,150.326,7.37678
1,40.50327603,23.79936639,89.091,8.94574
1,40.51152804,23.8147521,35.981,8.501
1,40.51206538,23.82428987,5.115,9.08125
1,40.49867265,23.82003097,66.131,13.4207
1,40.48722312,23.81910879,3.477,20.2394
1,40.47525553,23.81939669,2.151,19.8491
1,40.46541233,23.81862918,6.824,20.2685
1,40.45691908,23.81564448,9.395,16.428
1,40.43397293,23.84263474,28.849,18.5233
1,40.42315995,23.84789258,7.912,11.4479
1,40.41123594,23.85909475,14.604,8.65703
1,40.40162586,23.86795584,6.518,3.61357
1,40.397221,23.87544805,4.488,3.30863
1,40.38962118,23.86210051,43.557,11.1637
1,40.37918215,23.84462545,138.045,22.5114
1,40.38074268,23.83196857,224.853,17.2763
1,40.38684347,23.81604347,198.774,-3.67466
1,40.39534002,23.79422483,92.092,-22.1766
1,40.3953667,23.7947998,175.1,26.331
1,40.38531897,23.78703478,59.282,0.428344
1,40.37247837,23.7949419,123.192,1.61324
1,40.3666285,23.81062302,108.091,-0.258676
1,40.3658888,23.83193272,3.061,-0.670227
1,40.394702,23.78618737,75.743,1.51602
1,40.38658313,23.76199423,141.272,-0.259868
1,40.38314932,23.73325723,258.615,-3.37276
1,40.36827258,23.69561675,148.969,-8.66123
1,40.36070721,23.70191553,154.278,-9.20231
1,40.34548223,23.71335758,167.927,-10.4987
1,40.33603966,23.72023694,1.424,-14.9667
1,40.33556379,23.71422662,5.358,-14.469
1,40.33359391,23.70608087,3.305,-14.6926
1,40.32743638,23.70594599,39.329,-14.8548
1,40.31230033,23.69574275,3.122,-22.3132
1,40.30295331,23.6923001,19.984,-23.4815
1,40.31187978,23.6772365,131.517,-20.7543
1,40.31719478,23.66786008,130.294,-19.5445
1,40.32288561,23.65775892,136.837,-17.5824
1,40.44096942,23.43469378,577.424,-4.9458
1,40.43897574,23.44160221,603.601,-5.14917
1,40.43326518,23.45254842,644.969,-5.55445
1,40.4245491,23.4630699,676.7,-5.62558
1,40.426075,23.47332,701.9,-12.0251
1,40.42246648,23.48353738,769.102,-3.51132
1,40.41836275,23.49524568,872.256,-3.43367
1,40.42261738,23.50879344,798.48,-3.60341
1,40.42828382,23.51227606,730.671,-5.12188
1,40.42863181,23.51901207,673.108,-5.58305
1,40.43281621,23.50646987,855.407,-21.8642
1,40.43705451,23.51035317,920.728,-4.47918
1,40.4428635,23.5151806,955.2,3.52107
1,40.44957242,23.51738075,999.506,-4.82352
1,40.45348531,23.51945706,1023.781,-4.7626
1,40.4605522,23.5243359,1002,-5.36628
1,40.4652443,23.5568409,980.9,-8.51368
1,40.47823534,23.58102088,802.081,-4.92563
1,40.48191846,23.57714866,733.947,-6.56239
1,40.4867389,23.58479018,646.234,-3.65595
1,40.47708339,23.64625152,525.642,4.78484
1,40.46367841,23.65223521,572.698,5.96043
1,40.44933572,23.66632348,532.656,3.76344
1,40.44547882,23.67524941,464.168,4.12992
1,40.3598741,23.66584266,151.178,-8.16446
1,40.3494356,23.66085057,151.135,-11.1873
1,40.33534366,23.6601307,132.138,-14.5738
1,40.23901832,23.60365877,40.043,8.40052
1,40.24495857,23.61115789,82.927,1.56195
1,40.2575416,23.61464333,142.24,-1.91148
1,40.26655518,23.60608689,201.804,-0.693104
1,40.28027629,23.60755907,307.56,-3.8272
1,40.28321803,23.6227254,292.333,-10.7098
1,40.29445428,23.63760833,361.555,-15.7388
1,40.30728041,23.64748668,296.21,-18.1517
1,40.32071856,23.65556498,152.885,-18.3919
1,40.2578048,23.55859883,43.38,32.4532
1,40.2687,23.55729067,12.581,27.8595
1,40.27670058,23.55685041,11.258,26.2839
1,40.28622221,23.55878934,15.395,19.0616
1,40.29122538,23.55098736,16.063,20.4672
1,40.34595938,23.31264504,160.439,3.15613
1,40.3385694,23.3080827,141.805,3.39264
1,40.33356776,23.29164898,160.932,-0.977224
1,40.32251702,23.27860347,146.678,-2.82708
1,40.32484503,23.26872713,109.851,-5.51886
1,40.30851626,23.26998755,89.867,-3.08831
1,40.30020034,23.26395083,88.959,-0.95349
1,40.28568659,23.25379341,59.915,-0.32422
1,40.26918974,23.20513468,18.629,-9.83017
1,40.27573792,23.2127664,28.542,-8.57928
1,40.28336575,23.22175061,39.721,-7.80548
1,40.28916774,23.22950709,49.765,-7.33681
1,40.30356691,23.23435945,64.16,-10.8071
1,40.31183855,23.23747702,88.272,-12.0898
1,40.32386586,23.24301453,120.578,-10.3292
1,40.71357292,23.02972593,95.915,-5.82128
1,40.71605399,23.01644717,116.281,-1.3898
1,40.71995146,23.00709609,133.666,1.54143
1,40.72474278,22.99678691,174.95,3.65007
1,40.72639453,22.98938145,220.819,6.59128
1,40.72397692,22.98121871,246.805,7.584
1,40.71419819,22.98848728,348.684,8.32256
1,40.70856154,22.99678621,362.07,7.82143
1,40.69948215,23.000398,396.04,9.62298
1,40.69332081,23.0037648,409.912,10.312
1,40.69011804,22.99846394,348.339,11.5057
1,40.68479791,22.99712144,373.128,13.9087
1,40.67930261,22.98880709,347.31,19.4745
1,40.66693758,22.98620725,230.608,25.0812
1,40.66028081,22.9797662,175.378,21.8431
1,40.65275555,22.99598023,247.9,20.9593
1,40.64709206,23.00696316,290.192,21.271
1,40.64230606,23.0170207,329.44,18.1677
1,40.63768888,23.0339687,396.013,16.6654
1,40.6294764,23.04580431,478.072,17.8895
1,40.62637465,23.05927325,522.254,17.8607
1,40.62340803,23.07385111,502.215,18.4601
1,40.61900488,23.0859449,490.094,17.6148
1,40.61617959,23.09508783,497.239,17.5277
1,40.60837957,23.09986184,559.083,19.3583
1,40.6055804,23.10039473,627.443,21.3529
1,40.59167717,23.09409258,786.132,26.4135
1,40.74494731,22.98607614,113.713,-3.4234
1,40.75246837,22.98859174,112.39,-4.59182
1,40.75573457,22.98081608,122.411,-2.98707
1,40.76354118,22.96315307,145.732,0.974906
1,40.76700365,22.95589875,158.846,2.70981
1,40.77077493,22.95107989,165.864,3.26335
1,40.78223533,22.94462153,207.196,2.1024
1,40.78983473,22.9470768,233.31,1.76239
1,40.79634312,22.94868177,234.684,1.81815
1,40.80633353,22.94700213,194.968,1.70491
1,40.816295,22.93786715,147.665,-0.0799388
1,40.82623083,22.92347019,119.179,-0.481815
1,40.83335666,22.9149345,101.896,0.338071
1,40.83928909,22.90710069,102.973,1.16178
1,40.84841449,22.90527165,88.373,1.83148
1,40.8573177,22.90958888,91.748,0.0992049
1,40.86596266,22.90988768,90.707,-1.55186
1,40.87851585,22.91027338,101.198,-3.37756
1,40.88358864,22.91442294,101.721,-5.07312
1,40.88689364,22.91546098,104.351,-6.0762
1,40.89447731,22.91449779,108.125,-6.5483
1,40.90456081,22.90970526,115.104,-6.5024
1,40.91254172,22.90089571,111.571,-8.30131
1,40.91887426,22.89580564,119.884,-10.5993
1,40.94000259,22.88582898,170.374,-11.9698
1,40.94242404,22.89391081,165.262,-11.8531
1,40.96441344,22.88687974,211.767,-14.3093
1,40.97446656,22.88171671,244.359,-13.6512
1,40.98155135,22.87813275,259.498,-13.3007
1,40.98673948,22.87374545,257.88,-13.2972
1,40.9887812,22.87853022,266.308,-14.0107
1,40.99123939,22.88235706,256.129,-13.816
1,40.99370528,22.88431281,268.184,-13.1323
1,40.99752853,22.88459656,269.58,-12.3404
1,41.00237707,22.88509726,284.091,-11.6686
1,41.00229313,22.88223648,284.005,-10.8392
1,41.00135858,22.8793831,295.473,-10.3739
1,40.99704547,22.8741477,306.141,-9.08866
1,40.99807328,22.87222934,310.464,-9.32125
1,40.99948611,22.86781319,297.052,-9.45086
1,40.99779779,22.86311821,268.142,-9.24306
1,40.99449377,22.87820029,270.328,-11.4476
1,40.99955195,22.85628209,258.6535,-7.66771
1,41.00376169,22.84803136,263.2452,-6.54427
1,41.00792089,22.83985164,281.345,-5.97646
1,41.0168506,22.82900285,220.7138,-6.17612
1,41.02274527,22.81075118,141.3694,-5.46713
1,41.02906829,22.80676422,118.6601,-5.80693
1,41.04039998,22.80370267,114.0842,-6.6481
1,41.04812048,22.80015605,107.8336,-5.76515
1,41.05598093,22.79748353,104.0728,-5.80806
1,41.06949212,22.79649,104.2332,-5.13418
1,41.08753791,22.79696006,106.9393,-4.14399
1,41.10568017,22.79508271,117.5096,-3.77136
1,41.12246593,22.79504858,145.8968,-1.54902
1,41.13804442,22.79666322,208.274,-0.792291
1,41.15298747,22.79692578,200.3658,-0.532048
1,41.16487749,22.79626691,186.6602,0.0711848
1,41.17070835,22.78996145,171.3307,0.405483
1,41.17675803,22.77207827,153.6534,-2.61828
1,41.17959909,22.76200584,148.5336,-2.65161
1,41.00259587,22.89084701,265.2055,-11.7866
1,40.99648885,22.91200385,252.8638,-8.21846
1,40.99131128,22.92850287,214.8808,-9.45933
1,40.99490117,22.94642254,180.8745,-5.20764
1,41.00623421,22.95140953,195.5916,-3.02881
1,41.02068729,22.9567076,205.487,-0.797358
1,41.02403929,22.95682927,133.1498,-24.2452
1,41.04427779,22.96524262,254.9326,3.51247
1,41.05163236,22.98051776,247.9307,5.31536
1,41.0638071,23.00145118,283.3561,8.71499
1,41.08209667,23.02281555,347.6035,10.7669
1,41.09016205,23.03476215,385.102,10.203
1,41.08175112,23.04148438,333.3624,9.84661
1,41.07368975,23.0628885,367.1385,9.88177
1,41.0728302,23.07830972,404.7631,12.6417
1,41.08006451,23.09532711,509.0271,13.3671
1,41.09054847,23.1092937,590.1256,12.3479
1,41.08927246,23.12736979,638.6514,13.4685
1,40.98429189,22.86474042,260.3742,-11.1305
1,40.9893046,22.86777109,274.2994,-11.0312
1,40.99402425,22.87026938,272.8347,-10.9281
1,40.99280885,22.86796551,277.1964,-10.4533
1,40.9868558,22.86617218,266.302,-10.9219
1,40.98273517,22.86278479,258.668,-10.6156
1,40.98273517,22.86278479,258.6676,-5.55864
1,40.96877199,22.85612759,222.3448,-10.1674
1,40.96154262,22.85180408,213.6927,-9.43222
1,40.95545481,22.84568139,200.1497,-9.81823
1,40.9497697,22.84423731,189.6944,-9.11644
1,40.94437652,22.84414795,189.5174,-8.79822
1,40.93773407,22.83883758,185.522,-5.11773
1,40.92897056,22.82944282,192.6531,-2.76937
1,40.92367299,22.82065022,190.7643,-0.528561
1,40.91632349,22.81836339,196.2277,0.769492
1,40.90813994,22.82116569,188.7754,2.65552
1,40.89798194,22.82551357,182.5311,3.25707
1,40.88716116,22.82011552,157.9612,3.94702
1,40.88156739,22.80968707,139.6076,5.67498
1,40.87684339,22.79445158,108.2437,6.78938
1,40.86650951,22.78869618,68.5427,3.77322
1,40.8520641,22.77976736,58.4472,3.09892
1,40.84496019,22.77606783,67.8573,4.06281
1,40.84421152,22.77169517,70.1532,3.93173
1,40.84173649,22.75930574,71.8186,4.043
1,40.83848503,22.74468681,77.6794,3.34512
1,40.83076031,22.73294903,90.5296,2.49958
1,40.82761929,22.72345261,95.8303,2.76471
1,40.81969878,22.72644947,115.7486,2.37749
1,40.81248841,22.72666673,136.4311,2.69669
1,40.79939634,22.7287333,188.6878,4.41951
1,40.79436092,22.7306077,199.8041,5.45859
1,40.78757845,22.72514464,182.9492,6.07789
1,40.78133719,22.72127709,160.0251,6.35074
1,40.77267885,22.7118671,121.5286,6.2642
1,40.76556666,22.7071956,89.4511,6.4882
1,40.75749961,22.70534475,83.7888,6.9304
1,40.75085947,22.70612861,73.16,6.65574
1,40.73874109,22.70449948,39.995,6.24551
1,40.73204878,22.70268399,34.0458,4.80763
1,40.72632482,22.69590428,11.3946,3.07515
1,40.72264995,22.68774766,9.3724,0.870587
1,40.7274711,22.67262896,11.0971,-0.370245
1,40.72921417,22.63969193,9.9481,-4.79416
1,40.7326425,22.62847726,9.5217,-5.64682
1,40.72267137,22.68782894,9.3921,0.865861
1,40.72747058,22.67263808,11.111,1.03536
1,40.73328106,22.61568647,11.3944,2.48051
1,40.73315851,22.60286188,10.238,-6.40898
1,40.73476892,22.58543156,23.3316,-4.46517
1,40.73566327,22.57578593,9.7457,-10.8986
1,40.74097049,22.55152565,20.5079,-6.40516
1,40.74859853,22.53285116,15.0775,-10.1019
1,40.75372259,22.51901301,17.1899,-7.12172
1,40.76040463,22.49825514,11.8556,-8.24505
1,40.76137663,22.48602008,16.1916,-2.18918
1,40.76245168,22.47413092,17.6441,-2.38818
1,40.76468643,22.46083099,17.5677,-3.0622
1,40.7648366,22.44860596,12.2214,-3.9748
1,40.76850284,22.43639557,12.8776,-4.58699
1,40.77470649,22.42248732,21.5385,-2.88303
1,40.78253014,22.4147477,24.818,-2.92511
1,40.78455821,22.40352648,19.9914,2.44893
1,40.78288531,22.38960032,13.0885,-2.68452
1,40.77967405,22.37002933,8.388,0.707867
1,40.77807733,22.36024292,9.806,7.30337
1,40.77321581,22.35054157,7.5903,10.502
1,40.77071065,22.32978409,8.1605,15.2251
1,40.77063273,22.31323498,9.233,20.0264
1,40.77126473,22.30755271,10.9281,23.3963
1,40.7739653,22.29057303,12.9321,25.2124
1,40.7757456,22.27288865,15.5404,23.0198
1,40.78114929,22.26170313,18.5859,21.2788
1,40.78350817,22.24764488,20.3608,22.8754
1,40.78752081,22.23453378,21.548,21.6097
1,40.79210197,22.22254209,23.4215,20.5288
1,40.79076009,22.21271775,26.154,18.0234
1,40.79390434,22.19614206,28.7079,15.3746
1,40.80048156,22.18655162,31.3179,11.7985
1,40.78846076,22.16344972,32.2612,6.8255
1,40.78374324,22.15824875,36.817,6.82115
1,40.78326861,22.1403782,41.9437,4.77188
1,40.78420402,22.12251955,56.1778,3.47335
1,40.78107937,22.10775506,60.731,3.69371
1,40.78399493,22.09287915,75.4205,2.12254
1,40.78837794,22.08341157,90.6113,-1.06606
1,40.78762502,22.07127291,111.0216,-1.1206
1,40.78691202,22.05849074,133.3563,-6.13288
1,40.79101768,22.04706955,183.4658,-6.21051
1,40.79181926,22.04221371,238.4015,-1.59198
1,40.79683281,22.0478301,297.4227,-8.2196
1,40.80618081,22.05346132,304.0735,-9.75937
1,40.81155465,22.05569729,322.137,-4.87234
1,40.81156095,22.05569711,322.1375,-13.4176
1,40.81845158,22.07378331,384.6871,-1.54279
1,40.82903162,22.07542861,388.2443,-0.604513
1,40.83772877,22.07179412,441.2537,1.94198
1,40.84100246,22.06306372,458.4768,-1.07456
1,40.84792777,22.05202485,452.6725,-2.59621
1,40.85505404,22.04587681,424.5073,-5.06792
1,40.86665693,22.05011872,366.0669,-6.39782
1,40.87688023,22.05668175,276.1471,-6.63011
1,40.88168563,22.06820474,195.5053,-7.69204
1,40.88850689,22.0663242,141.8455,-5.08813
1,40.8932402,22.05810452,148.3793,-7.05745
1,40.90249985,22.05327676,138.7678,-5.3643
1,40.91062217,22.04152751,131.609,-5.69193
1,40.91724156,22.02895832,155.9199,-6.77348
1,40.92484658,22.01939264,150.9228,-7.78864
1,40.9324389,22.01072838,162.3183,-9.40187
1,40.93867204,21.99548967,180.378,-9.17635
1,40.94329337,21.98215377,199.8099,-12.1432
1,40.94766441,21.97175053,211.9587,-11.5795
1,40.95183052,21.95495825,239.5398,-12.4192
1,40.95347415,21.94228225,267.6222,-12.0728
1,40.95676399,21.92902121,308.7263,-13.1502
1,40.96541818,21.92320327,349.7492,-14.1276
1,40.97055439,21.91706066,385.4603,-17.1422
1,40.76958787,22.15683689,32.8095,6.94319
1,40.79910759,22.15325113,35.965,8.08976
1,40.80727273,22.14639716,42.5304,8.58243
1,40.81761884,22.14398878,52.4767,10.1421
1,40.82635817,22.1359158,61.3243,9.54549
1,40.83644036,22.12475857,92.4503,8.25579
1,40.84176303,22.11466901,110.7244,6.50513
1,40.84585361,22.10507724,116.3351,4.16753
1,40.85752104,22.10475113,125.3536,4.35687
1,40.86401519,22.09706394,130.0459,2.55737
1,40.87278129,22.08969115,141.15,-1.19623
1,40.88180672,22.08164802,140.2532,-3.75092
1,40.88729877,22.0708108,136.8045,-3.94465
1,40.89338401,22.06318355,140.3368,-6.15532
1,40.90227463,22.06491085,128.7466,-8.26719
1,40.90865435,22.07009863,121.61,-9.89674
1,40.91515356,22.07534621,115.575,-9.48569
1,40.92198998,22.08064785,111.2182,-8.27205
1,40.93019347,22.08453427,107.6434,-7.29294
1,40.93868538,22.08412253,110.1817,-6.28546
1,40.94796592,22.07992689,120.0565,-7.58955
1,40.95570207,22.07492341,117.9227,-9.4478
1,40.96304106,22.07017221,119.7736,-11.4989
1,40.9719055,22.06420928,121.3913,-14.2576
1,40.97626874,22.07044389,119.2576,-14.0011
1,40.97852461,22.08263118,119.3044,-12.7031
1,40.97989563,22.09310927,117.3654,-12.2836
1,40.98203773,22.1073102,116.9599,-11.0697
1,40.98247311,22.11912167,119.3542,-9.71466
1,40.9805239,22.12913108,122.333,-9.31524
1,40.97728533,22.13804595,134.0981,-8.02372
1,40.98383501,22.14530003,137.493,-9.83135
1,40.99106815,22.15745008,148.2336,-11.3591
1,40.99885826,22.16676463,159.9851,-11.7168
1,41.00727046,22.1760799,176.1947,-9.00142
1,41.01729424,22.18100378,210.0991,-7.42951
1,41.02753076,22.18741111,214.754,-6.63194
1,41.03669508,22.1836371,211.2344,-5.44779
1,41.04769621,22.17734022,241.6484,-5.89254
1,41.05680801,22.16951146,280.3879,-10.2474
1,41.06215234,22.17314546,330.1052,-10.5424
1,41.07367292,22.17042854,431.2402,-8.70855
1,41.08384256,22.16805088,527.6765,-10.862
1,41.0860732,22.17136448,623.5088,-12.4222
1,41.09383285,22.1792986,643.4966,-14.0477
1,41.10078682,22.19433371,587.6596,-15.7534
1,41.10202006,22.20548995,589.6396,-17.1299
1,41.10210799,22.21848048,577.9304,-18.1228
1,41.10303972,22.23212223,580.4836,-18.7567
1,41.10132822,22.24691697,566.0166,-14.299
1,41.10050044,22.26111329,550.1676,-11.3979
1,41.09496439,22.2649093,571.5427,-8.4641
1,41.08682932,22.26573873,633.0306,-8.04151
1,41.07835115,22.2642003,699.5139,-7.23439
1,41.0870367,22.27272772,765.5984,-8.20045
1,41.08486485,22.27882526,809.5743,-8.1305
1,41.08375769,22.28902884,789.7795,-6.87241
1,41.08730607,22.30042731,846.0109,-8.05542
1,41.09333885,22.31648608,788.1622,-8.68621
1,41.09012696,22.32850121,870.8307,-7.00171
1,41.08841112,22.33933729,864.2843,-5.64702
1,41.08793828,22.35288511,797.3385,-5.93019
1,41.08857077,22.37120088,743.0483,-7.80382
1,41.0788819,22.37848765,665.7652,-7.82406
1,41.080652,22.38535493,579.3697,-8.94422
1,41.09449705,22.38334976,529.0658,-8.30174
1,40.64042786,22.92990592,2.9171,29.3416
1,40.64468788,22.92522452,6.6916,28.6541
1,40.64967584,22.91581213,9.8448,25.1132
1,40.65295267,22.90649549,6.791,21.5089
1,40.65456731,22.89692788,5.4919,19.2787
1,40.65576954,22.88715275,3.1203,17.162
1,40.65851153,22.87961337,3.8571,16.4356
1,40.65957881,22.87281467,4.6571,16.2455
1,40.6616749,22.86367319,6.5543,17.2292
1,40.66467359,22.85446784,7.8698,18.1399
1,40.66779175,22.83594543,9.0024,16.2104
1,40.67023003,22.82326554,10.2311,15.2766
1,40.66983295,22.8111172,7.1571,12.2295
1,40.67073716,22.79895922,5.3707,9.95867
1,40.66883565,22.78874161,3.9541,7.80326
1,40.68290381,22.77763349,6.5464,9.71403
1,40.6933924,22.77534042,5.9401,12.4559
1,40.70027422,22.77371711,5.6632,14.2688
1,40.70201031,22.76188232,6.1435,12.1918
1,40.70434012,22.7505031,6.257,10.3046
1,40.70649059,22.73918398,5.9968,8.60903
1,40.71164591,22.73318965,10.0486,8.23681
1,40.71474131,22.72076619,9.3815,6.42195
1,40.72273064,22.71227321,13.851,5.53147
1,40.7685631,22.69799179,72.0432,5.55824
1,40.77758071,22.69167553,97.9159,3.84056
1,40.78433916,22.6823857,115.4025,2.58525
1,40.79149298,22.66998497,110.3413,1.85561
1,40.8004344,22.66831221,84.0575,1.66909
1,40.81101891,22.66797826,54.3557,1.41331
1,40.82091997,22.66198874,38.4461,0.537505
1,40.83123218,22.66009327,36.7693,-0.372754
1,40.8409558,22.66344535,45.7395,-0.617691
1,40.85430237,22.66582082,40.9294,-1.73426
1,40.86269765,22.66438979,40.4027,-2.34652
1,40.87275138,22.66363527,34.0595,-2.97758
1,40.88173225,22.65933876,31.511,-4.92058
1,40.89062167,22.65486042,28.4164,-5.82186
1,40.89917143,22.65140502,25.5396,-5.78615
1,40.90657427,22.64930841,27.9547,-5.67291
1,40.91764176,22.64819473,28.3699,-4.10718
1,40.92864828,22.64475737,28.7253,-3.46161
1,40.93872599,22.6411149,32.9492,-4.64111
1,40.94735188,22.63162039,40.677,-6.27383
1,40.95552427,22.62913102,27.1369,-5.88305
1,40.96273499,22.62181093,26.4801,-5.82338
1,40.96856608,22.61275018,27.2347,-6.56063
1,40.97621875,22.60058511,28.7194,-6.72202
1,40.98305453,22.5891534,29.5507,-6.70902
1,40.98697103,22.57919186,30.052,-5.44298
1,40.99411449,22.57256359,34.4203,-1.14873
1,41.00327419,22.57010435,55.9889,0.902558
1,41.01128278,22.57688854,105.2286,2.23276
1,41.02104517,22.57780625,142.8168,3.91017
1,41.03124178,22.58026771,160.4723,4.6535
1,41.04321019,22.58427198,156.2856,5.69322
1,41.05211896,22.58483923,145.2324,5.83063
1,41.0609301,22.57984268,141.4348,5.38551
1,41.06857514,22.57498195,134.9744,7.03933
1,41.07741149,22.57467772,146.2282,7.68934
1,41.08545097,22.57964566,140.7088,5.91201
1,41.09546109,22.57199984,127.8306,7.28826
1,41.10148724,22.56475561,97.2875,9.84694
1,41.10632702,22.55694852,61.5359,11.8775
1,40.66677038,22.78925074,3.6826,7.38963
1,40.66223075,22.77954795,2.5416,4.03187
1,40.65769946,22.76878309,2.7607,0.496965
1,40.64361532,22.75883621,2.9171,-4.72889
1,40.63703589,22.75288681,3.1205,-7.65466
1,40.63204738,22.74329763,3.608,-9.66258
1,40.62219284,22.71819494,3.4165,-14.0612
1,40.65130047,22.76179658,3.0224,-2.51697
1,40.63271252,22.73165912,3.663,-11.1654
1,40.62871299,22.72758376,3.73,-12.3263
1,40.61794806,22.70696355,4.6263,-15.212
1,40.61783998,22.69700908,3.1592,-16.3093
1,40.61501026,22.68875683,3.3758,-16.9232
1,40.60939659,22.68482363,3.2586,-17.0706
1,40.60229621,22.68027656,4.6551,-16.9365
1,40.59778687,22.67106961,3.4325,-17.0841
1,40.59249039,22.66066789,3.9486,-16.5338
1,40.58802138,22.65191815,3.786,-16.6602
1,40.58802138,22.65191815,3.7861,-17.721
1,40.57780934,22.63195414,2.3219,-16.5153
1,40.57267508,22.6222987,3.0044,-16.7997
1,40.56753948,22.61302558,3.0993,-16.7116
1,40.56158494,22.60224236,3.7687,-16.2488
1,40.56166905,22.59231162,3.4373,-15.8074
1,40.50898862,22.5629303,11.229,-10.6942
1,40.51587633,22.57075219,7.6586,-12.7617
1,40.52528932,22.5741344,4.2468,-14.1533
1,40.49927409,22.55672555,15.0444,-8.73658
1,40.49675682,22.54867475,18.5333,-7.5682
1,40.48933824,22.55475053,29.021,-6.90837
1,40.47946677,22.5615774,31.0468,-6.93388
1,40.47044589,22.56902119,59.2156,-7.00156
1,40.45996631,22.57632581,36.582,-7.20065
1,40.44926151,22.57669279,75.9475,-6.56308
1,40.44510104,22.58503644,77.7439,-5.02225
1,40.44375922,22.59575449,65.2169,-6.1303
1,40.43416429,22.59996832,48.1817,-5.85672
1,40.42746873,22.60137376,41.908,-4.26641
1,40.41940077,22.60325096,43.3471,-4.56183
1,40.41895518,22.60568521,37.2034,-4.69242
1,40.41866611,22.58755895,36.983,-3.36828
1,40.41217282,22.58897708,59.592,-3.24031
1,40.40107811,22.59646313,30.517,-2.44419
1,40.39094756,22.5966782,33.58,-2.10274
1,40.38218915,22.59901229,59.346,-2.18166
1,40.37577281,22.59728457,36.061,-0.54064
1,40.36653823,22.59618052,45.951,-1.05974
1,40.35810358,22.59177411,31.956,1.17969
1,40.35030087,22.58689469,41.703,2.18744
1,40.3425733,22.58443844,41.242,3.44903
1,40.33252262,22.57962021,15.566,5.39434
1,40.32338608,22.57297232,20.234,7.14212
1,40.31572052,22.56348409,28.447,9.05583
1,40.31415256,22.55247155,35.787,11.346
1,40.31011178,22.54132821,44.041,12.7499
1,40.30381169,22.5325589,37.654,13.1711
1,40.29632651,22.52617612,41.188,11.5935
1,40.28849481,22.52172383,38.75,9.43572
1,40.28197636,22.5180194,33.914,7.38697
1,40.27802039,22.51082818,32.629,6.33095
1,40.28220618,22.50275661,35.5,6.99207
1,40.27753907,22.49281206,39.579,5.24531
1,40.27129986,22.48357519,41.26,3.23755
1,40.26997472,22.47174506,41.085,2.94884
1,40.26800573,22.46147341,49.952,2.03255
1,40.26551677,22.45055037,52.548,2.00174
1,40.26182084,22.43925497,59.379,2.68098
1,40.26108527,22.42342011,65.672,1.86409
1,40.26296275,22.40941796,84.379,0.635987
1,40.26378892,22.3978432,101.548,-0.516334
1,40.26107605,22.38642391,98.221,0.404414
1,40.26030239,22.37269512,115.795,-1.05038
1,40.25910322,22.36225388,154.65,-1.16849
1,40.26263443,22.35435398,210.1851,-3.34419
1,40.26606255,22.34954323,275.969,-5.38799
1,40.26721297,22.34334222,316.1368,-6.8046
1,40.26831885,22.33297315,326.5724,-6.66146
1,40.27336781,22.32303751,325.5719,-7.49625
1,40.27935062,22.31286991,387.7553,-8.73377
1,40.2810009,22.30351202,403.2084,-8.92822
1,40.28356936,22.29543829,467.9005,-9.33737
1,40.28564252,22.28518054,539.6076,-8.69669
1,40.29091917,22.28092555,596.6608,-9.15986
1,40.29528864,22.27263167,660.3248,-10.8824
1,40.30312768,22.26743589,717.8694,-6.28796
1,40.30942054,22.26409855,699.8692,-4.30666
1,40.31484934,22.259141,755.3173,-2.89364
1,40.31949492,22.26531645,782.6721,-1.61723
1,40.32443128,22.2614959,749.8039,-1.51244
1,40.33248151,22.26207803,699.5459,-0.695746
1,40.3395087,22.26483652,627.3316,-0.296513
1,40.34880129,22.26676639,674.3803,1.23254
1,40.35587006,22.26163858,738.07,4.66166
1,40.36060447,22.25302748,776.022,0.698513
1,40.35877256,22.24181194,747.4263,-1.057
1,40.35514671,22.23100633,669.998,-3.77501
1,40.35312781,22.21922691,600.4075,-6.33235
1,40.35642414,22.23032494,628.6621,-4.90221
1,40.36309767,22.23549806,650.7209,-3.36228
1,40.37129584,22.2341943,597.2875,-4.32026
1,40.37618801,22.2226479,622.0311,-1.38735
1,40.38360075,22.22014841,665.9359,-1.42212
1,40.38693969,22.21201686,618.7072,-0.686891
1,40.38853188,22.20756124,605.5725,0.485053
1,40.40527211,22.19781656,328.425,4.46195
1,40.41973665,22.2058517,194.2497,0.83389
1,40.44223202,22.21708803,174.2148,1.04887
1,40.46507068,22.23919234,125.979,-1.72164
1,40.48740594,22.25935965,43.8807,-4.92972
1,40.49451735,22.30691378,67.9442,-10.5323
1,40.4860585,22.31716914,114.1859,-8.84718
1,40.49232585,22.31989047,84.9134,-8.83011
1,40.48901052,22.33109948,86.6802,-6.56171
1,40.48635462,22.34198015,93.7424,-2.51731
1,40.48181145,22.34464349,112.044,0.599588
1,40.47864255,22.35127946,189.1002,5.35673
1,40.4713604,22.34889086,270.069,6.98156
1,40.46646005,22.35321971,315.5668,6.91275
1,40.46046831,22.35902101,349.0511,9.32722
1,40.45444524,22.36927825,348.2638,13.9826
1,40.45005592,22.36455441,292.864,10.5887
1,40.44639407,22.37214785,303.183,11.7179
1,40.44171627,22.37131853,336.9321,11.6486
1,40.43348861,22.36962723,283.787,13.1644
1,40.4266108,22.37570363,238.511,13.9948
1,40.41884746,22.37495755,210.05,12.1132
1,40.4127595,22.37285061,291.536,10.7704
1,40.40259469,22.37500828,386.481,13.5522
1,40.40169349,22.38882607,415.032,16.3836
1,40.40612687,22.39657608,445.1267,15.5383
1,40.40842377,22.40781267,427.7152,16.9188
1,40.40583369,22.41836456,408.5494,18.1814
1,40.39879703,22.42480471,387.7157,19.0743
1,40.3935575,22.43310984,365.5335,20.5198
1,40.38719228,22.44066717,355.7242,20.3857
1,40.38183144,22.44996782,322.3062,21.1269
1,40.37500372,22.45779895,308.5788,20.8806
1,40.36696374,22.45828133,288.1849,20.6247
1,40.36304123,22.46929207,252.9084,21.1244
1,40.35747071,22.47675818,234.432,21.2367
1,40.34868161,22.48304544,191.3062,21.2032
1,40.34035866,22.48703625,174.8179,20.6362
1,40.32751795,22.48548013,95.263,19.9937
1,40.319727,22.48967219,73.7671,18.1942
1,40.31239969,22.49456998,71.1434,15.3574
1,40.30200364,22.49966801,56.914,12.8995
1,40.29346043,22.50344028,44.978,10.7593
1,40.27759478,22.51856986,30.8503,6.37249
1,40.2701002,22.52339209,26.7002,4.61961
1,40.26323176,22.52840587,23.8666,3.56159
1,40.25303011,22.53194202,19.353,2.37394
1,40.24299564,22.53477456,15.0607,0.964686
1,40.2354211,22.53666481,12.4789,0.40589
1,40.22679072,22.53927339,12.789,-0.156206
1,40.21735071,22.54190998,10.6132,-0.927729
1,40.20694337,22.54493185,7.3784,-1.50707
1,40.19756468,22.5476704,5.2224,-2.86734
1,40.19146442,22.55404484,3.4151,-3.00743
1,40.18495211,22.55720127,1.5886,-3.30864
1,40.17615457,22.55254168,1.5868,-2.25115
1,40.16728134,22.5495603,4.1083,-0.324768
1,40.15656331,22.54714479,3.1677,2.46971
1,40.15031583,22.54303078,5.6846,5.49547
1,40.14339982,22.5451984,14.2778,6.88582
1,40.13489034,22.54971308,23.3247,7.68927
1,40.12611288,22.55184543,24.575,8.21765
1,40.11663262,22.55467788,22.1909,7.89714
1,40.10672758,22.55904614,19.1141,7.18428
1,40.09913349,22.56257972,15.9328,6.2189
1,40.08680046,22.56240874,12.9594,6.24177
1,40.07700937,22.56100415,9.9584,6.84121
1,40.0670488,22.56386391,8.1427,5.73591
1,40.0584053,22.56669969,4.0124,3.90288
1,40.04939853,22.56760118,12.1275,2.46443
1,40.03983036,22.57087961,18.2294,0.680736
1,40.03089635,22.57588227,15.1429,-1.70091
1,40.02358204,22.58002976,11.7053,-2.79771
1,40.01484333,22.58672519,6.0786,-2.10454
1,40.00922459,22.59523394,2.435,-1.767
1,40.00416432,22.59334208,66.7533,-2.26449
1,40.004028,22.60449762,3.2198,-5.07297
1,39.99894397,22.61157872,9.4076,-6.70473
1,39.99327179,22.62029126,5.177,-7.04819
1,39.99199546,22.62669471,1.2474,-7.9594
1,40.25413907,22.3538471,150.8627,0.416699
1,40.24850472,22.34612217,155.1606,2.94867
1,40.24295712,22.34007079,166.046,4.49095
1,40.23759123,22.33270824,179.1599,4.75442
1,40.2306092,22.32152481,220.7821,5.83206
1,40.22367519,22.31743893,268.7039,7.93576
1,40.22061689,22.31350415,306.2664,8.80679
1,40.21566044,22.31090084,354.9593,9.42357
1,40.21476367,22.30731192,426.5536,9.05642
1,40.21151303,22.30205995,451.4178,7.32253
1,40.20342852,22.30004024,474.4933,8.62152
1,40.19532216,22.29829741,513.533,10.3038
1,40.19058418,22.28887214,562.7488,9.86043
1,40.19041475,22.27978973,546.7735,8.19726
1,40.18271062,22.27132569,601.581,9.24753
1,40.17834352,22.26249405,618.8006,5.7253
1,40.17074733,22.25486948,684.5596,4.64406
1,40.1645916,22.24578256,745.8596,5.01671
1,40.15989095,22.23691251,790.3008,4.51417
1,40.15534185,22.22904397,806.5157,4.16019
1,40.14532564,22.22503648,810.5968,4.50354
1,40.13508128,22.21962407,856.496,3.45222
1,40.12904484,22.21515157,868.8693,2.5006
1,40.1202029,22.2106249,896.3893,1.56272
1,41.27876096,23.31780417,72.904988,-1.35937
1,41.27739749,23.30174278,93.8928812,-2.80428
1,41.26615491,23.25902259,51.08177887,-7.98422
1,41.26613671,23.23404962,50.61745727,-6.13968
1,41.26190814,23.20141189,61.85849635,-6.41532
1,41.26519711,23.15829137,82.70960248,-5.46894
1,41.26281916,23.13751391,79.2905093,-3.5878
1,40.5116935,22.22023998,78.94286552,-3.21563
1,40.63183868,22.07526922,265.6500628,-9.52934
1,40.75389784,22.0192495,305.7339923,-5.18263
1,40.83823784,21.99626452,658.9379018,-5.70616
1,40.97082032,21.94772283,273.1978156,-11.5314
1,40.96900462,22.01920355,154.1446155,-14.2154
1,40.99674317,22.12716021,130.776738,-12.1701
1,41.05677087,22.15950912,267.7502971,-10.3122
1,41.10220654,22.20633606,590.0772742,-16.9019
1,41.07778296,22.27725869,810.509786,-7.42561
1,41.09224778,22.38523425,525.8806314,-6.85851
1,41.28326947,23.0167652,229.6278754,-2.02736
1,41.28616378,23.03424064,373.4296706,0.824041
1,41.27746843,23.05777676,204.542158,-1.17414
1,41.28392587,22.93030918,249.3642629,4.64387
1,41.25719811,22.84232276,186.6066296,1.51627
1,41.25268334,22.7926875,165.4455171,-2.10576
1,41.18497075,22.81297871,214.6294808,-0.129271
1,41.14725736,22.79624364,216.6035989,-0.020607
1,41.13806058,22.79670334,207.5882473,-0.641962
1,41.11316749,22.79418517,121.7124732,-2.66487
1,41.08887995,22.79207778,102.4645553,-4.09589
1,41.08933092,22.70382717,68.59132748,-2.12248
1,41.07263825,22.64928293,36.78976078,-9.5382
1,41.10463868,22.6267117,113.0898817,-10.0479
1,41.10545794,22.55804019,63.96412594,12.2731
1,41.10634828,22.55963245,77.06125744,11.5728
1,41.12174573,22.51127787,64.88625013,13.382
1,40.96905225,23.20538226,579.5708995,13.5992
1,40.97424551,23.20419838,588.5141265,14.9869
1,40.97574971,23.19986953,558.0160167,14.1036
1,40.97890783,23.19085678,507.7376422,13.226
1,40.97671938,23.18339381,488.0559235,11.87
1,40.95979413,23.1767344,559.2438508,8.4203
1,40.96284727,23.18553747,590.749203,11.2375
1,40.95654505,23.18315243,580.4095057,9.10347
1,40.95853923,23.19670054,610.2860394,11.8555
1,40.96703555,23.19504778,588.016114,13.1796
1,40.96078631,23.20490316,636.4666662,13.3427
1,40.94927681,23.1991687,630.9911522,9.32186
1,40.94973259,23.18944562,595.8841463,7.89587
1,40.94713932,23.18237007,585.7015448,5.61157
1,40.94521237,23.19130777,583.529041,5.90269
1,40.94109608,23.19826284,601.4254062,6.11481
1,40.93588303,23.18998048,587.7633994,5.48514
1,40.93168129,23.18373759,576.4633682,4.05215
1,40.93111948,23.17803804,536.9078045,2.86652
1,40.93837457,23.17841441,541.4062568,4.53842
1,40.93607435,23.17379681,523.5132565,3.7569
1,40.93885837,23.16504041,548.8153151,1.58596
1,40.94736505,23.16504464,566.3497802,2.53253
1,40.94978749,23.1525641,562.7734433,0.0657518
1,40.96400102,23.16762456,556.3705826,7.80899
1,40.94269546,23.20742928,610.2851994,8.32795
1,40.93223544,23.20518668,569.0787739,4.93922
1,40.93187067,23.19712887,576.4875939,4.44835
1,40.9272666,23.18957202,565.3044546,2.94269
1,40.92993695,23.1669576,497.5647612,1.01912
1,40.9309392,23.15902134,541.960321,-1.89969
1,40.93691417,23.15186086,558.7108194,-1.22949
1,40.94185444,23.14349649,590.5423061,-0.964459
1,40.94040549,23.13489971,575.3319918,-0.978687
1,40.93224306,23.13293729,590.1500586,-0.57534
1,40.92992924,23.13635124,574.1003212,-0.978569
1,40.9267024,23.14545383,566.0847751,-2.22721
1,40.91971613,23.16055548,539.0440972,-3.10291
1,40.92414713,23.16793229,492.4095265,-0.0831519
1,40.92261569,23.19948183,553.3043613,2.16819
1,40.91893742,23.20507408,564.2827591,0.681595
1,40.91397755,23.20683351,564.3287432,0.126554
1,40.9048141,23.20681491,619.5227991,-0.306093
1,40.9047408,23.20163917,595.7285432,-1.41268
1,40.91094374,23.19515787,560.0823484,-1.98463
1,40.91500057,23.19035222,530.5318577,-0.847402
1,40.91987216,23.18716966,533.8828022,0.78917
1,40.92286962,23.18187286,552.5154296,1.57075
1,40.97977805,23.1626029,580.327483,10.5758
1,40.97682613,23.17005816,561.8279755,11.6212
1,40.97637176,23.15666192,596.0149869,8.33327
1,40.98120047,23.14947196,623.933184,9.23907
1,40.97876659,23.13844869,640.3023025,6.80885
1,40.97149466,23.14395403,621.9146315,6.06933
1,40.96776324,23.15210295,602.8063754,6.40048
1,40.96583207,23.15667675,589.9910648,6.28058
1,40.96630334,23.14487581,603.9384195,4.93207
1,40.95807142,23.15287306,565.5810011,3.07703
1,40.97649587,23.11622274,668.8452178,3.01713
1,40.97004446,23.11794546,677.8399458,2.27912
1,40.96039391,23.11279326,690.5284891,0.635997
1,40.95777617,23.1066551,703.0360737,-0.862079
1,40.95530397,23.09978195,705.764721,-3.21532
1,40.94599717,23.09775608,694.3913138,-4.03974
1,40.9354707,23.09484674,730.9597519,-4.57923
1,40.9152458,23.17966037,488.0331751,-1.84792
1,40.91165119,23.18161735,520.9994939,-3.53408
1,40.90642438,23.18332863,514.7253757,-2.6406
1,40.90072931,23.18518696,564.8310338,-4.13726
1,40.89354431,23.18838625,590.7553766,-1.49793
1,40.88428268,23.18735901,583.8761973,-2.66162
1,40.88401877,23.19938058,646.22276,-0.235253
1,40.88344156,23.21107303,731.2842166,1.39161
1,40.89374678,23.20742474,684.0485342,1.73585
1,40.89382386,23.20254967,664.2424478,1.39101
1,40.89364145,23.17777751,526.4568527,-2.86503
1,40.89814357,23.17361986,488.0414848,-5.13608
1,40.89612384,23.16626601,500.547819,-5.19277
1,40.90126504,23.15595717,508.1684414,-6.58586
1,40.90061568,23.15042753,523.5326535,-7.43353
1,40.8957904,23.15740736,465.7700091,-7.0815
1,40.88413908,23.17801709,541.9003761,-3.69217
1,40.88489672,23.16864894,531.4620877,-3.80972
1,40.88269169,23.15923907,463.7125128,-8.3708
1,40.87899389,23.14686952,461.5331576,-9.08447
1,40.8836717,23.14374724,510.2380294,-8.61514
1,40.88330826,23.13543012,507.8623837,-10.393
1,40.89409113,23.13363314,556.3190892,-8.49731
1,40.89512085,23.12474461,499.1433386,-10.6706
1,40.89506489,23.11448998,555.9440378,-11.8476
1,40.88310906,23.11396756,512.9692535,-15.1569
1,40.89283238,23.10588883,556.5536538,-13.1989
1,40.90295341,23.09544316,629.1217385,-11.7915
1,40.90715763,23.10082189,617.1405695,-10.5964
1,40.89949617,23.10399919,592.131865,-11.3047
1,40.88389883,23.12348505,507.87056,-12.008
1,40.89405265,23.09824179,588.3162255,-14.3832
1,40.88369612,23.10511597,524.0591494,-15.0898
1,40.8887397,23.09579027,560.3864189,-15.9426
1,40.88303189,23.09695773,561.0309809,-16.3151
1,40.90498509,23.11623826,570.695895,-8.96983
1,40.91228145,23.11146097,617.0643761,-8.68047
1,40.91588511,23.12127391,583.5195189,-5.82402
1,40.92029755,23.11654114,622.2707076,-6.07721
1,40.91995749,23.12692681,605.5147707,-3.79265
1,40.92105098,23.13513964,588.5977716,-3.26652
1,40.9191322,23.14356707,537.4421845,-3.12842
1,40.91224064,23.1499654,560.8921573,-4.90365
1,40.91070518,23.13949471,554.4473451,-5.39044
1,40.90129532,23.13375826,571.6486959,-9.47165
1,40.90200938,23.1412758,553.0309958,-8.93337
1,40.89304228,23.1430876,547.8704349,-8.46771
1,40.889077,23.15384167,498.3659546,-6.95478
1,40.91156554,23.13017971,585.3412779,-5.81328
1,40.91440476,23.08588129,731.7924788,-10.3018
1,40.89734436,23.09053679,612.1542828,-14.0614
1,40.97800161,23.10351925,651.2808992,1.83213
1,40.97698769,23.12368351,633.5431019,3.2079
1,40.96951296,23.12390572,655.5716206,1.58781
1,40.95989482,23.12130801,693.4625957,1.11774
1,40.95313488,23.12480819,648.4756634,-0.564447
1,40.96667643,23.13251907,608.896223,0.418804
1,40.95799755,23.13740457,623.4783044,0.864644
1,40.95729759,23.1459849,578.1203311,2.08271
1,40.9494158,23.13639972,614.7237714,-0.291742
1,40.95054628,23.13386259,621.8656172,-1.42389
1,40.94357869,23.12483957,603.6498369,-0.424222
1,40.93616208,23.12345053,611.1562056,-1.62014
1,40.93444453,23.11181076,670.0357752,-1.70201
1,40.9305832,23.10500488,724.3818847,-2.68591
1,40.92899934,23.1165781,671.7771497,-1.41934
1,40.92409087,23.10513547,708.4865022,-5.56602
1,40.91533971,23.1032729,685.7188431,-8.0243
1,40.91170338,23.09452245,648.2643317,-10.1591
1,40.92258198,23.08400882,733.4290711,-9.28459
1,40.93312027,23.08375365,652.3890601,-6.3713
1,40.93121272,23.09470566,773.2088071,-4.77019
1,40.93802505,23.10205237,667.391815,-2.68459
1,40.94381184,23.11568611,605.1678644,-2.06752
1,40.94714166,23.10271705,673.5117828,-2.65896
1,40.88491899,23.09970052,539.4571034,-15.7251
1,40.88518425,23.10006992,536.5248787,-15.6521
1,40.8855051,23.10041076,534.144705,-15.6828
1,40.88577621,23.10079368,533.002591,-15.5838
1,40.88600743,23.10121735,532.9725807,-15.4362
1,40.88599872,23.10172481,533.1294018,-15.4708
1,40.88610299,23.10218271,534.7252374,-15.3503
1,40.88607028,23.10273012,535.9677128,-15.2745
1,40.88597628,23.10331716,537.3431915,-15.0799
1,40.88622606,23.1036443,537.0873918,-14.976
1,40.88661735,23.10386597,536.6788479,-15.0482
1,40.88693671,23.10445346,536.6448109,-14.8103
1,40.88739428,23.10500977,537.0761927,-14.3978
1,40.88778334,23.10548326,537.3443104,-14.3658
1,40.88834704,23.10596841,538.076108,-14.3717
1,40.88883898,23.10673817,536.3134078,-14.5866
1,40.88913568,23.10712054,534.8428438,-14.6449
1,40.88942953,23.10747845,533.4863319,-14.6207
1,40.88987011,23.1080034,533.0870941,-14.263
1,40.89015518,23.10835315,534.3106766,-13.8836
1,40.89044969,23.10871295,535.904046,-13.6217
1,40.89074759,23.10893624,536.9504709,-13.7104
1,40.89111562,23.10922497,539.3342624,-13.6269
1,40.89149817,23.10918969,540.664002,-13.6204
1,40.89197913,23.10898506,543.4825464,-13.4813
1,40.89240339,23.10896881,546.2750946,-13.2717
1,40.89271506,23.10924611,548.5843324,-13.1505
1,40.89303487,23.10954972,551.3739049,-13.1419
1,40.89327806,23.1100222,554.1571986,-13.2684
1,40.89336144,23.11052169,556.5589247,-13.3686
1,40.89349808,23.11099464,558.6345534,-13.2768
1,40.89364167,23.1115038,561.1333625,-12.9018
1,40.89382216,23.11213543,561.8186931,-12.5153
1,40.89404384,23.11284241,560.6921526,-12.3166
1,40.89426737,23.11354849,559.9400996,-11.9804
1,40.89461216,23.11390608,557.7662182,-12.0843
1,40.89486838,23.11431265,555.7926986,-12.1364
1,40.89512281,23.1148067,554.080106,-12.021
1,40.89496974,23.11526199,551.7455783,-11.9825
1,40.89468185,23.11559625,548.8232231,-12.089
1,40.89434017,23.11584142,546.3498975,-12.0439
1,40.89402449,23.11619016,543.7934474,-11.9275
1,40.89378435,23.11646208,541.7721999,-11.9095
1,40.89359906,23.11681428,539.5838972,-11.9545
1,40.893277,23.11717404,536.8088235,-11.8754
1,40.89291012,23.11747329,534.3355362,-12.0366
1,40.89265754,23.11786424,532.0221139,-12.0439
1,40.89257143,23.11838852,529.3804454,-12.1662
1,40.89267492,23.11889815,527.0236335,-12.1774
1,40.89294194,23.11921762,524.6903027,-12.354
1,40.89333019,23.11939714,521.5724531,-12.6294
1,40.89400738,23.11975825,515.7083115,-12.873
1,40.89450342,23.12029033,510.9723956,-12.5411
1,40.89511291,23.12100492,504.725868,-11.977
1,40.89571215,23.12171109,498.4898851,-11.7644
1,40.89630966,23.12241382,492.8829793,-11.3841
1,40.89686889,23.123138,490.3009727,-11.568
1,40.89682327,23.12394097,489.7306935,-12.0481
1,40.89624886,23.12451435,490.4955695,-12.3745
1,40.89538475,23.12478715,495.0838194,-11.8547
1,40.8946092,23.12465042,499.8595189,-10.9508
1,40.89387122,23.12514638,504.1278749,-10.4089
1,40.89362171,23.12588359,507.6054888,-10.9055
1,40.89381631,23.12679609,512.3858783,-12.164
1,40.8940776,23.12765513,518.5218483,-12.4797
1,40.8945084,23.12812401,522.7644714,-12.3093
1,40.89512739,23.1284085,528.4188823,-11.9092
1,40.89555815,23.12939426,535.6075943,-11.4811
1,40.89550829,23.13039251,541.9428091,-11.4755
1,40.89577283,23.13125621,547.4773526,-11.1797
1,40.8961808,23.13215731,554.4803156,-10.5526
1,40.89693899,23.132484,560.4770732,-10.1354
1,40.89778166,23.13275285,565.2576406,-10.0131
1,40.89858552,23.1329029,567.4263912,-10.0548
1,40.89946619,23.13327022,568.8010826,-10.0448
1,40.90031704,23.13352657,569.9598179,-9.88036
1,40.9012102,23.13381358,571.2952918,-9.55473
1,40.90213596,23.13455527,569.8568408,-9.30634
1,40.90311031,23.13510115,568.2501506,-9.09732
1,40.90421983,23.13504887,566.0577922,-8.82326
1,40.90495207,23.13513711,564.7704906,-8.49626
1,40.90579831,23.13589027,564.2813798,-7.77562
1,40.90650879,23.13685184,566.5361765,-7.25209
1,40.90721542,23.13768706,568.5752235,-7.01793
1,40.90784208,23.13849774,569.838301,-6.61097
1,40.90862582,23.13885353,568.4632852,-6.4611
1,40.90937416,23.1391199,565.1841055,-6.18193
1,40.91016103,23.13939938,558.5769636,-5.69953
1,40.91104379,23.13970946,550.8366477,-5.68264
1,40.91185003,23.13996291,550.057683,-5.71109
1,40.91274885,23.13985579,554.7569793,-5.43752
1,40.91348585,23.13969468,560.6098153,-5.28071
1,40.91430341,23.13960327,566.9279558,-5.46123
1,40.9151771,23.13940491,572.7295717,-4.87838
1,40.91603533,23.13928678,571.7554056,-3.76424
1,40.91678402,23.13972875,564.7486704,-3.43028
1,40.91741473,23.1403477,557.7254399,-3.57534
1,40.91824902,23.14118271,548.4595303,-3.41294
1,40.91874079,23.14214825,541.4621028,-3.94555
1,40.9191497,23.14360825,535.4322068,-3.66151
1,40.91938364,23.14519576,525.94268,-3.18473
1,40.91974694,23.14694638,522.2522755,-3.55614
1,40.92032738,23.14801303,529.9129232,-3.88498
1,40.92111189,23.14868567,538.0270149,-4.14926
1,40.92174319,23.14977819,544.0350329,-4.40105
1,40.9221604,23.15099477,549.460466,-4.17135
1,40.92227631,23.15202554,552.1560919,-4.02474
1,40.92201658,23.15353053,549.1558021,-4.02744
1,40.92172391,23.15507524,543.1307159,-3.07291
1,40.92155309,23.15659679,537.026249,-3.10596
1,40.92163509,23.15779932,532.3893505,-2.88596
1,40.92211091,23.15956168,524.8485978,-2.53882
1,40.92284183,23.16105404,517.4539578,-2.11346
1,40.9233208,23.16216321,512.3773414,-1.56264
1,40.92375939,23.16317648,507.7924423,-1.10856
1,40.9243025,23.16443629,502.1156769,-0.604538
1,40.92471805,23.16539428,497.6887107,-0.62689
1,40.92514126,23.16652245,495.0461053,-0.952526
1,40.92517591,23.16767211,493.5757351,-0.63861
1,40.92437896,23.16983031,491.184602,0.351549
1,40.92350696,23.17040152,494.5932308,0.484534
1,40.92279071,23.17103406,501.3475992,0.589708
1,40.92225985,23.17221732,508.5454908,0.215894
1,40.92203769,23.17326426,514.4903122,0.393986
1,40.92198732,23.17440896,521.4025622,1.2083
1,40.92253276,23.17499486,526.4252122,1.40397
1,40.92340509,23.17524523,532.6247296,1.4215
1,40.9240644,23.17591027,537.9729341,1.56991
1,40.92468683,23.17681013,542.1948852,1.62194
1,40.92556156,23.17723406,545.4256405,1.31349
1,40.92619256,23.17787967,548.6068063,1.33407
1,40.92680753,23.1786535,552.9555345,1.64044
1,40.92687918,23.17989855,559.3470714,1.90282
1,40.92750617,23.18045656,564.5001083,2.30895
1,40.92798755,23.18141967,570.9835578,3.05953
1,40.92848434,23.18228383,574.6813471,3.59924
1,40.92912868,23.18285643,573.6737053,3.75418
1,40.92995384,23.1831329,574.7708458,3.79341
1,40.93073496,23.18342394,574.910775,3.65606
1,40.93153126,23.18371225,575.2371902,3.70274
1,40.93222018,23.18435518,575.7051195,3.65226
1,40.93278246,23.18511734,577.2601058,3.82597
1,40.93326489,23.18599266,579.1672724,4.12165
1,40.93379372,23.18674325,581.3329947,4.32212
1,40.93447896,23.18735287,582.6579194,4.4145
1,40.93511425,23.18813499,583.7526991,4.79994
1,40.93560416,23.18910948,585.4687719,5.21787
1,40.93592862,23.19012583,587.4510586,5.22863
1,40.93610935,23.19105719,588.7105697,5.27395
1,40.93646502,23.19194099,590.0839257,5.05656
1,40.93704122,23.19272358,593.0803914,5.11479
1,40.93777668,23.19324711,599.2033343,5.37009
1,40.93851086,23.19384268,603.4060403,5.25023
1,40.9388477,23.19457123,606.3369108,5.34606
1,40.93861204,23.19559483,605.3752848,5.15346
1,40.93899616,23.19655576,604.3514473,5.157
1,40.93961753,23.19733774,602.3885052,5.56058
1,40.9405498,23.19793847,601.0617006,5.94197
1,40.94147953,23.19854772,602.4939805,6.36343
1,40.94195221,23.19933543,608.6905467,6.73513
1,40.94230656,23.20018529,614.1634524,7.08137
1,40.94300855,23.20090929,619.3898921,7.67524
1,40.94386,23.20097292,622.9422666,7.91537
1,40.94472081,23.20094073,623.5142997,7.98508
1,40.94553236,23.20131413,624.6240659,8.62265
1,40.94624927,23.20173017,625.4739213,9.40684
1,40.94700617,23.20223955,625.8265575,9.68964
1,40.94779969,23.20269246,627.2248772,9.7665
1,40.94851444,23.20310106,629.7148818,9.716
1,40.94926571,23.20351966,635.0325698,10.0578
1,40.9500021,23.20404425,640.6163628,10.4195
1,40.95064372,23.20457629,644.2009249,10.1985
1,40.95142571,23.20454705,648.8056988,10.3912
1,40.95226087,23.20449528,653.2358485,10.7434
1,40.95242975,23.20496573,656.7263062,11.0338
1,40.22085475,23.67136375,28.45,-19.6333
1,40.32553007,23.44790947,258.42,27.1088
1,40.27220627,22.48136996,43.867,3.04588
1,40.55103021,22.2453368,42.892,-9.05915
1,40.52734565,22.9714207,1.39,2.92288
1,40.66306529,23.70073335,6.5,-5.78167
1,40.78450658,22.08579626,83.516,1.67234
1,40.97806678,22.92476613,216.663,-11.269
1,40.62750247,22.95892751,26.72705673,33.2466
1,40.764673,23.09314,128.6,-21.4197
1,41.214485,23.481945,815,11.0188
1,41.095183,23.570748,74.3,11.8707
1,41.085982,23.544648,39.6,0.426978
1,41.097483,23.583149,56,14.022
1,41.086882,23.533948,47.2,0.209186
1,41.097483,23.594749,45.9,13.0125
1,41.080682,23.528447,37.5,-4.6157
1,41.076982,23.538148,29.1,-6.58649
1,41.096483,23.607449,70.3,12.0867
1,41.074482,23.526247,29,-9.59048
1,41.097883,23.619149,82.5,13.8534
1,41.069482,23.540448,25.7,-11.4742
1,41.096183,23.63395,157.5,12.2099
1,41.064482,23.528448,17.3,-15.1556
1,41.099983,23.64525,209.7,13.0844
1,41.060982,23.538748,21,-16.3623
1,41.099183,23.65765,224.4,13.3085
1,41.059382,23.521247,14.4,-18.5876
1,41.099883,23.670251,292.8,14.525
1,41.055182,23.534748,17.8,-19.3019
1,41.093383,23.680651,264.3,15.4762
1,41.050981,23.521448,12.5,-22.3335
1,41.085983,23.679151,215.4,15.2145
1,41.047882,23.531348,14.6,-22.6105
1,41.078183,23.674251,185.7,12.9464
1,41.041981,23.516448,11.6,-25.7083
1,41.036981,23.525148,13.9,-26.1197
1,41.090383,23.578748,53.1,7.07005
1,41.048481,23.500147,13.8,-25.2005
1,41.088883,23.589949,40.5,7.57655
1,41.055982,23.508147,13.7,-21.6866
1,41.086483,23.602149,47.4,7.94575
1,41.084183,23.614649,55.9,8.35095
1,41.057381,23.497947,13.8,-22.5706
1,41.081183,23.62315,61.1,5.58526
1,41.077483,23.63175,94.9,3.49696
1,41.081882,23.514647,37.5,-6.42759
1,41.073483,23.64215,113.5,5.46086
1,41.059882,23.484647,14.4,-22.7838
1,41.065483,23.652451,115.8,6.58859
1,41.065382,23.492247,14,-20.6397
1,41.061883,23.664451,123.8,6.75589
1,41.075682,23.499347,21.2,-14.5554
1,41.058383,23.678951,122.8,7.14799
1,41.055683,23.688751,123.7,6.3967
1,41.091182,23.517647,43.1,-0.478119
1,41.050382,23.697652,132.2,4.6718
1,41.062381,23.461746,14.8,-24.2896
1,41.046482,23.707952,108.6,5.27121
1,41.061881,23.469646,14.4,-23.8933
1,41.042482,23.719252,98.5,3.61492
1,41.071182,23.481446,16.7,-19.6523
1,41.031882,23.719452,67.9,-0.634655
1,41.079882,23.489247,19.8,-14.3455
1,41.035682,23.707752,69.6,-1.53966
1,41.085182,23.494747,29.4,-9.75349
1,41.038182,23.697652,81.9,0.42204
1,41.094883,23.549248,50.4,-0.181749
1,41.041482,23.686952,105.2,-0.534963
1,41.072882,23.441745,15.8,-24.139
1,41.044182,23.675651,88,-1.55067
1,41.073982,23.451746,19.5,-23.0547
1,41.047982,23.664151,83.2,0.090431
1,41.072382,23.465146,15.1,-22.2791
1,41.051882,23.654251,74.7,0.851228
1,41.083682,23.467946,16.9,-18.4626
1,41.059882,23.64815,92.7,3.1387
1,41.079482,23.477246,17.5,-17.5252
1,41.064482,23.63665,85.9,2.5013
1,41.089482,23.485946,32,-9.8452
1,41.067182,23.62395,77.2,-0.504805
1,41.078482,23.432145,16.6,-24.0667
1,41.071182,23.61365,96,-0.215209
1,41.084382,23.439745,16.8,-22.8052
1,41.075882,23.604149,48.5,1.48648
1,41.082382,23.453146,17.7,-21.4793
1,41.080382,23.594149,40,3.63777
1,41.089482,23.455946,19.3,-18.7409
1,41.083982,23.582949,39.9,4.47777
1,41.093682,23.467946,20.8,-13.6102
1,41.019182,23.709152,35.7,-7.56851
1,41.098182,23.481246,38.7,-6.68693
1,41.011482,23.699652,23.2,-12.1812
1,41.098182,23.496247,57.8,-1.61223
1,41.003381,23.689452,16,-16.2102
1,41.091682,23.494647,41.8,-6.98781
1,41.005981,23.679452,9.8,-15.9272
1,41.075382,23.514647,25.4,-10.9541
1,41.012681,23.668751,17.3,-14.8963
1,41.062382,23.502647,13.7,-19.9554
1,41.018982,23.659751,28,-13.1658
1,41.087882,23.523447,56.1,0.417685
1,41.028382,23.652751,40.8,-10.21
1,41.051481,23.489247,14.3,-24.5715
1,41.034882,23.641651,37.7,-8.65702
1,41.055381,23.474746,14.5,-24.7329
1,41.039182,23.63375,36,-7.22153
1,41.072381,23.402144,18.4,-23.777
1,41.026382,23.714652,50,-5.22143
1,41.076181,23.413445,18.9,-24.677
1,41.026882,23.703152,41,-4.56713
1,41.080682,23.426745,18.8,-24.0826
1,41.027982,23.687252,57.2,-4.96972
1,41.062881,23.390144,18.9,-21.5447
1,41.029982,23.676251,57.1,-5.73393
1,41.072681,23.421745,18.5,-24.3547
1,41.033982,23.665151,59.5,-6.36313
1,41.039482,23.653451,53.4,-5.30204
1,41.065981,23.412645,18.1,-24.2255
1,41.044882,23.64365,55,-3.18885
1,41.060181,23.403745,18.9,-23.194
1,41.084383,23.665151,199.5,13.3229
1,41.056981,23.397945,18.2,-21.9673
1,41.084183,23.65375,140.7,10.4656
1,41.056181,23.412645,16.9,-23.922
1,41.086383,23.63875,109.4,7.16693
1,41.061981,23.419245,17,-24.7233
1,41.090483,23.62435,68.5,10.4337
1,41.069381,23.428445,17.1,-24.467
1,41.090883,23.614149,64.1,12.0068
1,41.047881,23.416245,16.6,-24.0931
1,41.090683,23.65015,169.1,7.19241
1,41.051481,23.426745,17.1,-25.3144
1,41.092683,23.662751,236.9,14.5135
1,41.057681,23.435445,15.8,-25.1192
1,41.078983,23.64725,113.2,5.41915
1,41.062881,23.443145,16.6,-25.0656
1,41.074983,23.661251,179.6,12.2112
1,41.056981,23.450146,14.5,-25.0001
1,41.050382,23.63545,57.3,-2.11386
1,41.050681,23.443946,14.8,-25.6092
1,41.055682,23.62545,52.1,-1.30788
1,41.044481,23.432246,15.8,-25.1421
1,41.056882,23.61425,47.3,-4.75777
1,41.041881,23.423445,15.6,-24.2318
1,41.065482,23.606249,61.7,-3.35959
1,41.036881,23.434646,15.9,-25.0978
1,41.069982,23.593949,40.4,-3.8278
1,41.033181,23.443446,14.6,-25.4841
1,41.076982,23.590449,36.6,0.740386
1,41.041981,23.450646,15,-26.2508
1,41.017682,23.691452,20.4,-9.7575
1,41.046481,23.453746,14.6,-26.0958
1,41.062183,23.700752,147.8,10.8529
1,41.053181,23.463946,15.1,-25.3919
1,41.071183,23.704252,176.6,15.0115
1,41.028481,23.453946,14,-25.702
1,41.045882,23.62445,31.9,-5.13074
1,41.036881,23.461446,15.1,-26.4934
1,41.051382,23.61395,36.6,-5.09735
1,41.043181,23.462646,14.3,-26.4025
1,41.053882,23.60615,32.5,-4.85336
1,41.045681,23.473746,14.1,-25.9408
1,41.059482,23.598249,63.1,-6.41877
1,41.041481,23.483747,14,-26.6895
1,41.063182,23.587449,31.2,-7.04917
1,41.037881,23.474646,14.2,-26.9952
1,41.068182,23.577249,30.8,-5.85209
1,41.030681,23.474247,14.4,-27.3972
1,41.022681,23.468146,13.8,-26.9525
1,41.053983,23.718252,140.2,7.71628
1,41.01438,23.465947,14.3,-26.3174
1,41.062683,23.715952,158.9,9.07576
1,41.01818,23.476247,13.4,-27.3442
1,41.074683,23.719952,198.3,13.6122
1,41.027381,23.481747,14.6,-28.1209
1,41.033181,23.487947,14.8,-28.0151
1,41.086483,23.721252,264,11.343
1,41.037381,23.493147,14.7,-27.1907
1,41.087383,23.703152,256.2,17.0388
1,41.025681,23.494647,12.9,-28.8434
1,41.093683,23.691151,310.3,17.6523
1,41.019881,23.482947,13.5,-28.133
1,41.021482,23.671651,28.6,-11.2652
1,41.01188,23.476447,13.8,-26.8346
1,41.058983,23.707252,139.6,7.33408
1,41.00698,23.483747,13.3,-27.2212
1,41.078183,23.716652,204.9,15.1206
1,41.01368,23.490947,13.5,-28.4834
1,41.082983,23.726752,243.1,14.2876
1,41.018981,23.494647,13.4,-28.7143
1,41.102984,23.679451,322,14.4521
1,41.020381,23.503747,12.8,-29.0874
1,41.042482,23.732453,87.4,3.31911
1,41.011981,23.508448,11.4,-29.2295
1,41.038182,23.744253,90.4,2.75361
1,41.01018,23.507248,13.2,-28.3705
1,41.035682,23.755453,96.2,0.798416
1,41.00198,23.493447,12.6,-27.2296
1,41.033482,23.767254,108.7,-0.840583
1,40.99618,23.505948,12,-26.7789
1,41.029382,23.777654,109.6,-4.59358
1,41.004881,23.668951,12.6,-17.9654
1,41.028382,23.788754,143.3,-3.32218
1,41.079183,23.706252,216.5,18.5036
1,41.079683,23.694451,220.3,17.5647
1,40.99568,23.537948,12.7,-26.6909
1,41.081883,23.690751,224.3,16.67
1,41.019881,23.518748,13.4,-29.0028
1,41.073483,23.687651,197.3,15.5514
1,41.037881,23.503747,12.8,-27.1331
1,41.064883,23.690752,151.2,11.438
1,41.031981,23.501447,12.1,-28.3272
1,41.039983,23.773454,132.3,0.734594
1,41.027681,23.508747,12.6,-28.8561
1,41.048483,23.775754,167.1,3.53127
1,41.033681,23.511747,11.8,-27.4895
1,41.055983,23.780454,252,6.73484
1,41.030381,23.517248,13,-27.5063
1,41.063183,23.786954,302.2,12.1548
1,41.071384,23.790754,385.4,18.7804
1,40.97788,23.490948,14,-22.5376
1,41.050983,23.733653,112.1,8.47088
1,41.048883,23.747153,105.9,7.16859
1,41.043483,23.761653,118.6,4.50899
1,40.98018,23.496248,12.1,-22.0977
1,41.058483,23.750953,138.3,9.68616
1,41.069183,23.747653,219.9,9.43822
1,40.99148,23.487247,12.1,-24.2214
1,40.98318,23.487147,12.4,-21.5744
1,41.074183,23.740753,220.4,13.7427
1,40.99768,23.481747,14.6,-24.9
1,40.99068,23.472647,16.5,-21.8279
1,41.062383,23.760653,213,14.4986
1,41.00348,23.470147,14.5,-24.8349
1,41.068883,23.766153,290.2,17.4109
1,40.99788,23.464647,14.9,-23.0151
1,41.00948,23.461447,14.8,-24.721
1,41.00398,23.454246,16.2,-22.7493
1,40.995681,23.687752,10.3,-18.0029
1,41.01448,23.449246,14.6,-23.9588
1,40.986381,23.693252,13.6,-19.1446
1,41.077383,23.727252,215.6,14.2027
1,41.01868,23.440146,15.5,-23.6634
1,41.01788,23.457246,14.4,-25.3901
1,41.02288,23.447146,14.4,-25.2167
1,41.069183,23.732452,203.7,12.6911
1,41.03098,23.424245,15.9,-23.522
1,41.060683,23.729152,146.8,8.33236
1,41.02698,23.421245,15.9,-22.421
1,41.015882,23.780154,93.8,-6.27874
1,41.004682,23.780754,69.9,-9.576
1,41.01648,23.430146,15.6,-21.8793
1,40.996682,23.785754,60.2,-12.7282
1,41.02148,23.420145,16.7,-21.1917
1,41.02648,23.438746,14.9,-24.5963
1,40.976181,23.788455,23.5,-13.5732
1,41.02268,23.431746,15.9,-22.9995
1,40.968981,23.782155,17.2,-14.4185
1,40.984482,23.775754,35.2,-13.2875
1,40.992382,23.780254,47.5,-12.3746
1,40.996182,23.773654,45.2,-11.797
1,41.033681,23.417945,16.1,-23.0203
1,40.999982,23.760254,44.6,-10.8402
1,41.03188,23.409745,16.4,-21.5486
1,41.006382,23.766254,53.9,-10.4148
1,41.03368,23.405145,17.4,-20.9395
1,41.011482,23.757254,59.9,-6.87501
1,41.039481,23.415445,16.5,-23.2452
1,41.018682,23.762954,75.8,-5.38153
1,41.03768,23.382144,20.7,-15.4822
1,41.025182,23.768154,90.8,-4.12856
1,41.040981,23.393445,17.5,-19.1548
1,41.028682,23.739453,76.8,-0.920351
1,41.04118,23.375944,20.7,-14.2776
1,41.020982,23.738253,72.4,-4.97053
1,41.046481,23.383944,17.8,-17.6264
1,41.016682,23.747753,61.7,-5.44392
1,41.050681,23.390144,17,-19.8146
1,41.010682,23.738653,102.2,-7.3181
1,41.005482,23.746653,83.3,-8.60969
1,41.04698,23.369644,18.3,-13.544
1,40.993381,23.751154,40.8,-11.7765
1,40.991382,23.761654,38,-12.4162
1,41.055981,23.383144,19,-18.6221
1,41.026482,23.755253,79.5,-2.62156
1,41.04238,23.350644,20.3,-6.03299
1,41.020182,23.749153,67.2,-4.10434
1,41.04198,23.360144,21.4,-9.1463
1,41.012982,23.770654,78.3,-7.16303
1,41.049682,23.590449,25,-9.77643
1,41.060381,23.374344,19.8,-17.0361
1,41.044182,23.585649,17.1,-13.58
1,41.051181,23.378144,18,-16.4449
1,41.039382,23.593949,14.8,-13.7167
1,41.04568,23.342143,22.2,-4.3014
1,41.034982,23.60445,12.6,-12.9794
1,41.053181,23.350643,21.4,-8.49892
1,41.028982,23.61475,15.4,-14.5586
1,41.060181,23.361444,19,-13.5206
1,40.977181,23.700453,8.5,-21.4339
1,40.968981,23.704153,7.3,-21.3982
1,41.05038,23.323143,27,0.958999
1,40.965881,23.711753,7.5,-21.3674
1,41.052881,23.338743,23.7,-4.55462
1,40.967881,23.725753,10.5,-20.0658
1,41.061581,23.347643,21.3,-10.2897
1,40.974981,23.734153,22.1,-19.7675
1,41.066981,23.356743,21.5,-13.4778
1,40.980881,23.743454,44.3,-13.6903
1,41.070981,23.369244,20.9,-16.4871
1,40.985881,23.748654,33.6,-14.4774
1,41.03198,23.320443,65.9,6.87555
1,40.981881,23.759254,30.6,-14.9847
1,41.04318,23.332243,29,-0.961686
1,40.976681,23.766954,27,-15.035
1,41.02618,23.325943,61.5,6.22227
1,41.012182,23.714753,69.8,-11.0064
1,41.03268,23.332943,33,3.71954
1,41.004682,23.721653,107.3,-12.0586
1,41.01868,23.328943,89.6,6.03078
1,40.998481,23.727453,66.9,-12.6011
1,41.02268,23.339243,47.2,4.53467
1,40.995682,23.739253,54.9,-11.3899
1,41.03618,23.339743,25.7,-0.79097
1,40.974881,23.709153,14.3,-21.0651
1,41.03368,23.346443,22.7,-2.23097
1,40.985981,23.707653,19.6,-18.4758
1,40.995481,23.711953,73.8,-15.5687
1,41.03198,23.359644,22,-6.32127
1,41.005381,23.708253,45.9,-12.6413
1,41.02538,23.348944,34.8,-0.580043
1,41.028482,23.727453,73.5,-2.85995
1,41.01318,23.337243,95,6.5845
1,41.020382,23.723953,82.4,-6.25843
1,41.012382,23.728753,120.7,-7.7522
1,41.01738,23.349244,45.6,2.00287
1,41.001982,23.735753,85.5,-10.9148
1,41.005379,23.342144,90,6.72661
1,41.031982,23.735153,77,0.200736
1,41.00868,23.354244,56.3,2.7569
1,40.997981,23.700452,51.2,-15.2902
1,40.988981,23.699952,42.3,-16.0559
1,41.02148,23.360944,32.5,-3.67824
1,40.973981,23.719953,43.1,-17.9679
1,41.02818,23.367944,19.2,-8.12066
1,40.980381,23.728253,57.7,-16.9211
1,41.03698,23.369744,20.3,-11.238
1,40.985981,23.717753,79.1,-12.3701
1,41.03318,23.377944,21,-13.1964
1,40.977981,23.711953,33.8,-19.1341
1,41.00948,23.365144,32.2,-1.63411
1,40.982481,23.681952,16.5,-19.3017
1,41.01848,23.367244,21.8,-5.11914
1,40.984481,23.671152,23.2,-21.052
1,41.01268,23.376244,17.8,-6.53802
1,41.019881,23.61795,12.9,-17.1636
1,41.02098,23.379244,17.4,-10.0869
1,41.013381,23.62275,11.4,-20.2193
1,41.02698,23.385645,20.4,-14.3715
1,41.022982,23.62715,17.9,-15.4415
1,41.00238,23.375944,22.6,-3.84529
1,41.030182,23.63175,25.7,-11.7984
1,41.039482,23.61995,24.9,-8.61913
1,41.01438,23.388945,16.9,-10.4994
1,41.044982,23.602449,14.7,-9.41573
1,41.057682,23.575449,24.2,-11.4406
1,41.02438,23.396245,19.6,-16.3501
1,41.064182,23.568648,26.3,-9.50197
1,40.99738,23.382245,26.1,-4.81008
1,41.069882,23.559448,31.5,-8.13258
1,41.00688,23.388145,16.4,-8.92402
1,41.080682,23.565748,44.9,-0.008318
1,40.994981,23.661952,15,-20.7078
1,41.001881,23.658151,9.8,-19.0134
1,41.01698,23.404745,19.3,-17.3828
1,41.008681,23.657151,15.3,-17.238
1,40.99188,23.391245,21,-5.24828
1,41.013381,23.649151,42.2,-16.2383
1,40.99948,23.397645,15.9,-9.6545
1,41.007481,23.641251,8.3,-19.2058
1,41.007881,23.62715,19.2,-20.7942
1,41.00488,23.407245,16.4,-13.7687
1,41.016981,23.635251,16.7,-15.9774
1,41.01398,23.415645,18.6,-18.6022
1,41.002381,23.671252,7.8,-17.7969
1,40.981879,23.392245,30.6,-2.19254
1,41.023482,23.643151,27,-13.835
1,40.994881,23.675752,16.3,-20.0945
1,40.978679,23.425146,24.5,-8.34575
1,41.019681,23.60565,20.7,-19.3975
1,41.011981,23.60225,8.8,-21.7538
1,41.00448,23.416245,15.8,-15.5568
1,41.001381,23.60175,8.8,-23.9925
1,40.990981,23.61245,8.1,-24.8834
1,40.977679,23.407646,30.6,-4.04914
1,40.995981,23.61915,7.8,-23.6061
1,41.004481,23.61745,8.5,-22.1011
1,40.99238,23.436446,16.7,-15.7666
1,41.011681,23.61275,8.9,-20.734
1,40.997681,23.647951,9.1,-20.8359
1,40.970379,23.407146,38.2,-0.07592
1,41.052382,23.557648,20.2,-17.0176
1,40.973179,23.418146,28.8,-3.98183
1,41.043481,23.555248,17,-20.2993
1,41.069182,23.549448,27.3,-9.79157
1,40.98538,23.439246,18.8,-14.4236
1,41.062182,23.557148,25.6,-12.5469
1,40.99318,23.444746,15.9,-18.0979
1,41.055882,23.563149,21.9,-14.2688
1,40.968579,23.419746,30.4,-2.06422
1,41.049182,23.570949,18.7,-15.0634
1,40.963679,23.412146,31.9,2.1679
1,41.073982,23.541748,29.1,-7.23008
1,40.957879,23.406446,35.5,7.52422
1,41.065882,23.541748,22.8,-13.1381
1,40.960979,23.423746,29.3,1.0749
1,41.056882,23.538448,18.4,-17.884
1,40.968579,23.430446,24.2,-5.20943
1,41.048882,23.533748,13.9,-21.6834
1,40.972879,23.440446,20.9,-9.87404
1,41.040381,23.528948,12.1,-24.6628
1,40.962879,23.435446,23.5,-2.73921
1,41.031381,23.525148,11.1,-27.1205
1,40.952379,23.427946,32.8,5.39792
1,41.033981,23.552248,12.8,-22.7622
1,40.945179,23.437647,35.7,7.47914
1,41.024181,23.551748,11,-24.7702
1,40.950679,23.440647,29,4.04932
1,41.026181,23.540148,10.8,-26.2661
1,41.022881,23.536748,11.1,-27.1913
1,40.942679,23.445147,34,8.04284
1,41.014481,23.533448,10.9,-28.3299
1,40.954479,23.452247,18.4,-1.9139
1,41.016181,23.543148,11.4,-27.5042
1,40.960979,23.448147,19.2,-5.19841
1,41.057982,23.548148,20.5,-16.2485
1,40.966179,23.444747,21.2,-7.31302
1,41.048882,23.546648,16.8,-20.099
1,40.967879,23.451747,18.9,-9.91554
1,41.036881,23.540248,12.1,-24.0344
1,40.996981,23.634151,9.5,-22.0896
1,40.97788,23.447246,18.2,-13.3508
1,41.022981,23.521948,12.3,-28.5161
1,40.98448,23.449247,16.3,-16.4646
1,41.012881,23.520448,12.5,-29.1748
1,41.00398,23.521948,12.3,-27.8728
1,40.99548,23.516648,10.4,-27.7388
1,40.98318,23.462247,17.5,-18.5816
1,40.98738,23.512148,11.2,-25.4665
1,40.971479,23.462647,13.5,-13.7078
1,40.97688,23.511948,12.3,-22.2204
1,40.98068,23.473147,13.6,-18.8595
1,40.98388,23.524248,12.3,-25.2476
1,40.99088,23.534148,11.2,-27.3101
1,40.963479,23.463747,14.8,-9.51112
1,40.99688,23.542749,10.6,-28.0474
1,40.970379,23.472947,13.4,-14.6722
1,40.99848,23.550449,10.4,-27.7676
1,40.945979,23.456447,29,2.90383
1,41.010981,23.554949,9.9,-26.7302
1,40.938479,23.458747,59.7,6.79655
1,40.97618,23.524148,10.8,-23.2309
1,40.947679,23.464647,27.8,0.243719
1,40.97498,23.536949,9.9,-24.2128
1,40.955979,23.468847,13.4,-6.32551
1,40.97418,23.549149,9.1,-23.9227
1,40.97348,23.560249,8.3,-24.4054
1,40.955379,23.479647,17,-8.01541
1,40.97288,23.57225,7.1,-24.7328
1,40.962379,23.480147,17.2,-11.5182
1,40.97198,23.58395,7.3,-24.672
1,40.97568,23.483747,13.7,-18.4506
1,40.97118,23.59575,7.5,-24.492
1,40.97488,23.483147,12.5,-19.9554
1,40.97038,23.60745,5.9,-24.3237
1,40.967379,23.485447,15.7,-15.0834
1,40.96818,23.623151,5.6,-24.3537
1,40.98198,23.537249,9.6,-25.7637
1,40.929378,23.457947,78.4,11.4364
1,40.98138,23.549249,9.9,-25.7567
1,40.938679,23.466247,55.5,5.31904
1,40.98048,23.561249,9.3,-25.7793
1,40.97968,23.573449,9.6,-25.5123
1,40.926178,23.468447,63.3,12.6609
1,40.97888,23.58565,8.8,-25.2128
1,40.930979,23.473448,43.3,9.11416
1,40.97798,23.59865,8,-24.9121
1,40.935179,23.480648,36.2,5.45555
1,40.97738,23.60925,6.8,-24.4697
1,40.944379,23.478948,27.6,-0.552778
1,40.97668,23.620651,7.1,-24.4671
1,40.952679,23.489648,15.1,-7.20121
1,41.039881,23.577149,17.2,-16.8007
1,40.962379,23.494648,14.9,-13.2215
1,41.030181,23.577149,14.1,-19.4365
1,40.96698,23.501748,12.1,-16.9086
1,41.026481,23.60445,11.4,-17.5874
1,40.944879,23.485948,22.9,-1.85449
1,41.029181,23.592249,12.8,-17.7493
1,40.950379,23.499648,12.9,-7.07051
1,41.034881,23.585949,15.4,-16.5386
1,40.958479,23.489748,14.5,-12.5351
1,41.024681,23.564249,10.6,-22.9397
1,40.915978,23.470948,79.1,16.6012
1,41.032681,23.564449,13.1,-20.889
1,40.925379,23.479248,51.4,11.6049
1,41.041682,23.565449,15.9,-18.4393
1,40.920978,23.493148,46.6,10.5134
1,41.015681,23.564449,10.7,-25.1253
1,41.003981,23.566149,9.8,-26.7595
1,40.941879,23.496448,23.8,-1.39199
1,40.985481,23.622451,7.4,-24.4076
1,40.916978,23.485648,65.4,12.4544
1,40.987381,23.60865,7.4,-25.0813
1,41.018181,23.578949,10.1,-22.8052
1,41.018181,23.58945,9.6,-21.4733
1,40.911178,23.493948,69.5,12.7016
1,41.011181,23.570249,9.9,-25.4
1,41.008881,23.58845,8.8,-24.1008
1,40.913478,23.501248,57.6,11.6956
1,40.999981,23.58875,7.5,-25.323
1,40.920679,23.502148,45.5,9.09178
1,41.002681,23.576949,8.9,-25.8995
1,40.929379,23.505648,33.7,4.54504
1,40.99138,23.550149,9.9,-27.5332
1,40.938979,23.508148,21.9,-1.17078
1,40.99048,23.562249,9.1,-27.2276
1,40.945979,23.518749,16.4,-6.05911
1,40.98988,23.573649,9.4,-26.7464
1,40.955379,23.538149,14.5,-11.9525
1,40.996881,23.562249,9.6,-27.4769
1,40.96368,23.537249,14.4,-16.2802
1,40.99198,23.523148,10.3,-27.5571
1,40.97348,23.534749,14.6,-20.4552
1,40.96588,23.628951,4.8,-24.4093
1,40.999379,23.347644,104.5,6.71003
1,40.96148,23.640751,4.3,-23.7759
1,41.002879,23.359244,54.5,1.73381
1,40.95868,23.650251,4.5,-22.6914
1,40.998679,23.357244,71.3,2.84673
1,40.95598,23.666252,2.8,-21.9703
1,40.989879,23.366444,50.4,1.34094
1,40.94968,23.674752,4.1,-21.2598
1,40.990679,23.373945,39.4,-1.50706
1,40.94598,23.686252,3.8,-20.7131
1,40.94198,23.701253,2.1,-20.0007
1,40.95048,23.705453,1.4,-21.0025
1,40.979479,23.373745,68.6,3.84317
1,40.958981,23.709453,3,-21.4098
1,40.980179,23.383945,45.7,0.411163
1,40.98818,23.59395,7.4,-25.5418
1,40.973179,23.373145,66.1,5.75669
1,40.98898,23.58425,7.7,-26.0981
1,40.965379,23.380445,52.4,9.11591
1,40.997181,23.578449,8.8,-26.3103
1,40.971879,23.388445,46,4.51749
1,41.00298,23.538148,10,-28.4318
1,40.976979,23.397645,30.7,-2.05194
1,40.99748,23.526948,10.4,-27.783
1,40.955179,23.387645,68.4,11.6484
1,40.97568,23.629251,5.2,-24.4681
1,40.961479,23.390645,44.1,8.92932
1,40.987681,23.629951,7.2,-23.9611
1,40.964879,23.397645,47.2,5.4048
1,40.987981,23.642151,7.4,-23.4386
1,40.949379,23.399646,51.9,11.8862
1,40.987881,23.654151,7.4,-22.25
1,40.944879,23.409246,50.8,12.453
1,40.979681,23.655151,6.4,-23.0284
1,40.952879,23.415946,33.6,8.18953
1,40.977681,23.662452,4.9,-22.4104
1,40.941879,23.417646,61.7,11.93
1,40.97018,23.641151,3.4,-23.8681
1,40.946979,23.423446,38.4,9.22234
1,40.979681,23.641151,4.8,-23.7319
1,40.938178,23.423946,68.3,12.7866
1,40.969681,23.657252,5.4,-22.5671
1,40.941979,23.430947,45.6,9.85925
1,40.96438,23.670752,3.8,-22.4263
1,40.931178,23.434647,61.9,15.5586
1,40.972181,23.675952,3.4,-21.6913
1,40.934879,23.439247,50.5,12.8295
1,40.972881,23.687952,1.6,-21.6762
1,40.926478,23.439747,80.4,15.9285
1,40.963481,23.790155,13.7,-14.4451
1,40.932879,23.448747,61.9,11.573
1,40.955181,23.800655,14.7,-13.5796
1,40.924378,23.452947,111.3,14.3556
1,40.946981,23.805255,7.2,-16.0306
1,40.919878,23.461447,98.1,15.6388
1,40.95468,23.691953,1.2,-22.0236
1,40.907678,23.497248,63.4,12.3267
1,40.963881,23.697253,1.1,-21.6562
1,40.95798,23.678752,1.3,-22.2295
1,40.965981,23.683752,1.4,-22.2015
1,40.93818,23.710153,3.2,-19.295
1,40.93418,23.721753,3,-18.529
1,40.93348,23.732954,2.8,-19.193
1,40.93418,23.745254,3,-19.6699
1,40.93488,23.757154,3.7,-20.4261
1,40.93418,23.768755,4.2,-20.2114
1,41.106482,23.473446,48.4,-4.72534
1,40.938181,23.807755,4.7,-18.1664
1,41.111983,23.467146,49.1,-5.37226
1,40.929181,23.810756,6.3,-18.2412
1,41.118183,23.457245,59.5,-6.36747
1,40.91938,23.813456,4.7,-18.2751
1,41.125683,23.447645,57.3,-7.26089
1,40.92218,23.804156,4,-19.3195
1,41.131883,23.443145,77.8,-8.0511
1,40.933481,23.797455,3.3,-19.1213
1,41.138483,23.437645,87.9,-8.79632
1,40.92618,23.797255,3.8,-19.7424
1,41.144383,23.428944,81.4,-8.69703
1,40.940881,23.795655,4.4,-18.6063
1,41.141883,23.412644,46.4,-13.559
1,40.948681,23.794155,4.7,-17.3319
1,41.150383,23.421444,89.9,-9.44805
1,40.948981,23.782155,2.7,-18.5508
1,41.150683,23.403444,34.2,-14.4537
1,40.958481,23.779955,8.1,-16.8966
1,41.175983,23.384743,36,-10.5087
1,40.90848,23.817156,3.6,-16.4488
1,41.157683,23.405644,49.3,-11.156
1,40.93338,23.786155,2.2,-19.7922
1,41.158683,23.394643,30.3,-13.4229
1,40.940381,23.786155,3.7,-19.383
1,41.165183,23.401443,47.6,-9.34648
1,40.951881,23.771455,2.6,-19.046
1,41.165383,23.389743,30,-12.1996
1,40.959481,23.769454,16.2,-17.4518
1,41.173983,23.396743,58.3,-7.5968
1,40.956881,23.754254,5.2,-19.6227
1,40.949181,23.755254,1.5,-20.3416
1,41.182384,23.393943,74.1,-6.70032
1,40.94798,23.714953,1.7,-20.049
1,41.179483,23.370143,33.7,-14.0649
1,40.954681,23.732654,6.1,-20.2574
1,40.957881,23.719753,45.3,-21.746
1,41.188984,23.389243,72.6,-7.25754
1,40.92918,23.778655,3.5,-20.0286
1,41.182883,23.360142,37.9,-15.0482
1,40.94238,23.774655,1.1,-20.2219
1,41.191884,23.368942,38.8,-11.3126
1,40.94318,23.765154,0.9,-19.8084
1,41.198184,23.384643,77.4,-7.61296
1,40.944181,23.753754,0.4,-20.4309
1,41.205984,23.389743,91.4,-7.12119
1,40.94488,23.740654,2.3,-19.5588
1,41.186183,23.347142,36.3,-16.8099
1,40.94548,23.727653,7.1,-19.6254
1,41.193484,23.357642,37.6,-14.9515
1,40.92518,23.788755,4.1,-19.8713
1,41.198684,23.372242,49.8,-11.1965
1,40.91898,23.799156,3.1,-19.2622
1,41.200384,23.364642,43,-13.0786
1,40.90838,23.809456,4.2,-17.7395
1,41.208684,23.363142,48.4,-12.951
1,40.90248,23.813656,2.3,-17.3696
1,41.201484,23.353742,41.6,-14.9013
1,40.965981,23.757754,18,-18.8315
1,41.193684,23.349742,37.7,-15.8817
1,40.966181,23.768754,26.1,-16.9077
1,41.191884,23.340642,36.5,-16.74
1,40.972881,23.751254,61.9,-16.5301
1,41.184383,23.337942,36.4,-17.793
1,40.965981,23.741954,41.1,-17.7257
1,40.962381,23.734154,7.7,-20.5407
1,41.199384,23.334242,38.4,-16.8443
1,40.958481,23.743654,4.7,-20.2332
1,41.199484,23.343142,39.6,-16.1187
1,40.947381,23.747954,0.8,-20.5971
1,41.209884,23.344642,43.5,-15.6185
1,41.027683,23.800655,213,-3.63729
1,41.216184,23.355142,50.3,-13.3338
1,40.971981,23.797155,26.5,-13.0716
1,41.195983,23.323141,38.6,-17.1758
1,41.208984,23.333741,44.4,-16.2356
1,40.963681,23.805955,15.8,-12.9681
1,41.220984,23.334241,44.5,-15.191
1,40.957881,23.818656,10.2,-12.9541
1,41.204384,23.314641,39.1,-16.3939
1,41.033183,23.811855,275.1,-3.85871
1,41.214384,23.322141,40.6,-15.7535
1,41.036383,23.822755,309.5,0.362979
1,41.221484,23.326241,43.5,-14.8083
1,41.036883,23.828955,308.4,0.597779
1,41.208484,23.305941,40.6,-15.6149
1,40.965181,23.819156,28.7,-12.373
1,41.218984,23.313441,41.7,-15.1819
1,40.973681,23.816455,53.4,-10.1038
1,41.226184,23.319741,43.9,-14.7467
1,40.982182,23.814955,81.1,-9.45145
1,41.225984,23.307241,43.1,-14.5821
1,40.990982,23.811955,90.1,-8.10198
1,41.233484,23.310441,43.8,-13.9325
1,41.000382,23.810755,134.6,-7.22701
1,41.226984,23.29964,41.7,-14.0623
1,41.005182,23.820655,184.7,-4.01383
1,41.216884,23.300141,39.9,-14.6586
1,41.004482,23.832155,181.9,-4.79723
1,41.209384,23.28764,39.4,-14.6194
1,40.998682,23.838656,131.3,-5.26191
1,41.220384,23.28844,40.4,-13.4522
1,40.989382,23.839756,91.9,-4.21279
1,41.210684,23.375142,70.7,-10.6333
1,40.978682,23.836156,33.9,-7.73686
1,41.214384,23.390143,110.5,-6.50341
1,40.969982,23.839756,40.9,-6.84124
1,41.218184,23.377642,78.2,-9.47572
1,40.960681,23.839256,14.5,-8.88391
1,41.223985,23.385143,89.1,-6.54494
1,40.958681,23.829656,15.7,-9.9364
1,41.220684,23.365942,54.9,-11.4072
1,41.229885,23.379642,75.6,-7.19356
1,40.950381,23.824156,8.1,-12.7792
1,41.226884,23.359642,56.8,-12.2597
1,41.031483,23.834455,289.6,-1.47561
1,41.230984,23.366442,61.7,-10.2345
1,41.023683,23.830755,266.6,-4.39839
1,41.237885,23.378442,76.6,-6.28577
1,41.018882,23.824255,214.4,-8.18657
1,41.227384,23.348942,53.5,-12.8862
1,41.012182,23.817655,176,-8.47114
1,41.236984,23.346442,51.5,-12.1422
1,41.008882,23.810155,135.5,-10.871
1,41.235385,23.358442,57.9,-11.0966
1,41.008682,23.800655,105.6,-8.28032
1,41.241185,23.365642,62.6,-9.00638
1,41.002382,23.792755,82.8,-9.66611
1,41.247385,23.378142,83.7,-5.71301
1,41.016482,23.796154,121.2,-8.75915
1,41.252885,23.368742,79,-5.78541
1,41.019683,23.842256,233.1,-4.99668
1,41.246185,23.353442,54.3,-9.90159
1,41.014483,23.852156,217.7,-3.03237
1,41.254485,23.352242,53.2,-7.40991
1,40.940481,23.823956,9.3,-15.0627
1,41.258485,23.359642,69.5,-5.86233
1,40.930881,23.823456,8.8,-16.3021
1,41.262685,23.348141,55.4,-4.24043
1,40.92268,23.825656,7.5,-16.1533
1,41.260385,23.336441,49.8,-5.59582
1,40.934181,23.834756,8.8,-14.2103
1,40.941981,23.839456,9.9,-13.423
1,41.252885,23.341441,49.8,-8.7645
1,40.950381,23.839756,9.5,-10.9875
1,41.248485,23.330141,46.5,-10.3123
1,41.002682,23.803755,96.8,-10.4535
1,41.241885,23.339641,48.8,-11.6364
1,40.995182,23.799655,91.5,-12.2895
1,41.231484,23.339241,48.8,-13.8123
1,41.232684,23.324741,44.1,-13.9806
1,40.974981,23.806455,42.2,-13.3657
1,41.240684,23.316441,45.6,-12.8506
1,41.008482,23.858756,183.9,-3.42586
1,41.248485,23.322141,46.8,-10.7092
1,41.000382,23.859656,177.6,-1.12443
1,41.100682,23.461446,31.5,-12.1911
1,40.991982,23.860456,157.1,-1.62381
1,40.981982,23.864756,128.1,-3.11998
1,41.092682,23.439645,18.7,-20.8747
1,40.976382,23.869257,84,-1.52227
1,41.106982,23.454245,34.4,-11.0325
1,40.968182,23.866257,13.5,-2.97304
1,41.118183,23.452245,39.8,-10.4878
1,40.963681,23.854656,13.1,-6.34032
1,41.104882,23.441245,22.9,-16.0089
1,40.976482,23.848756,70.5,-3.64316
1,41.099482,23.430945,20.7,-20.6158
1,40.983882,23.849756,56.7,-9.00218
1,41.101182,23.420645,19.7,-22.3334
1,40.991682,23.846456,104.1,-5.2074
1,41.107882,23.426445,20.4,-19.0188
1,40.966481,23.827456,39.6,-9.80632
1,41.112882,23.438445,26.7,-13.806
1,40.977182,23.827656,60.9,-7.80105
1,41.121883,23.446745,38.1,-10.0771
1,40.987982,23.827455,53.4,-7.56038
1,41.127383,23.438945,41,-10.6454
1,40.995182,23.828155,118.3,-5.3442
1,41.118682,23.431745,24.8,-13.6928
1,40.952381,23.854257,10.5,-7.91509
1,41.104482,23.409744,20.6,-23.0682
1,40.955881,23.865257,11.5,-5.0316
1,41.113482,23.415944,21.9,-20.4428
1,40.958881,23.878657,12.9,-2.20172
1,41.120382,23.420944,22.4,-16.689
1,40.964382,23.888157,13.2,1.98205
1,41.127883,23.426444,29.8,-11.8446
1,40.971182,23.877657,17.8,1.16795
1,41.132883,23.429644,46.4,-10.4807
1,41.002482,23.890157,94.6,5.46715
1,41.109482,23.399744,21.7,-22.9919
1,41.000982,23.849656,149.2,-6.09283
1,41.117382,23.406744,22.4,-21.3569
1,41.006982,23.844456,201.7,-4.42605
1,41.124882,23.410444,23,-18.3479
1,41.132383,23.415444,28.6,-14.2887
1,41.002482,23.867456,182.1,-0.757045
1,41.135683,23.424244,47.1,-11.3163
1,40.997882,23.878757,138.3,2.76527
1,41.135983,23.407244,28.3,-16.1842
1,40.992182,23.886257,80.7,4.37047
1,41.127882,23.402144,24.2,-20.1077
1,40.988882,23.897957,30.8,7.45849
1,41.120182,23.398144,22.9,-22.1299
1,40.983882,23.908658,16.5,5.71599
1,41.113982,23.389644,25.2,-22.816
1,40.976382,23.905158,15.6,7.56602
1,41.117882,23.379644,26.6,-22.3345
1,40.970482,23.898657,15.1,6.31894
1,41.124082,23.388444,23.9,-22.6003
1,41.001182,23.901157,59.8,7.96825
1,41.134383,23.394744,25.6,-20.5172
1,41.001383,23.913757,22.2,10.7368
1,41.143483,23.399744,28.5,-16.7916
1,41.012483,23.932958,34.4,15.716
1,41.150183,23.397944,28.2,-17.0125
1,41.005183,23.945158,32,17.9319
1,41.139883,23.383743,26.4,-20.9521
1,41.005383,23.921658,24.7,13.117
1,41.131182,23.340942,26.6,-21.8016
1,40.996983,23.948758,51.2,16.4112
1,41.121982,23.372143,26.9,-22.0963
1,40.989183,23.952759,75.2,14.3033
1,41.126982,23.364243,26.2,-21.2902
1,40.981482,23.957959,104.7,13.6546
1,41.136882,23.366243,32.2,-21.5239
1,40.973982,23.962959,142,8.50089
1,41.138983,23.374343,27.8,-21.8123
1,40.966682,23.967159,191,10.2961
1,41.148183,23.381743,27.9,-19.4179
1,40.980182,23.896457,17.5,6.05901
1,41.154383,23.387143,29.1,-16.9099
1,40.974182,23.892657,23.2,5.09503
1,41.158983,23.377943,30,-17.1175
1,40.950681,23.887157,60.9,-0.300608
1,41.167883,23.378143,31.8,-14.8992
1,40.941681,23.884157,84.5,-5.71767
1,41.162683,23.367643,31.4,-18.2462
1,40.957882,23.968159,217.6,10.1046
1,41.154483,23.369643,30,-19.7132
1,40.947482,23.97616,255.9,9.18776
1,41.146883,23.372143,29.3,-20.7991
1,40.941482,23.967759,253.5,8.94728
1,41.143183,23.364743,29.9,-21.0132
1,40.933382,23.97066,283.5,8.0632
1,41.148183,23.360943,32,-20.2108
1,41.140982,23.356243,29.4,-20.2996
1,41.133682,23.355943,27.1,-20.0554
1,40.935881,23.879757,84.4,-4.97406
1,41.138682,23.340142,31.7,-18.4455
1,40.928881,23.872657,80.4,-12.2243
1,41.145983,23.349242,30.8,-19.2428
1,40.920981,23.875257,94.2,-12.0589
1,40.91188,23.870457,89.5,-12.7094
1,41.159383,23.356442,30,-18.8855
1,40.90098,23.864657,67.1,-13.8862
1,41.170983,23.365143,32.2,-16.8358
1,40.89548,23.873158,99.3,-11.7249
1,41.167383,23.355942,31.6,-18.2357
1,40.88588,23.875458,61,-11.5312
1,41.175183,23.356242,34.5,-16.8782
1,40.86998,23.911459,150.4,9.44071
1,41.161883,23.347142,32.5,-19.1757
1,40.87738,23.873958,74,-8.35289
1,41.151183,23.337942,33.2,-18.503
1,40.866479,23.873758,65.8,-3.02996
1,41.158483,23.335942,34,-18.2144
1,41.155683,23.325942,30.7,-17.6279
1,40.908181,23.95996,293.4,9.85578
1,41.166983,23.328942,34.6,-18.2768
1,41.170983,23.344742,33.9,-18.6978
1,41.019382,23.809255,211.1,-5.12466
1,41.175383,23.337242,36.6,-18.5458
1,41.024683,23.815755,221.5,-8.32848
1,41.178983,23.348442,34.8,-17.3429
1,41.019482,23.790454,115.3,-5.18495
1,41.179483,23.329642,35.1,-18.3354
1,40.925381,23.961959,293.3,7.66042
1,41.186883,23.322241,37.2,-17.5215
1,40.935881,23.942659,262.5,6.6362
1,41.163983,23.320142,32.3,-17.2865
1,40.941381,23.931759,219.4,5.9491
1,41.171883,23.322242,33.5,-16.9714
1,40.945681,23.922958,190,5.52479
1,41.161183,23.311241,32.4,-16.1398
1,40.86798,23.887958,80.4,-1.13707
1,41.168683,23.311441,32.8,-16.6654
1,40.87168,23.901158,125.9,2.23822
1,41.176983,23.313741,34,-17.1887
1,40.944481,23.913758,207,1.8857
1,40.947881,23.902458,149.1,-0.908205
1,41.173483,23.301241,34,-16.2267
1,40.87038,23.922259,182,13.7616
1,41.174483,23.290141,33.8,-15.2445
1,40.87018,23.933259,231.8,16.2167
1,41.181983,23.301741,35.4,-16.6438
1,40.958982,23.895457,55.4,0.292967
1,41.186183,23.312641,36.1,-17.2215
1,40.87838,23.939659,258.2,15.8248
1,41.188983,23.303741,36.4,-16.535
1,41.195983,23.311241,37.7,-16.813
1,40.969482,23.916658,105.1,10.3522
1,40.929481,23.951759,277.7,8.16882
1,41.180383,23.282241,35.2,-15.2346
1,40.932881,23.959959,271.6,8.56181
1,41.193983,23.293141,37.1,-15.8882
1,40.88718,23.895758,123.4,-5.83152
1,41.201183,23.301741,38.6,-16.0443
1,40.89298,23.886458,124.9,-7.77224
1,41.188683,23.27974,34.7,-14.8723
1,40.948881,23.874357,17.7,-4.15449
1,41.198483,23.28564,39,-15.1568
1,40.947181,23.860657,16.8,-7.19748
1,41.184383,23.26814,34.7,-12.7753
1,40.938881,23.852657,44.9,-11.5908
1,41.176983,23.26144,33.4,-11.4346
1,40.932181,23.846256,17.1,-13.4658
1,41.168483,23.25374,30.8,-9.91681
1,40.924481,23.841756,14.9,-14.8848
1,41.161882,23.26474,30.6,-10.4513
1,40.91888,23.837256,31.7,-15.3416
1,41.170383,23.27144,32.6,-12.5651
1,40.955682,23.914758,150.8,8.51587
1,41.174483,23.27974,34.2,-14.421
1,40.962182,23.905458,89.9,5.07975
1,41.161882,23.274241,30.7,-11.7962
1,40.962682,23.925458,153,10.4382
1,41.155682,23.273141,29.6,-10.566
1,40.954382,23.931758,191.1,6.08496
1,41.163983,23.281741,33.2,-13.3958
1,40.948182,23.930458,147.4,7.95658
1,41.153982,23.282641,30.8,-12.1441
1,40.979882,23.918758,54.2,8.57319
1,41.159483,23.289741,31.6,-13.8603
1,40.980482,23.927758,88.9,10.4969
1,41.165183,23.298441,33.3,-15.1959
1,40.977982,23.938758,128.3,12.3624
1,41.147382,23.292241,30,-13.4863
1,40.976382,23.952759,147.6,9.42109
1,41.156883,23.299741,30.7,-15.1147
1,40.944882,23.946259,196.8,6.44578
1,41.137382,23.294241,28.1,-12.3526
1,40.984682,23.879757,52,2.1657
1,41.145682,23.305941,29.8,-14.8565
1,40.992682,23.870157,136.7,-0.298718
1,41.152882,23.310941,31.3,-15.8381
1,40.87588,23.890458,110.1,-2.6285
1,41.135382,23.308742,28.7,-14.2646
1,40.88148,23.898958,126.4,-1.50341
1,41.147882,23.317242,30,-16.4797
1,40.88848,23.905758,149.5,-1.07314
1,41.125382,23.311442,27.9,-13.7993
1,40.89498,23.913259,159.6,0.966842
1,41.136482,23.318942,28.1,-16.1354
1,40.90188,23.922159,189.4,5.74892
1,41.145982,23.329642,30.2,-18.0166
1,40.908381,23.933759,227.1,8.59469
1,41.125982,23.323942,27.9,-15.5492
1,40.914981,23.943659,255.6,7.50667
1,41.138482,23.332142,29.5,-17.7554
1,40.921881,23.948659,265.2,7.29625
1,41.129382,23.333142,28.3,-17.28
1,40.91118,23.832756,6.5,-16.2135
1,41.120682,23.337242,27.5,-17.3318
1,40.90168,23.830156,20,-16.3914
1,41.131982,23.342643,29.7,-18.5169
1,40.90318,23.853757,57.5,-14.0581
1,41.124482,23.345643,26.3,-18.8401
1,40.90238,23.842457,41.1,-14.1887
1,41.114482,23.341443,24.4,-17.603
1,40.91198,23.845957,20.1,-16.4542
1,41.113482,23.349743,23.8,-18.6714
1,40.91188,23.856957,61.4,-13.0681
1,41.125682,23.353443,27.8,-20.018
1,40.918881,23.862157,57.1,-12.2351
1,41.121182,23.362943,26.2,-20.9292
1,40.940681,23.869957,32.9,-7.86226
1,41.110382,23.359643,28.6,-19.3802
1,40.928381,23.857957,41.1,-12.7635
1,41.111882,23.368943,25.2,-21.2419
1,40.920881,23.851257,28.4,-14.4827
1,41.100382,23.366243,24,-20.1083
1,40.943382,23.955159,248,10.2651
1,41.108182,23.377944,23.5,-21.9301
1,40.953882,23.945759,219.1,10.5801
1,41.100982,23.377944,23.7,-21.6881
1,40.989382,23.917258,22,8.04857
1,41.104382,23.387644,23,-22.6812
1,40.969382,23.930158,138.1,6.45022
1,41.094482,23.382244,22.9,-22.3071
1,40.968582,23.949659,183.3,11.8858
1,41.096182,23.392244,21.3,-22.8542
1,40.968582,23.937458,133.2,11.0274
1,41.085982,23.384244,21.4,-22.5976
1,40.957682,23.958459,198,8.98414
1,41.100182,23.399644,20.6,-23.1861
1,40.950482,23.963759,224.1,10.5502
1,41.088682,23.396244,20.2,-23.3412
1,40.987482,23.936258,85.5,14.0081
1,41.098182,23.408744,20.9,-23.2209
1,40.960682,23.937658,212.2,11.3215
1,41.091982,23.411445,19.7,-24.0292
1,40.932181,23.863657,54.9,-10.7227
1,41.080681,23.405144,19.5,-24.4429
1,40.934981,23.890657,95.8,-6.03516
1,41.084882,23.414645,18.4,-24.2136
1,40.940681,23.899658,193.1,2.06942
1,41.094482,23.423945,18.9,-22.5746
1,40.938481,23.909758,161.6,1.95092
1,41.087682,23.421245,18.3,-23.9393
1,40.936581,23.917658,198.8,3.61662
1,41.090182,23.428945,18.9,-22.9001
1,40.931381,23.925958,233.2,5.24953
1,41.076881,23.395144,18.4,-23.2733
1,40.928681,23.916458,213.2,6.42794
1,41.073981,23.387244,18.1,-22.5834
1,40.926981,23.936859,256.7,7.13504
1,41.076481,23.374744,19.2,-19.9468
1,40.928381,23.906158,193.2,0.807848
1,41.083481,23.392944,19.9,-23.5322
1,40.927181,23.892258,182.3,-2.76144
1,41.075181,23.354643,21.7,-14.7096
1,40.986983,23.942958,77.9,11.1673
1,41.081481,23.364244,23.4,-17.9238
1,40.994183,23.935658,63.9,15.9816
1,41.083481,23.372244,21.3,-20.1257
1,40.995182,23.923758,27.8,10.9592
1,41.090981,23.370144,22.1,-20.5641
1,40.993482,23.912157,18.7,10.5452
1,41.088681,23.358143,22.7,-17.9738
1,40.963882,23.953159,166.1,9.36473
1,41.083681,23.352143,21.8,-15.9504
1,41.001683,23.932258,25.8,14.6428
1,41.088981,23.338443,22.9,-14.1116
1,40.859879,23.863658,52.8,-0.923337
1,41.092381,23.348443,22.4,-16.6898
1,40.851679,23.857257,25.6,1.8921
1,41.097682,23.357143,23.3,-18.2755
1,40.843679,23.853758,15.1,0.269614
1,41.102882,23.347243,23.4,-17.5424
1,40.835679,23.857258,11.7,6.44694
1,41.096881,23.336743,23.9,-14.5125
1,40.913881,23.931259,237.4,6.96058
1,41.105182,23.333742,23.7,-15.5604
1,40.911981,23.919759,224.5,5.59609
1,41.108682,23.347643,23.6,-18.0287
1,40.912881,23.907658,202.3,-0.58091
1,41.112382,23.332242,25.1,-15.8262
1,40.911181,23.896258,157.1,-4.7318
1,41.107382,23.321242,24.5,-13.369
1,40.911481,23.884658,109.5,-10.5134
1,41.117882,23.328442,25.2,-15.657
1,40.907381,23.896458,172.2,-6.13439
1,41.115982,23.312142,25.9,-12.6638
1,40.904981,23.906758,184.9,-0.740586
1,41.112381,23.298442,25.3,-8.21927
1,40.919381,23.924958,238.5,5.46466
1,41.120382,23.300142,27.6,-10.3803
1,40.921681,23.918158,214.9,3.20466
1,41.122682,23.291741,26.9,-9.17619
1,40.918881,23.905658,206.9,-0.811425
1,41.130382,23.297941,28.1,-11.6316
1,40.825479,23.857958,31.4,5.75297
1,41.127882,23.284741,26.6,-8.41191
1,40.816978,23.857958,58.5,5.92429
1,41.136482,23.285141,27.9,-10.0677
1,40.809378,23.859458,11.2,7.53402
1,41.133182,23.273441,28,-7.44381
1,40.806878,23.847158,4.6,7.20433
1,41.136482,23.26294,27.8,-6.03992
1,40.809678,23.837257,1.1,3.99303
1,41.145382,23.265441,28.6,-7.80055
1,40.818478,23.829157,25.1,3.1497
1,41.145182,23.26464,28.5,-6.74595
1,40.827678,23.840157,7.9,6.88867
1,41.153982,23.25594,30.2,-8.48577
1,40.838879,23.847757,2.6,5.84884
1,41.149382,23.24794,29,-7.76896
1,40.849179,23.839257,8.2,3.11641
1,41.152882,23.23964,28.8,-6.65926
1,40.89368,23.823956,2.4,-13.7977
1,41.160682,23.24464,30.2,-8.00008
1,40.919681,23.891458,185.6,-6.14702
1,41.061581,23.335943,22.2,-6.05654
1,40.90468,23.889958,129.1,-9.29418
1,41.068181,23.344243,21.8,-10.6502
1,40.89768,23.893158,118.3,-7.71516
1,41.070181,23.334643,20.7,-8.72106
1,40.90448,23.878657,96.1,-11.7392
1,41.078181,23.340643,23.1,-12.2123
1,40.89398,23.902958,131.2,-3.86795
1,41.073181,23.324743,21.5,-6.69027
1,40.88188,23.887158,103.1,-7.52691
1,41.069881,23.312242,24,-1.07486
1,41.076481,23.314742,21.3,-3.91938
1,41.081181,23.326743,23.1,-9.39609
1,41.086881,23.330443,21.9,-11.8053
1,40.88438,23.829957,3,-11.8314
1,41.095681,23.328943,23.3,-12.8363
1,40.876179,23.834957,3.1,-8.83856
1,41.090981,23.319742,22.9,-9.38532
1,40.867379,23.839157,2.7,-5.62634
1,41.084381,23.313142,23.1,-5.4849
1,40.858479,23.836257,2.8,-1.37662
1,41.079381,23.303442,24.7,0.461827
1,40.851379,23.849257,19,2.4913
1,41.095681,23.313442,23.6,-8.00273
1,40.860679,23.851957,3.7,-1.76493
1,41.081981,23.289742,29,3.46583
1,40.870879,23.852257,2.8,-6.02795
1,41.086981,23.298142,23.6,-0.519298
1,41.097681,23.302142,23.6,-5.31543
1,40.841979,23.881958,82.7,8.78641
1,41.105382,23.309642,24.8,-9.91406
1,40.851679,23.869758,43.5,1.03629
1,41.103981,23.293742,23.8,-4.25764
1,41.096881,23.291242,23.7,-1.27753
1,40.87488,23.860657,24,-9.09938
1,41.087681,23.283942,30.9,3.39701
1,40.87988,23.852457,9.2,-9.57488
1,41.098481,23.277641,31.8,2.09428
1,40.88548,23.853457,41,-11.1419
1,41.089481,23.272241,43.1,4.96801
1,40.88568,23.862757,42.7,-10.7454
1,41.108481,23.283441,24.3,-2.92465
1,40.89198,23.861657,72.6,-12.7844
1,41.114481,23.288941,25.2,-6.38897
1,40.89368,23.848757,27.3,-13.3157
1,41.109481,23.278941,26.5,-2.13896
1,40.89248,23.837257,3,-12.6991
1,41.096981,23.260141,74.7,6.28969
1,40.88438,23.840757,2.8,-11.0282
1,41.101981,23.268741,33.5,3.40068
1,40.859879,23.894758,113.5,4.63385
1,41.118182,23.282641,24.8,-6.85048
1,40.86238,23.909259,134,7.30813
1,41.114881,23.270441,26.3,-1.64986
1,40.856679,23.911759,159,13.4482
1,41.112681,23.263141,33.5,0.858951
1,40.857979,23.880258,63.4,-0.495635
1,41.104481,23.254741,68.5,4.40548
1,40.848479,23.880158,86.5,0.971592
1,41.123482,23.272241,25.9,-5.38679
1,41.119382,23.259741,32.5,-1.33597
1,40.832679,23.869458,79.4,1.93734
1,41.113981,23.25064,45.9,1.40665
1,41.118181,23.24214,41.7,2.29155
1,40.95398,23.58415,7.7,-19.0984
1,41.126182,23.24714,28.4,-0.81358
1,40.95218,23.57575,8.1,-17.3867
1,41.129382,23.25974,27.3,-4.081
1,40.949379,23.56715,9.5,-15.5164
1,41.138182,23.25094,28.1,-5.88162
1,40.95248,23.556249,11.1,-15.5584
1,41.147382,23.24124,27.5,-6.31274
1,40.955179,23.538449,11.6,-15.1268
1,41.138482,23.23144,27.6,-2.86461
1,40.954679,23.525649,11.4,-13.6403
1,41.132882,23.22714,33.1,-0.942295
1,40.956879,23.514448,11.1,-13.3998
1,41.128481,23.23674,30.8,-1.63788
1,40.939979,23.519949,14.9,-5.53989
1,41.063481,23.319643,23.4,-1.60884
1,40.938879,23.507148,20.6,-1.95578
1,41.074881,23.296442,29.1,3.83084
1,40.929879,23.505748,31.8,3.95914
1,41.080181,23.273941,55.5,6.79793
1,40.920979,23.504448,42.8,8.50397
1,41.075181,23.280642,48.5,7.58305
1,40.911678,23.503249,57.6,11.6854
1,41.06868,23.287242,62.6,7.11956
1,40.876478,23.580651,151.1,10.6844
1,41.06198,23.295142,70,6.57218
1,40.944479,23.526949,12.2,-8.8438
1,41.068181,23.303142,26.6,3.07816
1,40.945379,23.541949,11.2,-10.6525
1,41.062381,23.308142,32.1,2.78547
1,40.945379,23.553749,10.1,-12.1204
1,41.05438,23.298442,81.6,6.97559
1,40.945379,23.56595,10.9,-13.2375
1,41.04618,23.306742,73.8,6.22491
1,40.94518,23.57845,8.8,-14.757
1,41.05648,23.315443,31.1,2.38368
1,40.936579,23.58325,10.2,-11.5066
1,41.057881,23.325643,21.1,-2.39053
1,40.930679,23.57475,13.2,-8.05159
1,40.98898,23.491447,13.6,-25.8146
1,40.928679,23.56445,17.3,-5.86418
1,41.090681,23.307942,22.9,-4.87911
1,40.930879,23.553449,17.3,-5.75148
1,41.102381,23.320142,24.1,-11.6141
1,40.937179,23.555249,12.9,-8.6932
1,40.978979,23.363444,92.2,6.24528
1,40.887178,23.56425,97,6.75334
1,40.99738,23.371444,42.8,-1.99308
1,40.878678,23.56995,161.5,8.55996
1,40.987879,23.357244,87.4,5.64635
1,40.871878,23.572751,206.9,10.2976
1,40.992379,23.351444,81.9,7.55535
1,40.875978,23.594251,149,13.7398
1,41.139882,23.24374,28.6,-6.42842
1,40.918179,23.55945,26,-0.665046
1,40.982679,23.413146,22,-7.76496
1,40.911979,23.55025,33.7,3.03568
1,40.976979,23.433946,22.1,-10.0375
1,40.918979,23.545449,27.4,1.12426
1,40.962379,23.472147,14.3,-10.8392
1,40.914179,23.537449,39.4,3.85448
1,41.186183,23.282241,36,-15.4628
1,40.915179,23.525749,69.6,6.52958
1,41.238985,23.331441,46,-12.7219
1,40.907378,23.522249,111.8,9.5469
1,41.190683,23.330142,36.9,-17.4787
1,40.822878,23.846958,65.8,5.70988
1,41.145983,23.338742,32,-18.4236
1,40.963479,23.513248,11.4,-16.9202
1,41.146182,23.281741,30.1,-10.5522
1,40.96268,23.524949,10.3,-17.5729
1,41.139382,23.275941,28.6,-8.98664
1,40.96168,23.536449,9.9,-18.3201
1,40.96088,23.546249,9.7,-18.8389
1,41.020381,23.512948,13,-29.0663
1,40.95998,23.558649,9,-19.3457
1,41.046481,23.518947,12,-24.0573
1,40.95918,23.57065,8.2,-20.0377
1,41.043681,23.528148,13.4,-24.1031
1,40.95968,23.58145,7.1,-20.8069
1,41.091882,23.548948,50.7,4.81056
1,41.04238,23.314643,41.1,5.29032
1,40.95898,23.59125,6.4,-21.3359
1,41.04268,23.326243,32,0.621014
1,40.948179,23.513448,12.9,-8.66201
1,41.05238,23.331443,23.8,-2.57951
1,40.936679,23.56815,10.9,-10.0219
1,41.04768,23.353444,21.6,-8.19881
1,40.933179,23.541749,14.1,-5.16058
1,41.068681,23.378444,18.9,-19.521
1,40.936579,23.530449,17.4,-5.10358
1,41.077881,23.382244,19.1,-21.6338
1,40.930879,23.518149,26.5,0.282734
1,41.068181,23.389244,19.9,-22.1795
1,40.923379,23.512449,36.3,5.87696
1,41.041181,23.439746,15.9,-25.6195
1,40.925879,23.538149,19.5,-1.12856
1,41.043481,23.401745,17.8,-21.2123
1,40.923979,23.528449,39.7,1.67975
1,41.049481,23.399745,16.9,-21.7568
1,40.918879,23.518449,43.2,6.39437
1,41.056481,23.422145,15.8,-25.1611
1,40.905378,23.510149,80.9,11.2567
1,41.062881,23.428745,16.5,-24.866
1,40.900978,23.521149,116.8,11.1258
1,41.082682,23.491246,24.9,-12.345
1,41.00948,23.427146,18.4,-19.2425
1,40.897378,23.54495,58.1,8.02182
1,40.895378,23.55615,55.1,6.79132
1,41.096483,23.525147,139.3,3.10056
1,40.901179,23.56815,46.2,4.3057
1,41.091983,23.535148,111.6,3.27686
1,40.902379,23.57675,53,3.53349
1,41.101883,23.525647,165.1,3.71604
1,40.909179,23.589251,45,-0.060537
1,41.107383,23.523147,217.8,3.50843
1,40.917879,23.58315,16.9,-3.90965
1,40.921979,23.57575,17.3,-4.72157
1,41.102883,23.546748,131.4,10.6004
1,40.929479,23.59075,8.6,-10.1185
1,41.108483,23.542147,180.1,11.1912
1,40.925179,23.601651,7.1,-8.98349
1,41.111983,23.532947,203.2,7.97961
1,41.098183,23.541248,157.1,7.56665
1,41.126883,23.528447,325.7,5.35967
1,40.910979,23.601151,21.7,-1.77715
1,41.115383,23.538447,237.9,7.3927
1,40.903679,23.597651,29,1.81818
1,41.108183,23.558148,184.3,8.07911
1,40.887678,23.604151,85.4,4.32792
1,41.117683,23.556248,232.1,9.58098
1,40.893378,23.523749,89.3,12.5226
1,40.892678,23.53725,109.6,11.6884
1,40.886978,23.526749,149.9,16.9295
1,41.120183,23.517147,309.5,4.90759
1,40.886378,23.508249,171.8,15.8455
1,41.136883,23.524647,362.8,4.05954
1,40.893978,23.510449,109.5,16.0847
1,41.130683,23.521447,293.9,4.12276
1,40.905178,23.55295,38.5,5.00289
1,41.131883,23.509746,256.9,6.00116
1,40.906878,23.54215,60.5,6.54429
1,41.125983,23.504246,217.2,4.92739
1,41.117883,23.499346,175.2,2.51261
1,40.905478,23.532249,84.4,8.3213
1,40.909379,23.56945,32.2,1.12887
1,41.105983,23.506747,139.8,2.11024
1,40.897379,23.587951,48.3,3.7577
1,41.118483,23.510647,211.6,5.2744
1,40.892478,23.57625,78.5,4.74271
1,41.113183,23.507247,152.9,5.19112
1,41.131883,23.497646,281.8,0.236671
1,40.884178,23.589651,81.4,9.04993
1,41.118983,23.493746,162,2.04741
1,40.892378,23.596951,65.1,4.5739
1,41.108183,23.495646,111.2,2.91874
1,40.895879,23.609451,38,2.07009
1,41.113983,23.487246,97.4,-0.004576
1,40.866878,23.589651,183.7,9.40958
1,41.124483,23.482946,181.2,-0.932104
1,40.854978,23.594251,307.5,9.98071
1,41.130383,23.487146,191.8,-0.909718
1,40.860178,23.603451,266.7,9.6875
1,41.137883,23.502146,285.8,1.16095
1,40.863978,23.625252,148.6,5.72668
1,40.879678,23.603651,123.7,13.0858
1,41.145384,23.504646,336.2,0.733323
1,41.150184,23.506246,368,3.28711
1,40.881378,23.613251,106.2,10.8862
1,41.134883,23.487646,209.1,-6.22783
1,40.867678,23.599151,187,9.68257
1,41.144883,23.485646,252.9,-0.663259
1,40.864478,23.614652,176.6,6.18918
1,41.113683,23.476746,66.2,-2.30057
1,40.873378,23.618952,116.4,9.47045
1,41.122883,23.471446,112.7,-2.47589
1,40.872678,23.655953,61.6,0.426032
1,41.133483,23.474646,183.9,-2.62052
1,40.882679,23.655752,50.8,-2.27829
1,41.143983,23.483946,239.6,-3.43346
1,40.864978,23.670253,97.6,1.01525
1,41.163484,23.483746,395.8,2.76738
1,40.871978,23.678453,94.5,-4.10638
1,41.168184,23.487146,468.3,11.9678
1,40.877379,23.687753,83.2,-7.1183
1,41.166484,23.491246,491.3,4.17957
1,40.878679,23.700453,64.6,-7.27871
1,41.148683,23.483146,260.7,-1.06367
1,40.883679,23.695953,50.2,-9.15531
1,41.148483,23.463745,201.1,-5.43396
1,40.882879,23.681753,54.9,-7.9696
1,41.156484,23.466245,236.3,-4.64049
1,40.884879,23.668453,43.1,-4.90271
1,41.163984,23.468145,347.4,0.879688
1,40.892379,23.653952,44.4,-5.62442
1,41.170184,23.462245,384.2,4.95927
1,40.901479,23.652252,38.9,-8.31745
1,41.138983,23.462645,157.5,-4.62713
1,40.910379,23.653252,27.7,-9.80057
1,41.129883,23.460445,132.8,-4.30951
1,40.884479,23.645652,54.9,-0.634597
1,41.144383,23.446445,138.5,-6.24204
1,40.877978,23.638152,70.8,3.41503
1,41.139383,23.451445,120.5,-5.31913
1,40.869978,23.648252,74.6,3.04954
1,41.151483,23.453745,182.6,-4.97136
1,40.864978,23.655453,91.3,1.20796
1,41.158983,23.459745,239.9,-3.20509
1,40.880478,23.629952,73.6,5.79852
1,41.163184,23.457245,273.7,-0.366702
1,40.888878,23.616651,73.8,3.09711
1,41.176884,23.464245,430.9,8.33706
1,40.868978,23.633752,110,4.29575
1,41.169484,23.481245,356.7,6.14516
1,40.852478,23.581651,310.9,9.90002
1,41.181484,23.456245,372.3,9.06384
1,40.873178,23.610251,144.8,11.5236
1,41.171884,23.447645,264.4,1.81328
1,40.858478,23.648952,97.9,4.53238
1,41.160183,23.438945,187.3,-3.86288
1,40.913979,23.660652,12.6,-12.5261
1,41.159883,23.447645,192.6,-2.35498
1,40.907979,23.671952,36.8,-10.2577
1,41.154383,23.445145,161.7,-3.62357
1,40.904979,23.683953,27.6,-9.39037
1,41.168484,23.433944,230.3,-0.139308
1,40.902979,23.693653,19.1,-9.43957
1,40.903879,23.666953,45.3,-9.16546
1,41.171484,23.416744,251.1,-5.9773
1,40.897379,23.662652,42.2,-7.15204
1,41.158983,23.435644,147.7,-7.90318
1,40.895379,23.675753,40,-7.63124
1,41.176484,23.440144,266.8,3.38617
1,40.895379,23.688453,19.5,-8.94414
1,41.186584,23.442244,343.8,6.41104
1,40.892379,23.697153,49.7,-11.9942
1,41.155183,23.433944,146.6,-6.09707
1,40.884879,23.704454,81.3,-8.65582
1,40.859978,23.639452,120.3,5.04248
1,41.184884,23.432144,354.4,1.38835
1,40.894679,23.625952,58.6,-0.871215
1,41.194484,23.438444,381.2,7.22601
1,40.899679,23.619251,32.7,-2.91362
1,41.201884,23.444644,395.1,9.88299
1,40.904479,23.627451,18.3,-5.14654
1,41.209384,23.424644,267.7,4.25168
1,40.911879,23.626151,16.3,-7.02346
1,41.199384,23.432144,288.3,3.99271
1,40.907179,23.612251,13.3,-2.58834
1,41.211484,23.414743,191.8,3.30748
1,40.914979,23.614751,8.7,-6.09477
1,41.213684,23.403143,163.8,2.37528
1,40.919679,23.625451,8.3,-9.65048
1,41.212384,23.391443,129,-0.498711
1,40.921179,23.638252,7.6,-11.7169
1,40.92768,23.641452,6.1,-13.8762
1,41.187384,23.410944,151.2,-17.5568
1,40.918679,23.652152,17.9,-11.7984
1,41.195384,23.410443,130.9,-12.0618
1,40.913379,23.643152,17.4,-9.71968
1,41.198984,23.398943,124.7,-4.47147
1,40.906879,23.636952,29,-7.35355
1,40.901979,23.645252,32.7,-7.54294
1,41.209384,23.399643,145.6,-2.08611
1,40.894379,23.638252,44.5,-3.54872
1,40.887179,23.636152,62.8,0.590501
1,40.918978,23.435647,168.5,19.8887
1,40.891179,23.646452,43.7,-4.13591
1,40.909378,23.462148,140.7,18.722
1,40.873878,23.664953,64.4,-2.83418
1,40.897678,23.469248,199.9,20.2613
1,40.94388,23.650652,3.9,-19.5668
1,40.915378,23.464748,97.9,17.4468
1,40.95298,23.655152,4,-21.606
1,40.916178,23.454247,100.6,18.8848
1,40.93448,23.645252,3.9,-16.573
1,40.885378,23.493149,264.3,17.9922
1,40.93538,23.635651,4.6,-15.7954
1,40.94968,23.59865,6.9,-18.5707
1,40.910678,23.472148,113,17.003
1,40.942679,23.59395,7.3,-15.3205
1,40.909478,23.440947,169.1,16.3367
1,40.934379,23.626151,5.1,-15.0838
1,40.899378,23.452947,195.9,19.3906
1,40.93538,23.615951,5.3,-14.7292
1,40.899478,23.463948,173.9,19.8945
1,40.927379,23.610451,6.3,-10.8789
1,40.894378,23.465948,217.4,19.9425
1,40.923679,23.620751,6.8,-10.5214
1,40.883678,23.483748,285.8,20.366
1,40.939679,23.605251,6.4,-15.4407
1,40.931979,23.59545,8.4,-11.1281
1,40.895978,23.500649,128.1,15.666
1,40.94568,23.630451,4.5,-19.3645
1,40.900978,23.500449,124.3,14.8031
1,40.95448,23.630651,4.4,-22.0362
1,40.897878,23.491448,152.2,16.6629
1,40.94898,23.637251,3.8,-20.9302
1,40.94198,23.638151,3.8,-18.5923
1,40.94818,23.619651,5,-19.6604
1,40.878177,23.475648,317,21.8766
1,40.95888,23.608251,6.2,-22.0813
1,40.877877,23.471448,322.9,19.7025
1,40.95798,23.620251,4.3,-22.374
1,40.897678,23.482248,165.6,18.0689
1,40.94898,23.608451,5.2,-19.5835
1,40.896178,23.474248,191.7,19.9665
1,40.861378,23.573751,271.8,15.7357
1,40.927979,23.627751,6.4,-12.9552
1,40.903478,23.474648,111.1,17.7861
1,40.883478,23.518149,173.3,16.5841
1,40.906878,23.486748,92.8,15.0995
1,40.94848,23.666652,3,-21.0802
1,40.919878,23.448947,131.7,17.1544
1,40.93988,23.661452,3.8,-18.961
1,40.918978,23.427147,186.9,18.8063
1,40.93088,23.656152,5,-15.6217
1,40.913478,23.441447,156.5,20.1251
1,40.891979,23.713454,88.5,-10.673
1,40.925678,23.417246,156.7,16.4516
1,40.892979,23.726954,66.6,-11.5906
1,40.929378,23.423446,109.1,16.4398
1,40.94588,23.676152,3,-20.4962
1,40.935978,23.418146,91.3,13.6817
1,40.93718,23.671452,3.2,-18.6311
1,40.933678,23.408446,128.6,16.203
1,40.92918,23.666652,4.6,-16.0667
1,40.939878,23.406746,95.8,14.3487
1,40.892479,23.739254,50.4,-11.5206
1,40.945178,23.403746,80.4,13.2643
1,40.892179,23.747454,40.1,-11.8514
1,40.921978,23.438147,75.6,12.284
1,40.885979,23.748455,20.8,-11.5807
1,40.884179,23.734754,28.4,-9.81914
1,41.101983,23.535947,191.6,8.38724
1,40.880679,23.719754,48.6,-7.55522
1,41.109383,23.515947,240,2.94743
1,40.878679,23.729954,32.9,-7.57422
1,41.101983,23.517647,200.5,2.80035
1,40.880379,23.708254,62.9,-7.88631
1,41.121883,23.498446,241.3,1.6964
1,40.858679,23.731154,104,-5.82996
1,41.158484,23.483146,369,1.492
1,40.850378,23.730754,109.2,-6.45774
1,41.166184,23.442645,227.7,-1.95201
1,40.842678,23.728154,178.4,-6.88962
1,41.185684,23.422944,423.9,-1.20405
1,40.863679,23.735454,82.9,-8.20438
1,41.127683,23.480946,238.5,-0.778106
1,40.93918,23.686453,4,-18.9428
1,41.203984,23.412943,209.5,2.1055
1,40.93398,23.699653,3.6,-17.8265
1,41.210985,23.433744,408.3,7.87197
1,40.93138,23.708253,3.1,-17.6962
1,40.92948,23.721453,3.1,-17.285
1,40.92368,23.713753,1.3,-15.3752
1,40.91618,23.709253,4.3,-13.5996
1,40.908979,23.702253,10.1,-11.3254
1,40.91348,23.695153,18.3,-11.7048
1,40.91698,23.697953,4.8,-13.0537
1,40.92118,23.690253,3.8,-13.554
1,40.92098,23.675753,5.7,-13.21
1,40.93048,23.684753,2.3,-16.8842
1,40.93148,23.675652,3.6,-17.0048
1,40.91838,23.729654,1,-15.3989
1,40.92688,23.740254,1.4,-18.1767
1,40.902879,23.712654,66.7,-14.784
1,40.91638,23.747454,6,-17.0599
1,40.92288,23.759255,2,-20.06
1,40.92798,23.767955,2.5,-20.4827
1,40.91688,23.765955,6.7,-19.5249
1,40.874179,23.744155,32.4,-10.22
1,40.869879,23.725454,32.4,-8.81839
1,40.871679,23.713254,38.8,-7.36889
1,40.860478,23.704154,82.6,-6.56826
1,40.868378,23.703654,44.6,-6.22247
1,40.866378,23.692153,50.2,-6.67186
1,40.856678,23.680753,93.3,-2.46864
1,40.843378,23.669953,141.4,-3.17769
1,40.851478,23.670453,113.4,-2.68331
1,40.853978,23.659653,96.4,-0.218215
1,40.845678,23.652153,160.4,-4.23269
1,40.849478,23.716754,143,-1.79393
1,40.859978,23.722754,104.6,-8.44277
1,40.852478,23.700154,141.7,-0.030532
1,40.846678,23.695154,133.9,-2.66991
1,40.844978,23.706254,185.6,0.136684
1,40.837178,23.698754,184.3,-1.59209
1,40.870479,23.752455,54.7,-9.38061
1,40.860179,23.758455,74.1,-4.58788
1,40.856979,23.748755,81.4,-5.32637
1,40.879679,23.773255,42.7,-12.3479
1,40.89248,23.780955,9.5,-16.3239
1,40.89788,23.792455,5.3,-16.0476
1,40.90748,23.789655,8.3,-18.0001
1,40.90338,23.779655,10.5,-16.926
1,40.91238,23.778655,8.2,-18.6653
1,40.91698,23.786755,3,-19.7823
1,40.92148,23.777455,2.6,-20.0085
1,40.861379,23.771955,40.9,-5.92139
1,40.870179,23.779256,37.1,-7.75602
1,40.877979,23.782955,30.2,-10.4122
1,40.884979,23.785956,22.2,-13.9041
1,40.89068,23.798156,3.4,-14.2145
1,40.89598,23.807156,3.7,-15.5775
1,40.90388,23.800956,3.6,-17.5343
1,40.91048,23.794455,4.6,-18.7217
1,40.88748,23.812456,3,-13.6491
1,40.882179,23.803656,5.9,-12.4351
1,40.880879,23.816656,2.9,-11.8805
1,40.871979,23.822156,0.9,-9.15235
1,40.863379,23.824257,0,-5.28912
1,40.855379,23.817156,12.3,0.799703
1,40.862379,23.809156,8.4,-6.18751
1,40.867879,23.819156,1.4,-7.77623
1,40.871379,23.805956,7.7,-8.47404
1,40.876679,23.797756,14.4,-10.0952
1,40.870679,23.790156,22.5,-7.66293
1,40.865179,23.794756,30.7,-6.56521
1,40.865379,23.783156,30.8,-8.16751
1,40.852678,23.736155,104,-7.50285
1,40.834978,23.732955,231.2,-1.8753
1,40.829978,23.742955,227.2,2.02731
1,40.832978,23.755655,176.4,-0.023706
1,40.836378,23.769256,132.1,-2.77022
1,40.844878,23.767155,98.7,-7.65524
1,40.853179,23.770455,64.6,-4.99327
1,40.848878,23.754155,96.4,-6.73695
1,40.839678,23.782956,138.6,-0.724738
1,40.842379,23.794256,119.6,-0.061249
1,40.90938,23.754154,8,-16.8911
1,40.90188,23.760455,11.8,-16.6769
1,40.90888,23.743454,5.3,-15.3367
1,40.90018,23.745254,25.2,-14.4805
1,40.900679,23.730954,41.5,-14.8833
1,40.90888,23.732154,4,-13.8744
1,40.91118,23.720954,3.6,-14.007
1,40.884379,23.758455,20.9,-12.259
1,40.89598,23.763755,15.9,-15.3834
1,40.869379,23.766655,41.6,-9.18491
1,40.884979,23.771955,19.1,-14.5629
1,41.012183,23.943458,37.5,18.9603
1,41.020983,23.950458,45.1,16.7607
1,41.029883,23.953758,117.3,18.1873
1,41.038984,23.956658,180,14.2595
1,41.047684,23.959758,234.8,9.55138
1,41.055184,23.966158,265.2,8.00875
1,41.061984,23.960158,276.4,5.54574
1,41.068684,23.951458,310.9,5.38202
1,41.022883,23.933158,101.7,14.5562
1,40.845479,23.803456,92.7,2.84544
1,40.854879,23.805956,24.8,-2.11649
1,40.852479,23.796256,36.3,-2.20028
1,40.856479,23.783656,94.4,-3.53868
1,40.848179,23.781156,100.6,-4.17656
1,40.835378,23.801256,42.9,1.99057
1,40.833178,23.790756,50.6,-5.73222
1,40.838878,23.817457,26.6,3.53465
1,40.831978,23.825757,17.7,6.22317
1,40.830378,23.815657,43.8,5.17757
1,40.840879,23.828657,7,3.04614
1,40.848379,23.821157,11,2.70222
1,41.015183,23.866456,233.3,-0.690784
1,41.024383,23.866156,260.5,0.66679
1,41.033883,23.869956,294.5,3.59156
1,41.043383,23.873156,345.2,6.72834
1,41.051884,23.872456,390.3,9.95201
1,41.027883,23.852756,279.5,0.661687
1,41.037183,23.844255,315.1,3.76877
1,41.046883,23.845755,338.2,3.55933
1,41.046183,23.831755,361.1,4.73744
1,41.046883,23.819655,350,0.644551
1,41.043483,23.807454,333,-1.26554
1,41.035383,23.801754,278.1,1.4403
1,41.055683,23.831655,404.7,6.85872
1,41.064384,23.830255,440.6,6.83599
1,41.074884,23.828155,512.9,13.7193
1,41.083884,23.827455,584.7,17.6641
1,41.055984,23.847655,414.9,10.5466
1,41.065484,23.851455,487.7,13.3576
1,41.030883,23.927457,218.2,11.5891
1,41.039383,23.919157,279.6,5.19462
1,41.060984,23.925957,375.2,11.4703
1,41.067684,23.919457,473,9.36614
1,41.074484,23.910157,582.8,12.5996
1,41.081484,23.900156,656.9,15.7647
1,41.087685,23.900256,665.4,9.92969
1,41.066884,23.878956,513.5,14.5491
1,41.076184,23.891756,556.9,7.96503
1,41.087885,23.911157,578,10.5736
1,41.082184,23.921257,493.1,8.40839
1,41.077484,23.932157,428.9,7.56371
1,41.071184,23.945657,357.6,7.73732
1,41.035683,23.940158,190.9,11.6403
1,41.016383,23.920257,90.5,13.5451
1,41.025683,23.917457,157.8,8.79636
1,41.073984,23.856255,570.8,12.4018
1,41.080884,23.864255,682.8,18.775
1,41.059184,23.876156,446.6,11.5658
1,41.073984,23.874156,590.9,16.6213
1,41.048883,23.788454,244.3,-2.60004
1,41.055883,23.797454,296,3.29003
1,41.067183,23.810154,451.8,7.2235
1,41.075384,23.803154,499.8,19.9172
1,41.034383,23.788154,179.2,-0.898993
1,41.038483,23.907257,296.1,4.84043
1,41.046184,23.909457,335.6,6.85341
1,41.050184,23.897957,343.3,8.8639
1,41.057684,23.887656,426,13.7668
1,41.009383,23.884457,153.2,-0.61557
1,41.055983,23.821955,407.5,4.84132
1,41.052183,23.811854,380.7,1.96334
1,41.066684,23.840755,453.7,7.94858
1,41.074684,23.800154,402.2,15.1806
1,41.078384,23.840255,551.4,14.9459
1,41.044683,23.856756,349.4,8.14614
1,41.048883,23.862156,339.7,3.52532
1,41.033183,23.859256,309.9,6.20687
1,41.063484,23.866456,468.7,11.7697
1,41.029883,23.888457,268.1,5.40287
1,41.039683,23.887156,315.5,9.70084
1,41.057184,23.907657,420.2,11.6886
1,41.055984,23.858156,403.4,10.0383
1,40.877979,23.764455,41.6,-11.28
1,40.866878,23.572251,242.5,14.229
1,40.86298,23.909159,136.8,7.14903
1,40.85888,23.911759,140.7,12.7216
1,40.85468,23.915759,207.5,18.7515
1,40.850379,23.916759,250.1,19.5147
1,40.845879,23.919159,276.9,18.1079
1,40.842379,23.921659,291.3,12.4011
1,40.837679,23.925759,308.5,14.5947
1,40.836379,23.930259,340.7,13.0285
1,40.831479,23.93396,384,13.5512
1,40.861378,23.570451,283.8,16.1347
1,40.855978,23.568451,319.2,14.7455
1,40.851678,23.564151,370.8,15.7019
1,40.846477,23.55665,410.9,15.3188
1,41.235485,23.390643,84,-4.01858
1,41.262685,23.254739,39.4,-8.07739
1,41.220884,23.28864,39.9,-13.5159
1,41.263184,23.139936,80,-3.06902
1,41.133982,23.22674,32,-0.872295
1,41.212382,23.084135,34.3,17.545
1,41.263985,23.344641,51.1,-4.18533
1,40.746172,23.06994,96.9,-15.8057
1,40.729972,22.997438,116.9,2.72217
1,40.814174,23.022738,175.1,-16.7783
1,40.664171,23.115142,90.3,-8.40801
1,40.630171,23.216244,119.4,-10.5451
1,40.679872,23.262145,93.6,-13.9599
1,40.719172,23.171743,101.1,-16.5096
1,41.226484,23.27374,41.6,-10.797
1,41.235184,23.257439,37.5,-8.88001
1,41.247184,23.248939,35.1,-9.16184
1,41.243384,23.27074,37.1,-10.8752
1,41.240684,23.29274,41.5,-11.8665
1,41.260685,23.329141,57.4,-4.04032
1,41.232384,23.239739,32.6,-8.14989
1,41.247184,23.220938,33.3,-6.68972
1,41.217383,23.209738,31.9,-0.872726
1,41.205683,23.205638,32,1.04551
1,41.248884,23.231239,32.9,-7.76973
1,41.248884,23.164737,29.7,-3.3184
1,41.247184,23.184638,29.6,-4.5242
1,41.237984,23.198238,31,-2.73268
1,41.220983,23.187138,33,3.70467
1,41.210183,23.186238,27.8,4.07281
1,41.214984,23.27494,37.3,-12.6218
1,41.221984,23.25944,42,-8.94397
1,41.209384,23.26244,39.1,-9.92254
1,41.200883,23.25444,36.9,-8.8129
1,41.188483,23.25644,34,-9.84697
1,41.203983,23.27474,36.4,-13.1737
1,41.191883,23.27124,36.6,-12.878
1,41.177183,23.24124,30.4,-8.09733
1,41.189683,23.242439,33,-7.51776
1,41.195483,23.227239,35.5,-2.94547
1,41.184883,23.226939,32.1,-4.27084
1,41.169482,23.221639,29.5,-3.72159
1,41.150182,23.225739,30.7,-2.95294
1,41.236184,23.27924,40.9,-10.3537
1,41.205683,23.236439,34.7,-5.68821
1,41.265684,23.236739,53,-5.11148
1,41.265384,23.221238,54.6,-5.66477
1,41.261984,23.205638,62.7,-5.58366
1,41.255684,23.193938,34.8,-5.22943
1,41.262484,23.179237,60.2,-5.78514
1,41.262184,23.160737,61.9,-4.16573
1,41.263884,23.149437,69.2,-4.31823
1,41.261884,23.125436,79.9,-0.749914
1,41.263484,23.111236,73.5,0.640285
1,41.259184,23.101735,69.4,1.52811
1,41.258384,23.089735,69,2.70982
1,41.256483,23.070635,72.8,4.78353
1,41.251683,23.050634,72.6,7.45225
1,41.252483,23.002733,83.2,8.11348
1,41.257883,23.017233,95.2,6.37155
1,41.258883,23.004133,92.4,5.38875
1,41.239983,23.018634,58.3,10.0844
1,41.222382,23.035134,51.7,16.6817
1,41.215482,23.052735,52.7,18.667
1,41.223983,23.085935,34.7,14.2621
1,41.233683,23.087635,35.3,10.4296
1,41.243483,23.082635,43.3,8.16126
1,41.238683,23.048934,52.2,12.0646
1,41.232683,23.069135,42.3,14.4853
1,41.145482,23.213739,36.1,0.980576
1,41.152882,23.201139,36.9,1.73896
1,41.158982,23.191639,36,4.78665
1,41.162182,23.175638,78.2,5.65805
1,41.169482,23.176138,44.1,7.24333
1,41.175982,23.167738,38.8,7.70561
1,41.180382,23.159438,47.4,10.3227
1,41.196482,23.092136,34.6,20.0136
1,41.187982,23.108136,34.9,17.7635
1,41.180382,23.108936,45.8,14.5815
1,41.177982,23.124737,46.8,12.1755
1,41.179982,23.143437,35.1,12.7033
1,41.174382,23.093736,77.8,13.0719
1,41.188382,23.086736,53.6,17.7858
1,41.203382,23.072135,55.1,21.3076
1,41.229483,23.102436,32.6,11.8081
1,41.243483,23.098436,33.8,7.00525
1,41.251683,23.110636,32.6,3.18802
1,41.275485,23.336441,91.5,-0.456861
1,41.277485,23.30194,89.8,-2.38805
1,41.271985,23.28494,71.4,-4.41613
1,41.266885,23.270639,46.7,-7.39561
1,41.266185,23.265439,43.9,-6.665
1,41.282884,23.016233,210.7,-2.34803
1,41.277384,23.057934,200.6,-0.940629
1,41.276884,23.084435,228.4,-0.700237
1,41.278484,23.108135,224.4,-2.48336
1,41.276184,23.121936,201.9,-4.80776
1,41.276184,23.157737,195.5,-5.20987
1,41.274484,23.169137,197.8,-6.14548
1,41.270984,23.187137,138.5,-5.94248
1,41.273685,23.200138,180.2,-4.70089
1,41.271684,23.208238,139.4,-2.51958
1,41.274685,23.261639,131.8,-5.01912
1,41.276485,23.269939,102.8,-4.63163
1,41.266685,23.30944,47.6,-5.41383
1,40.875978,23.55365,311.2,9.56917
1,40.744372,23.05774,100.6,-15.3855
1,40.738972,23.043139,90.6,-13.4847
1,40.730972,23.010638,89.3,-5.13574
1,40.737372,22.986438,131.2,1.51925
1,40.750472,22.989238,108.6,-3.94209
1,40.765972,22.993138,111.1,-3.47433
1,40.776173,22.996938,113.9,-7.43686
1,40.784673,23.004438,115.4,-14.7104
1,40.793973,23.010638,128.9,-14.4922
1,40.802973,23.021238,143.8,-17.1587
1,40.808874,23.047239,163.7,-22.6262
1,40.796973,23.057739,138,-21.602
1,40.784673,23.062239,133,-20.1566
1,40.774973,23.06824,117.9,-18.4151
1,40.770673,23.08064,126.6,-18.6344
1,40.759873,23.06824,103.5,-15.4987
1,40.754472,23.056939,103.3,-15.7084
1,40.758372,23.041139,102.6,-15.352
1,40.771973,23.056139,116.8,-16.8351
1,40.783873,23.046939,127.4,-19.8591
1,40.796473,23.041139,138.7,-20.4163
1,40.807474,23.036738,173.6,-18.7128
1,40.794973,23.023738,138.3,-15.8953
1,40.783873,23.028738,121.7,-17.0882
1,40.771173,23.035239,103.6,-18.0319
1,40.727372,23.043639,86.8,-11.2915
1,40.717172,23.04524,80,-11.4004
1,40.710171,23.039939,88.2,-8.20009
1,40.713671,23.027439,97.2,-4.1002
1,40.716371,23.013139,109.8,-1.2428
1,40.723871,22.978738,238.2,9.88389
1,40.710971,22.994138,390.8,9.82982
1,40.694671,23.001139,404.1,11.7772
1,40.678971,23.017139,460,16.8956
1,40.66797,23.014739,442.6,15.2468
1,40.683971,22.986438,314.6,19.1044
1,40.68797,22.969138,188.2,21.68
1,40.69267,22.952237,96.3,21.9022
1,40.706471,22.953937,132.4,19.4876
1,40.717171,22.966238,200.5,13.9773
1,40.739172,23.000238,98.2,-3.85546
1,40.751472,23.007238,96.9,-7.1979
1,40.810973,23.005938,185.7,-13.7053
1,40.803873,22.980237,177.9,-8.66773
1,40.799373,22.995137,141.2,-14.5985
1,40.787673,22.996638,120.2,-13.3476
1,40.826974,23.024238,222.2,-17.7968
1,40.826874,23.043138,238.7,-19.6927
1,40.825874,23.054739,227.1,-19.296
1,40.837874,23.048238,306.5,-18.0715
1,40.781173,23.012738,112.2,-16.1424
1,40.767373,23.013138,99.8,-10.5168
1,40.755373,23.08194,101.2,-17.4241
1,40.775373,23.10344,163.5,-20.7364
1,40.781473,23.11214,216.7,-20.2728
1,40.792674,23.125741,312.5,-21.4084
1,40.801374,23.142741,389.8,-18.3055
1,40.805374,23.165641,420.5,-17.8553
1,40.813674,23.146241,379,-20.6923
1,40.819474,23.133641,450.1,-19.7851
1,40.814174,23.11864,377.1,-21.2897
1,40.805674,23.11164,331.4,-21.5856
1,40.796374,23.09664,287.9,-22.3998
1,40.779473,23.09194,163.5,-24.2628
1,40.781073,23.08614,154.2,-23.6073
1,40.786473,23.08214,168.7,-23.5972
1,40.763173,23.110941,136.6,-19.1365
1,40.755373,23.125941,127.1,-19.724
1,40.750373,23.103641,110.4,-19.9691
1,40.757473,23.09924,125,-19.8982
1,40.747473,23.09224,103.5,-16.7636
1,40.745372,23.08414,95.9,-15.4733
1,40.738872,23.097441,92.2,-16.6395
1,40.735372,23.08364,86.9,-14.2547
1,40.724672,23.094141,82.1,-15.7058
1,40.718372,23.108941,81.4,-17.2745
1,40.710172,23.109641,73.4,-17.019
1,40.710172,23.098241,73.9,-15.595
1,40.718972,23.08514,79.1,-14.0614
1,40.715472,23.07464,78.3,-13.4962
1,40.706472,23.081941,74.6,-13.2714
1,40.736972,23.07324,91.2,-15.0537
1,40.724372,23.07324,85.4,-13.765
1,40.762972,22.963937,146.4,2.66619
1,40.763172,22.948637,178.6,6.1025
1,40.767672,22.930736,208.7,9.6953
1,40.775872,22.945137,180.9,4.76786
1,40.769372,22.952737,163.4,4.16068
1,40.790373,22.946736,222.8,1.23713
1,40.797373,22.961937,212.2,1.5223
1,40.786973,22.960437,215.3,3.59963
1,40.774472,22.971437,151,-0.558143
1,40.762872,22.984438,127.4,-0.647015
1,40.787373,22.982937,143.3,-4.53528
1,40.794973,22.971937,170.8,-2.4695
1,40.704371,22.938437,137.1,20.3186
1,40.714871,22.939737,142.1,16.3157
1,40.728671,22.934737,272.7,18.2408
1,40.746672,22.936937,441.4,15.282
1,40.712471,22.929937,182.3,19.8682
1,40.724871,22.924637,238.8,22.5593
1,40.701971,23.04764,83.1,-7.79068
1,40.693171,23.06024,85.6,-6.71866
1,40.689371,23.07044,85.2,-7.54335
1,40.678471,23.080941,84.1,-6.20613
1,40.655671,23.102742,178.4,-1.03278
1,40.668871,23.093741,91.7,-4.08491
1,40.663371,23.087441,136.2,-0.070792
1,40.663971,23.077641,188.8,0.680208
1,40.707471,23.028439,101.9,-2.54868
1,40.699471,23.038239,111.1,-3.18207
1,40.688871,23.04914,111.7,-0.608841
1,40.680871,23.06014,117.8,-1.56372
1,40.697671,23.07814,73.5,-12.2557
1,40.704971,23.06124,80.1,-10.6585
1,40.729872,23.05564,91.7,-12.0029
1,40.716672,23.05924,84.8,-11.5932
1,40.749372,23.036639,97,-13.1072
1,40.756472,23.021639,95.3,-11.0298
1,40.742972,23.023739,88.8,-9.93008
1,40.738672,23.112641,98.4,-18.9013
1,40.726172,23.111241,89.4,-17.1635
1,40.731472,23.113441,95.6,-17.4505
1,40.725672,23.124941,91.2,-18.1728
1,40.705972,23.125941,73.9,-18.1516
1,40.716372,23.123741,83.8,-18.1541
1,40.726172,23.164242,103.7,-16.4269
1,40.734673,23.154142,117.4,-16.4625
1,40.747873,23.143942,107,-22.0836
1,40.749473,23.134441,124.3,-18.4377
1,40.753473,23.114641,109.8,-20.2432
1,40.741973,23.121241,108.1,-18.6202
1,40.719972,23.136442,88.6,-17.89
1,40.709172,23.134642,87.7,-15.7102
1,40.731472,23.134242,98.9,-18.2997
1,40.740973,23.134141,107.8,-18.3474
1,40.726472,23.150242,100.1,-17.5264
1,40.712672,23.147242,79.4,-18.5432
1,40.715472,23.158642,80.4,-18.2201
1,40.709372,23.181143,89.6,-15.0977
1,40.705372,23.190743,97.6,-14.0537
1,40.699172,23.203443,87.7,-12.3429
1,40.691472,23.218444,94.2,-13.0484
1,40.697672,23.173143,77.1,-17.5557
1,40.705472,23.160442,79,-17.6925
1,40.666971,23.140742,74.1,-13.1222
1,40.656971,23.134742,102,-7.2701
1,40.644971,23.141143,232.3,-1.80627
1,40.639871,23.154643,255.1,-2.21156
1,40.62417,23.163443,274,-0.308122
1,40.62597,23.179244,244.7,-2.85133
1,40.635871,23.188944,104.3,-10.1754
1,40.632171,23.233745,100.4,-14.2741
1,40.636171,23.246145,104,-15.02
1,40.631971,23.200644,115.6,-8.32536
1,40.648171,23.175143,92.3,-9.2613
1,40.654971,23.161643,76,-11.0827
1,40.656971,23.150743,81.6,-9.9458
1,40.647971,23.191644,83.9,-14.95
1,40.658471,23.196744,71.7,-17.547
1,40.659871,23.209644,73.4,-17.1534
1,40.651971,23.220244,88.3,-15.1127
1,40.644871,23.215744,93.7,-16.1069
1,40.645871,23.205944,95.5,-14.8725
1,40.638671,23.203144,100.4,-13.0136
1,40.671172,23.258145,85.3,-17.0823
1,40.661172,23.253445,68.1,-18.2322
1,40.650971,23.245445,81.7,-17.5028
1,40.644371,23.235245,87,-17.5545
1,40.656171,23.229444,76.7,-17.1305
1,40.663471,23.227644,72.2,-16.761
1,40.659672,23.243145,73.8,-18.1363
1,40.668472,23.243745,74.3,-17.7062
1,40.682172,23.249945,89.7,-14.9509
1,40.686972,23.233644,95.6,-12.9815
1,40.688872,23.207744,68.1,-17.0928
1,40.678872,23.214944,67.2,-16.8767
1,40.677972,23.224244,72,-17.5332
1,40.667172,23.219444,70.5,-16.617
1,40.677672,23.242445,82.7,-16.0502
1,40.638171,23.262245,115.4,-13.6091
1,40.660872,23.343247,70.2,-15.7106
1,40.638472,23.485151,52.5,-0.726022
1,40.662473,23.598753,45.8,-1.31314
1,40.696173,23.373448,40.4,-9.33143
1,41.098982,23.484146,42.4,-5.69923
1,41.093183,23.550248,50.5,4.47365
1,41.156983,23.412444,71.9,-8.61626
1,41.04248,23.330643,29.9,-0.299685
1,41.109881,23.257741,40.8,1.34555
1,41.134882,23.21914,70.7,0.720004
1,40.954879,23.399746,37,9.15643
1,40.897978,23.55425,51.9,6.51212
1,40.751874,23.386247,449.9,9.46551
1,40.815976,23.355446,603.3,8.66694
1,40.742175,23.580752,355.2,8.15754
1,40.817676,23.51545,435.4,12.9782
1,40.691973,23.331647,45.7,-14.2743
1,40.691173,23.310246,62.3,-12.7702
1,40.683972,23.284446,76.4,-11.0873
1,40.713173,23.378647,129.7,-0.285577
1,40.706173,23.371747,89.7,-5.21265
1,40.675672,23.325146,43,-14.7778
1,40.678872,23.307746,50.9,-12.2633
1,40.662472,23.310246,61.5,-16.7398
1,40.657172,23.322947,92.5,-14.5421
1,40.666872,23.297246,73.4,-13.7449
1,40.653672,23.299246,107.9,-16.2699
1,40.645371,23.280646,111.4,-13.6673
1,40.659372,23.275645,60.1,-16.3262
1,40.670372,23.261945,86.4,-16.5917
1,40.736174,23.372747,433.1,5.65416
1,40.695873,23.379648,51.6,-3.84363
1,40.702473,23.389648,83,4.14805
1,40.694973,23.402948,61.4,7.82057
1,40.685373,23.361747,41.2,-12.166
1,40.704173,23.359947,74.4,-9.36634
1,40.696673,23.348447,43.7,-13.1341
1,40.695373,23.421949,45.6,7.84585
1,40.695173,23.437649,59.2,11.0942
1,40.690673,23.45915,46.4,13.7609
1,40.691874,23.49415,53.3,20.9261
1,40.685974,23.537951,52.7,21.9601
1,40.680674,23.549252,50.1,17.8749
1,40.677474,23.564252,41.7,10.5997
1,40.670674,23.586153,41.7,3.99204
1,40.655673,23.613154,42.1,-2.98704
1,40.644173,23.598253,39.9,-3.3216
1,40.637973,23.607154,81.4,-2.53898
1,40.639973,23.585953,42.1,-1.83018
1,40.639973,23.586753,38.1,-3.59558
1,40.626373,23.610754,126.8,-0.096256
1,40.633473,23.602454,87.2,-0.779172
1,40.635473,23.572653,43.4,-0.697255
1,40.621972,23.566653,73.1,3.43718
1,40.618172,23.586753,103.7,4.12979
1,40.629173,23.557153,47,3.23897
1,40.627673,23.545152,54.8,5.08248
1,40.625972,23.528152,65.6,5.55089
1,40.643973,23.512151,64.4,5.61395
1,40.628373,23.585253,62.6,-1.42484
1,40.602672,23.580253,447,4.75823
1,40.608372,23.572753,221.7,2.82291
1,40.618672,23.493251,111.3,5.86983
1,40.608172,23.493251,213.6,8.36416
1,40.598672,23.476651,96.1,3.02579
1,40.605472,23.514252,267.9,12.8769
1,40.592472,23.590254,367.5,7.97194
1,40.585472,23.563653,260,10.4996
1,40.603172,23.45825,141.2,6.13759
1,40.588871,23.459451,158.4,7.76993
1,40.625672,23.46665,105.5,6.55783
1,40.628372,23.493751,80.4,6.3133
1,40.636672,23.46545,59.1,-0.200302
1,40.643872,23.45595,56.1,-1.94982
1,40.632372,23.44115,94.5,-0.981181
1,40.651672,23.423249,72.2,-2.39002
1,40.647672,23.43995,62,-2.02712
1,40.665973,23.44465,37.5,-2.76238
1,40.615472,23.474651,138.1,6.91064
1,40.632372,23.476651,74.4,-0.094899
1,40.647672,23.47125,45.8,-1.98214
1,40.660673,23.48075,38.7,-3.41268
1,40.671673,23.46895,37.3,0.331195
1,40.659673,23.46695,43.7,-3.61547
1,40.640473,23.525752,36.9,0.414249
1,40.630172,23.514451,40,2.70278
1,40.644173,23.511651,42.6,-0.256654
1,40.640172,23.501251,45.3,-0.118332
1,40.656473,23.492651,31.1,-3.83517
1,40.662373,23.434249,33.8,-5.58646
1,40.658372,23.402148,47.2,-8.35494
1,40.665472,23.389648,40.3,-11.6721
1,40.631172,23.45115,72.6,-1.06969
1,40.619172,23.44945,76.5,-1.74295
1,40.608171,23.44645,79.6,-2.57391
1,40.590971,23.42795,170.1,-1.63186
1,40.595471,23.44225,92.4,-1.55018
1,40.619472,23.412949,197.6,-7.71713
1,40.619372,23.479251,123.7,2.78273
1,40.643172,23.427449,128.1,-1.54401
1,40.627472,23.394249,386.4,-10.1816
1,40.631972,23.407949,265.4,-7.32037
1,40.630472,23.423649,179.7,-3.37517
1,40.595471,23.392649,336.6,-3.55886
1,40.582471,23.393749,319.1,-1.05752
1,40.585671,23.406749,236.6,-2.11034
1,40.609372,23.42845,153,-4.70632
1,40.642172,23.357948,514.2,-11.3531
1,40.635472,23.369748,463.1,-10.3214
1,40.633372,23.379748,413.4,-11.0284
1,40.631672,23.347248,485.4,-10.6045
1,40.617971,23.339247,475.5,-9.3224
1,40.607671,23.330447,449.5,-8.11136
1,40.59337,23.300747,303.3,-6.6118
1,40.601971,23.313747,384.1,-5.90574
1,40.652172,23.339747,312.2,-12.4146
1,40.641372,23.335947,530.9,-7.27356
1,40.636372,23.319147,559.6,-9.23844
1,40.613971,23.362648,415.1,-9.62009
1,40.604171,23.349948,490.4,-7.49257
1,40.596471,23.360248,450.4,-9.32735
1,40.586471,23.349248,410,-7.33922
1,40.57717,23.327948,247.4,-9.30597
1,40.621171,23.221245,174.1,-8.45075
1,40.60017,23.223945,218.6,-8.01758
1,40.58897,23.215645,253.8,-3.26076
1,40.58937,23.241145,209.2,-6.29736
1,40.57917,23.229745,250.4,-1.95233
1,40.60717,23.245645,218.4,-5.18551
1,40.58287,23.259646,204.7,-4.99396
1,40.607471,23.297747,378.3,-5.71404
1,40.59787,23.288146,273,-3.08542
1,40.607171,23.272946,326.9,-1.33793
1,40.59337,23.265746,168.2,-4.56149
1,40.62337,23.190644,220.2,-3.43923
1,40.61297,23.180744,253.7,-0.697703
1,40.59767,23.180444,327.1,7.21665
1,40.58887,23.170244,503,13.9875
1,40.59187,23.157443,581.5,16.3869
1,40.59287,23.142743,669.1,19.2876
1,40.60017,23.132443,703.2,19.5128
1,40.61047,23.124942,622.5,16.5448
1,40.62747,23.101742,496.2,12.3118
1,40.63847,23.107942,333.2,5.26247
1,41.135983,23.535247,333.1,12.1224
1,41.219684,23.389143,110.2,-4.65603
1,41.203684,23.387943,85.1,-6.95679
1,41.188384,23.388643,74.5,-6.37373
1,41.175384,23.394743,59.1,-7.3771
1,41.165483,23.400143,51.6,-7.62908
1,41.147383,23.424244,85.5,-9.65563
1,41.136383,23.438645,82.1,-7.40102
1,41.123883,23.449445,55.8,-7.60608
1,41.111983,23.466646,48,-5.59446
1,41.237485,23.397643,170,-1.72489
1,41.237885,23.413243,221.3,1.9066
1,41.232685,23.425743,296.1,6.35832
1,41.220985,23.416643,200.2,6.24805
1,41.219884,23.401943,155.7,3.19436
1,41.246385,23.424643,319.5,3.79288
1,41.245685,23.441744,441.8,8.35057
1,41.244685,23.459444,567.8,8.90746
1,41.240986,23.487445,691.5,9.16545
1,41.219885,23.451644,478.5,11.7446
1,41.212384,23.395943,145.2,-2.31671
1,41.206184,23.421944,222.9,3.30319
1,41.215985,23.436144,402.9,9.30466
1,41.225185,23.459744,517.4,7.23531
1,41.233685,23.454244,476.6,9.4494
1,41.211185,23.472445,786.9,11.3234
1,41.160183,23.427744,148.9,-4.66307
1,41.176384,23.426644,327.9,-2.62122
1,41.188184,23.434444,354.6,0.623038
1,41.170184,23.415644,225.3,-5.8731
1,41.186684,23.416944,302.8,-1.94975
1,41.203484,23.433444,225.3,4.4494
1,41.198984,23.426444,277.1,6.96371
1,41.199884,23.408143,149.7,-0.844682
1,41.151383,23.439145,138.6,-3.53916
1,41.163883,23.439944,214.1,-1.79939
1,41.174684,23.464145,413.3,9.47976
1,41.142983,23.452745,139.2,-6.54134
1,41.163384,23.458745,264.2,-3.4289
1,41.152183,23.465245,219.6,-4.69797
1,41.147183,23.477746,256.7,-0.636569
1,41.122683,23.470746,113.5,-1.88929
1,41.135883,23.475446,184.3,-4.11753
1,41.157684,23.483146,366.1,2.9115
1,41.170484,23.490146,457.2,4.41675
1,41.179384,23.505646,642.5,9.85722
1,41.113683,23.520447,247.4,4.65051
1,41.124883,23.519747,274.8,5.26798
1,41.135383,23.523947,357.3,6.15894
1,41.130483,23.508747,224.7,7.25756
1,41.125183,23.499346,242.6,4.41279
1,41.124883,23.534947,282.5,8.98057
1,41.147184,23.538647,360.5,8.0314
1,41.167484,23.559147,602.2,9.87973
1,41.099383,23.585949,40.7,13.8053
1,41.098183,23.606949,74.8,12.316
1,41.100883,23.623949,139.2,15.7594
1,41.095983,23.568648,75.9,11.7229
1,41.111483,23.589449,332.2,16.268
1,41.118184,23.602749,429.1,12.7678
1,41.108683,23.570448,112.9,8.232
1,41.116883,23.556948,231.9,9.71749
1,41.132984,23.565248,341.4,16.2795
1,41.142884,23.569748,313.7,15.4699
1,41.155984,23.577748,483.4,16.6772
1,41.112883,23.540147,207.7,9.7138
1,41.158684,23.547747,490.6,14.0594
1,41.126984,23.576748,315.1,15.5812
1,41.102483,23.525447,175.1,5.22384
1,41.139383,23.501946,309.7,4.44935
1,41.151184,23.507246,372.2,6.31541
1,41.195385,23.532746,732.2,15.0449
1,41.195885,23.545947,740.5,15.7556
1,41.185185,23.534947,656.6,14.3622
1,41.106683,23.509947,190.3,3.65964
1,41.093182,23.511447,46.1,0.13908
1,41.206185,23.459245,707.4,10.8556
1,41.159884,23.530247,458.4,4.07897
1,41.03098,23.325743,115.1,2.91065
1,41.129881,23.208639,225.5,5.96123
1,41.133381,23.197739,349.2,6.00331
1,41.145382,23.201939,94.6,3.59878
1,40.995379,23.319643,261.2,15.7105
1,40.985879,23.306943,387.6,16.4719
1,40.984979,23.292443,449.8,19.4085
1,40.990979,23.278442,570.1,22.7561
1,40.994979,23.266442,594.8,25.2128
1,40.991679,23.251642,555.3,24.8498
1,41.122181,23.201239,285.7,6.36455
1,41.116381,23.23244,52.3,1.73685
1,41.112181,23.21944,63.3,1.42757
1,41.101881,23.21664,87.3,0.817897
1,41.093181,23.20714,111.4,1.58953
1,41.05788,23.312742,31,3.90538
1,41.091681,23.277441,40.5,5.0219
1,41.085681,23.253241,125.6,9.72713
1,41.06718,23.274141,95,10.7291
1,41.04138,23.308943,47,8.20872
1,41.077381,23.289442,28.8,2.67034
1,41.103381,23.265641,36.8,3.49577
1,41.068981,23.302242,25.8,3.75455
1,41.02288,23.337943,49.6,5.68407
1,41.01248,23.337743,95.4,6.5764
1,41.00788,23.369444,21.8,-2.71281
1,40.993679,23.352744,80.1,7.25764
1,40.963179,23.368745,99.3,14.4885
1,40.948678,23.356245,77.7,14.1679
1,41.03798,23.287642,77.2,9.87665
1,41.03868,23.242141,444.8,22.6353
1,41.026679,23.221641,570.3,24.4421
1,41.03798,23.225441,558.5,21.3065
1,41.05048,23.229941,562,19.8916
1,41.081181,23.275141,56.8,7.72303
1,41.02498,23.311843,160.9,13.0674
1,41.01938,23.298243,270.8,14.27
1,41.007179,23.291242,431.8,15.8647
1,41.015979,23.281642,552.6,20.438
1,41.013879,23.270442,468.9,19.1302
1,41.05198,23.267641,257.9,17.446
1,41.04968,23.284142,159.5,14.0922
1,41.05548,23.294242,99.7,9.20409
1,40.975179,23.315943,410.2,20.8475
1,40.960878,23.317944,430.9,18.2709
1,40.950678,23.333144,388.1,20.532
1,40.976379,23.337944,218.3,15.342
1,40.981679,23.264142,493,23.7004
1,40.947978,23.283943,262.3,13.4123
1,40.957878,23.276443,422.1,19.8111
1,40.969678,23.270742,426,15.3807
1,40.972379,23.299143,375.6,15.5634
1,41.01598,23.322643,136,11.6099
1,41.004479,23.317243,212.8,11.4517
1,40.920178,23.462147,96.1,15.6979
1,40.925878,23.447147,84.7,15.4209
1,40.931678,23.434647,63.1,15.8021
1,40.938879,23.424146,70.1,13.6049
1,40.944979,23.411646,58.1,13.0576
1,40.958479,23.386145,49,10.6461
1,40.948378,23.382645,138.3,14.4461
1,40.938178,23.374445,261.9,15.4238
1,40.924878,23.362445,365,11.5013
1,40.907378,23.356445,765,12.3403
1,40.918178,23.345445,713.9,11.23
1,40.919478,23.330144,719,12.2369
1,40.918477,23.282943,479.6,8.89759
1,40.923677,23.299744,506,10.6951
1,40.933978,23.311244,545.5,10.6869
1,40.939678,23.350445,168.9,13.725
1,40.960679,23.355145,137.9,14.1737
1,40.963479,23.340644,232.4,15.5362
1,40.926678,23.381646,319.4,16.7801
1,40.933478,23.394446,186.7,15.3719
1,40.904678,23.446247,144.9,17.6148
1,40.905378,23.428247,244.6,17.2382
1,40.892977,23.396446,365.1,12.9681
1,40.901178,23.407246,326.7,15.9802
1,40.907478,23.464148,139.3,18.3906
1,40.918978,23.414646,217.3,16.4839
1,40.916178,23.387146,390.9,17.4761
1,40.917378,23.446947,128.2,19.9699
1,40.896178,23.473648,202.4,22.0634
1,40.888478,23.431447,346.9,16.9263
1,40.870177,23.409947,547.4,15.7862
1,40.880877,23.421147,445.3,17.4264
1,40.873177,23.375446,760,14.0408
1,40.862677,23.380146,691.1,12.6888
1,40.891877,23.361145,804.4,13.9803
1,40.881977,23.347445,725.2,14.1034
1,40.811575,23.374146,557.8,11.608
1,40.799875,23.385647,508.2,10.6666
1,40.804876,23.408647,449.9,15.8666
1,40.802876,23.426148,402.6,14.5486
1,40.807176,23.449748,384.3,16.155
1,40.873377,23.463248,412.5,22.37
1,40.872377,23.444447,407,18.8906
1,40.862977,23.521449,340.9,22.7549
1,40.847377,23.507949,457.3,21.5196
1,40.810476,23.467249,391.4,13.6764
1,40.814176,23.481749,395,12.4441
1,40.817376,23.498649,396.2,13.0878
1,40.833977,23.52275,532.5,16.3448
1,40.837177,23.54425,430.1,14.9441
1,40.868176,23.329745,769.5,12.7822
1,40.885377,23.328945,711.8,12.3432
1,40.904677,23.334945,745.9,19.4692
1,40.907977,23.308244,467.7,10.1084
1,40.866478,23.54615,452.9,13.2853
1,40.854177,23.54165,553.7,14.2662
1,40.848377,23.52615,595.7,16.9952
1,40.845177,23.55475,426.3,16.5183
1,40.853977,23.565451,352.9,15.7216
1,40.864378,23.570651,265.4,12.3347
1,40.874178,23.57375,195.6,10.8043
1,40.902478,23.516449,115.9,11.2844
1,40.907678,23.500148,61.7,12.2687
1,40.895378,23.487148,143.7,16.8387
1,40.896678,23.501249,143.3,15.2822
1,40.884478,23.503949,194.7,18.2593
1,40.885678,23.520249,166.1,14.3087
1,40.898978,23.538649,55,10.3858
1,40.886978,23.54865,171.2,2.54295
1,40.881478,23.53725,262.5,15.243
1,40.872478,23.528949,309.5,19.0541
1,40.807976,23.51875,413.7,13.0586
1,40.794976,23.52145,400.4,13.2812
1,40.784176,23.52675,375.1,13.1035
1,40.773476,23.532951,352.8,13.3466
1,40.763875,23.549251,347.1,13.109
1,40.827177,23.503749,463.9,17.0343
1,40.835677,23.495149,460.5,16.365
1,40.821876,23.473749,455.3,14.5286
1,40.805376,23.50215,383.5,13.0078
1,40.792876,23.49975,351.6,14.8025
1,40.795676,23.486249,351.9,14.751
1,40.800376,23.473149,355.7,14.3903
1,40.805176,23.487249,367.7,12.8872
1,40.783876,23.50575,337,14.9352
1,40.795675,23.418648,389.7,15.048
1,40.786175,23.429748,358.8,17.5848
1,40.775975,23.433748,368.2,17.2911
1,40.770875,23.448649,366.5,21.0057
1,40.766475,23.466249,368.4,24.4079
1,40.774675,23.48895,352.8,20.6631
1,40.785476,23.486149,350,18.28
1,40.836976,23.372946,780.1,13.1546
1,40.850476,23.365146,675.7,14.1285
1,40.789175,23.390747,519.6,10.4107
1,40.787975,23.405247,545.8,14.0081
1,40.779675,23.414148,417.9,20.3378
1,40.809676,23.393747,592.9,14.5017
1,40.820676,23.399247,755,14.5788
1,40.819876,23.411947,851.9,17.2538
1,40.825376,23.422148,787.4,19.3231
1,40.793376,23.443948,342.7,14.1393
1,40.783875,23.449248,347.2,18.1243
1,40.786876,23.470649,350.4,17.318
1,40.776475,23.469149,364.6,20.5659
1,40.798976,23.456648,349.4,14.5907
1,40.757475,23.452649,403.1,23.3055
1,40.762475,23.48775,393.8,24.3316
1,40.767675,23.421148,393.6,15.5659
1,40.756374,23.405748,485.3,13.6788
1,40.767875,23.402648,516.7,12.6967
1,40.765375,23.382947,478,9.48867
1,40.777375,23.386247,524.8,10.8816
1,40.771675,23.361147,436.6,5.01096
1,40.751975,23.567952,358.7,9.57012
1,40.764376,23.584952,433.4,3.14417
1,40.739475,23.567252,357.5,16.1018
1,40.737675,23.548651,381.3,23.976
1,40.747875,23.538251,358.2,25.0386
1,40.752975,23.525151,355,26.1069
1,40.762975,23.528151,343.3,17.333
1,40.756675,23.51325,352.1,28.1517
1,40.760675,23.49915,351.6,26.118
1,40.768975,23.50115,346.9,20.5342
1,40.771375,23.51545,343.4,17.3391
1,40.747174,23.372147,440.6,7.66583
1,40.742174,23.358947,422.1,3.40834
1,40.728373,23.294145,314.1,-5.94888
1,40.717173,23.282445,281.5,-6.28004
1,40.706473,23.283445,277.6,-9.08381
1,40.693472,23.274145,178.6,-7.11027
1,40.711473,23.294245,288.6,-6.57783
1,40.723873,23.305646,322.6,-8.49377
1,40.729873,23.318446,349.8,-6.67739
1,40.738374,23.328646,376.3,-2.58243
1,40.741174,23.345646,413.3,0.526053
1,40.729374,23.344147,431.4,-3.59821
1,40.731474,23.359947,464.1,-1.32532
1,41.249685,23.374742,77.7,-5.30831
1,41.267485,23.364142,108.4,-0.940854
1,41.263485,23.375642,144.6,-1.70435
1,41.272886,23.402642,252.4,6.22401
1,41.259185,23.401643,136.8,2.94255
1,41.246485,23.396443,110.3,2.09699
1,41.267486,23.412243,163.4,2.20382
1,41.274186,23.426943,174,5.3389
1,41.273486,23.441943,207.5,6.50629
1,41.282986,23.454144,233.7,4.35475
1,41.297387,23.482444,327.4,6.81609
1,41.290186,23.469944,282.5,7.50913
1,41.257185,23.359742,68.4,-5.77573
1,41.271685,23.338641,83.5,0.162743
1,41.292186,23.332141,60.6,6.11579
1,41.281486,23.352241,182.4,1.33841
1,41.277886,23.373142,247.3,3.94681
1,41.291186,23.371942,387.3,4.75957
1,41.299386,23.357741,424.4,8.33105
1,41.293186,23.347141,361.5,10.4801
1,41.285986,23.427743,363.8,6.31936
1,41.307487,23.429943,630.1,10.2788
1,41.297986,23.424443,516.5,12.4962
1,41.266986,23.473444,490.4,9.48328
1,41.269986,23.460744,397,9.46968
1,41.261386,23.431243,311,5.99843
1,40.777376,23.593452,690.8,7.44452
1,40.782176,23.607652,907.2,7.5125
1,40.777376,23.579752,473.6,4.88213
1,40.791676,23.578751,685,6.17899
1,40.792676,23.563651,785.9,10.6175
1,40.800676,23.551151,771,11.8735
1,40.809376,23.54045,732.2,14.5895
1,40.819677,23.52865,589.9,13.3705
1,40.787976,23.540651,459.7,10.3727
1,40.766176,23.570952,409.1,12.5158
1,40.728475,23.583952,344.8,11.3732
1,40.716975,23.588752,357.4,11.416
1,40.705374,23.589653,369.9,11.1917
1,40.696674,23.600253,268.6,4.94206
1,40.686874,23.610653,119.9,-1.36532
1,40.672674,23.605653,94.8,0.748622
1,40.732175,23.563252,400.1,19.5966
1,40.730475,23.534651,468.7,29.2592
1,40.721674,23.516451,547,32.6163
1,40.744375,23.50145,550.6,27.5682
1,40.741975,23.51715,493,29.4578
1,40.728474,23.50695,559,32.0517
1,40.713474,23.529751,586.8,28.2175
1,40.710874,23.544152,503.1,22.7104
1,40.701674,23.574652,420.9,17.5377
1,40.701174,23.557252,476.4,21.1583
1,40.717875,23.573452,435.4,19.0807
1,40.686374,23.571652,246.5,14.0776
1,40.686574,23.552452,133.8,19.2414
1,40.691874,23.541152,154.6,17.1496
1,40.676174,23.592953,84.8,7.84032
1,40.708974,23.420248,275.8,12.7755
1,40.733474,23.409748,467.3,16.5498
1,40.746674,23.405448,480.6,12.5499
1,40.733474,23.394648,446.3,10.6621
1,40.739874,23.423648,484.2,16.0385
1,40.734874,23.435249,582.2,15.2242
1,40.740974,23.450749,565.7,23.9651
1,40.752975,23.442749,441.6,21.1164
1,40.725674,23.47715,632.1,31.1968
1,40.724974,23.467949,665.8,26.4808
1,40.752975,23.424248,462.1,17.8851
1,40.672372,23.314246,47.3,-13.9547
1,40.672372,23.339747,38.7,-16.7221
1,40.683673,23.347947,39.3,-14.7393
1,40.683673,23.334147,40.1,-14.6153
1,40.683472,23.320646,47.2,-12.4421
1,40.714673,23.353747,229.4,-6.42307
1,40.709173,23.341647,176.1,-11.8717
1,40.703473,23.330646,98.6,-11.8462
1,40.719673,23.321946,328.9,-9.32617
1,40.708973,23.318246,222.4,-9.87644
1,40.691173,23.295646,82.1,-10.8188
1,40.701373,23.301946,192.9,-10.7555
1,40.675672,23.290446,56.3,-11.5763
1,40.670372,23.275645,69.9,-13.8932
1,40.681472,23.274445,88.8,-11.5862
1,40.708373,23.246944,276.9,-11.7991
1,40.699372,23.239644,244.8,-9.26217
1,40.699972,23.258445,121.7,-14.636
1,40.706372,23.221944,240.7,-12.3979
1,40.716973,23.215644,312.3,-11.6623
1,40.724973,23.230444,367.1,-11.7105
1,40.732473,23.241144,386.4,-11.7059
1,40.733473,23.249944,382.8,-6.47997
1,40.756674,23.254644,410.1,-12.6915
1,40.768674,23.258644,510.4,-9.50868
1,40.769674,23.276145,477.5,-4.61019
1,40.785475,23.350146,533.7,1.95063
1,40.781075,23.327946,544.6,1.58675
1,40.765474,23.327146,444.6,1.2713
1,40.777674,23.306745,509,-2.19712
1,40.767174,23.308445,424.4,-4.1624
1,40.754974,23.312745,279.3,-6.00126
1,40.745474,23.317246,365.4,-3.46514
1,40.749474,23.331746,367.2,-0.474755
1,40.755474,23.361647,419.2,5.0802
1,40.759174,23.280645,368.7,-7.26056
1,40.737173,23.284745,226.5,-9.1216
1,40.741373,23.268745,347.4,-6.3665
1,40.750674,23.262644,375.8,-8.77393
1,40.728873,23.255944,337.3,-7.19587
1,40.718173,23.251244,332.2,-7.16833
1,40.732873,23.180743,217.3,-13.4007
1,40.741673,23.188743,333.9,-11.6385
1,40.720473,23.202943,278.8,-11.6297
1,40.731373,23.218144,340.7,-9.59745
1,40.718573,23.191443,178.4,-13.0624
1,40.738473,23.170142,215.8,-15.9379
1,40.748173,23.200643,370.4,-14.6185
1,40.757873,23.206443,412.1,-14.0771
1,40.770674,23.212143,436,-12.5303
1,40.782374,23.203243,447.2,-12.7078
1,40.785474,23.185742,388.5,-14.2097
1,40.777374,23.187242,391.4,-13.3762
1,40.770474,23.172942,360.4,-15.2841
1,40.766474,23.230943,396.9,-11.0597
1,40.759874,23.241644,415.7,-10.0563
1,40.773874,23.239644,442,-10.7369
1,40.785974,23.233243,517.6,-8.27251
1,40.748373,23.224943,385.1,-11.4897
1,40.765174,23.189242,363.6,-14.5418
1,40.756973,23.179642,346.5,-14.8673
1,40.752473,23.147442,232.9,-17.3318
1,40.763173,23.160742,305.7,-17.9164
1,40.770973,23.122941,243.2,-18.7276
1,40.779874,23.133441,292,-18.8335
1,40.786474,23.151141,336.7,-15.8806
1,40.793474,23.160442,402.2,-15.1637
1,40.785674,23.167642,268.4,-18.2877
1,40.60917,23.100942,552.2,20.7586
1,40.61747,23.090142,487.2,19.8714
1,40.62267,23.075241,501,20.0281
1,40.602869,23.075241,529.7,23.3956
1,40.62717,23.04014,442.3,13.8612
1,40.64037,23.083641,520,13.1794
1,40.64237,23.061441,576.3,13.4925
1,40.64287,23.04364,520.1,17.1052
1,40.65567,23.04544,484,14.9361
1,40.65837,23.03014,501,15.2676
1,40.66847,23.03424,445,10.8387
1,40.681171,23.03774,393.2,7.88618
1,40.651972,23.265945,71.8,-19.0184
1,40.667472,23.327147,46.6,-15.5743
1,40.158955,22.237626,803,13.9807
1,40.203956,22.240926,655,11.7281
1,40.70567,22.800934,14,21.8222
1,41.15568,22.82593,295.5,-3.11065
1,40.102356,22.494233,267,3.23474
1,40.197356,22.317628,385.5,11.4924
1,40.178956,22.264226,635,7.74854
1,40.237357,22.294227,453.5,2.13558
1,40.193957,22.42923,117.5,4.99583
1,40.172357,22.489232,20,8.47906
1,40.143957,22.539233,18,10.1153
1,40.037354,22.522634,218,1.59999
1,40.018954,22.579235,18,0.269615
1,40.093956,22.555934,43.5,11.121
1,40.192358,22.547633,5,-1.22843
1,40.222358,22.505932,17,2.88681
1,40.238959,22.587633,1.5,1.37463
1,40.153961,23.332652,28.5,-3.66362
1,40.132361,23.400954,11.5,4.3808
1,40.112361,23.339252,34.5,-6.77251
1,40.098961,23.437655,1.5,-1.34463
1,40.06896,23.450955,35.5,2.90225
1,40.04066,23.482656,1,4.43071
1,40.04896,23.410955,31.5,0.322118
1,40.015659,23.442656,96,4.04649
1,40.07236,23.334253,2.5,-12.1092
1,40.09736,23.372653,30,-7.43069
1,40.217365,23.665959,1,-15.2164
1,40.202364,23.69266,8,-11.661
1,40.118963,23.810963,279,-18.5368
1,40.018961,23.850965,1,10.2498
1,40.060662,23.832664,489,1.53008
1,40.033963,23.985968,1,-5.36973
1,40.037362,23.940967,31.5,-4.59031
1,40.013962,23.932667,185,-0.206149
1,40.112363,23.840964,765,-15.3781
1,40.122364,23.875965,745,-22.7898
1,40.095663,23.905966,663,-19.6792
1,40.083963,23.974268,2,-15.2372
1,40.152364,23.914265,0.5,-27.8087
1,40.170665,23.852664,14,-32.1446
1,40.185665,23.794262,45,-16.8961
1,40.272358,22.275926,353.5,-29.1408
1,40.312359,22.259225,748.5,-1.90031
1,40.262358,22.425929,75,2.39175
1,40.287359,22.46423,69,7.74416
1,40.297359,22.342627,205,-7.75811
1,40.320659,22.354227,320.5,-0.239679
1,40.31396,22.499331,74.5,19.164
1,40.378961,22.439229,326,23.9794
1,40.412361,22.359226,284.5,11.1175
1,40.375661,22.370927,354,16.7235
1,40.452362,22.329225,437.5,-2.06042
1,40.410661,22.309225,826.5,5.64739
1,40.37066,22.250924,696.5,-2.43627
1,40.462362,22.262624,457.5,-14.6355
1,40.447362,22.427628,363,17.9535
1,40.280659,22.517631,39.5,9.46906
1,40.31566,22.579232,21,7.95263
1,40.365662,22.595932,41,1.51018
1,40.343961,22.509231,162,17.8762
1,40.393962,22.529231,189.5,9.86074
1,40.442363,22.595932,73.5,-0.89683
1,40.488965,22.652632,1,-9.04799
1,40.425665,22.924239,38.5,-6.49165
1,40.493966,22.822636,4,-4.28549
1,40.465666,22.940939,155,-3.81877
1,40.403964,22.897639,3,-5.59778
1,40.400664,22.95094,26,-8.65469
1,40.375664,22.972641,8,-9.18194
1,40.493966,22.98424,49,2.20743
1,40.438965,22.984241,139.5,-3.97122
1,40.463965,22.909239,146,-4.52844
1,40.443966,23.017641,229,-7.79275
1,40.413965,23.022642,128,-7.76337
1,40.363964,23.047643,58,-8.08074
1,40.337364,23.052643,34,-9.19048
1,40.487367,23.120943,60,-0.113516
1,40.472367,23.172645,102.5,14.6633
1,40.358964,23.090944,132,-9.01556
1,40.333964,23.124345,96,-7.3953
1,40.307363,23.119245,20,-9.08102
1,40.292364,23.229248,48,-5.99744
1,40.327365,23.240948,122.5,-10.4312
1,40.397365,23.154245,278.5,-2.0186
1,40.360665,23.160946,218,-4.858
1,40.480667,23.050942,68.5,-2.08837
1,40.438966,23.089243,237.5,0.161222
1,40.432366,23.154245,511,7.49741
1,40.493967,23.000941,48.5,3.03732
1,40.374066,23.410951,454,13.0184
1,40.285665,23.440953,62,34.579
1,40.283964,23.394252,16,24.1139
1,40.332365,23.392651,147,21.7663
1,40.258964,23.495955,25.5,46.4233
1,40.285664,23.340951,24,20.1877
1,40.253964,23.360951,1,17.9313
1,40.288964,23.29765,53,8.99813
1,40.283964,23.252649,53,1.11527
1,40.322364,23.274249,135,-2.44834
1,40.352365,23.315949,201,5.19945
1,40.358965,23.265948,258.5,-8.57495
1,40.402366,23.297649,558.5,9.17832
1,40.375667,23.490953,430,-20.9029
1,40.463968,23.37435,425,-10.1903
1,40.458968,23.315949,514,-2.35645
1,40.467368,23.267647,364.5,7.33476
1,40.493969,23.470952,424,-0.200419
1,40.262365,23.515955,11.5,40.0128
1,40.322367,23.699259,41.5,-0.644759
1,40.283966,23.650958,292,-21.0982
1,40.370667,23.540955,429,-8.54302
1,40.49567,23.650956,535,8.30658
1,40.443969,23.672657,472,5.40952
1,40.47237,23.699258,650,6.36362
1,40.410669,23.685958,354,3.94571
1,40.407368,23.645957,430.5,1.46523
1,40.453969,23.614256,578,-0.168784
1,40.482369,23.520953,647,-6.06042
1,40.388968,23.599256,252.5,-7.55329
1,40.400669,23.879262,1.5,3.61504
1,40.46067,23.81596,6.5,19.4642
1,40.380669,23.927664,3,7.71777
1,40.355669,23.969265,126.5,5.09012
1,40.360669,23.932664,4,9.70282
1,40.308968,23.954265,0.5,10.848
1,40.445663,22.52593,82,1.9079
1,40.363969,23.884263,1,1.71634
1,40.397369,23.79266,90.5,3.04169
1,40.413969,23.749359,262,7.52097
1,40.363968,23.827662,2,0.336264
1,40.342368,23.789261,3.5,1.01314
1,40.630666,22.440926,13,-11.1067
1,40.553965,22.465927,18,-1.94387
1,40.552364,22.392626,19.5,-3.89142
1,40.503963,22.420927,89,7.63689
1,40.642366,22.384225,12,-1.96897
1,40.593965,22.399226,17,-7.42504
1,40.618966,22.442626,12,-12.3071
1,40.635667,22.495927,9,-8.95501
1,40.670667,22.455926,13,-3.38409
1,40.725668,22.409224,10.5,4.18069
1,40.675667,22.355924,8,12.9486
1,40.678966,22.262621,12.5,18.0822
1,40.722367,22.295922,11,26.461
1,40.747368,22.259221,16.5,20.8758
1,40.602365,22.330924,12,1.70067
1,40.563964,22.340924,22,-1.44943
1,40.547364,22.322624,24,-4.42557
1,40.502362,22.255923,50,-4.44512
1,40.530663,22.272623,28,-3.02261
1,40.590664,22.252622,25.5,-3.00636
1,40.732369,22.600929,19,-8.21193
1,40.71237,22.725932,11,9.45266
1,40.665669,22.714232,10,-6.84891
1,40.698968,22.529228,8.5,-4.7698
1,40.673968,22.600929,9,-11.4312
1,40.615667,22.700932,8,-12.8131
1,40.628968,22.742633,7.5,-7.22582
1,40.557366,22.727634,5.5,-1.93142
1,40.592366,22.627631,8,-15.0735
1,40.597366,22.547629,7,-9.03533
1,40.517365,22.580931,9,-11.2647
1,40.560665,22.517629,8,-6.84671
1,40.567366,22.58423,8,-11.9965
1,40.500666,22.877638,2,0.52017
1,40.67897,22.867636,13.5,23.9306
1,40.737371,22.834234,62,32.3371
1,40.747371,22.770933,112,25.0147
1,40.675669,22.802634,12.5,14.4794
1,40.657369,22.762633,11.5,2.98109
1,40.627368,22.790934,2,-1.46734
1,40.600668,22.779234,3.5,2.88004
1,40.580669,23.102642,857.5,17.3219
1,40.513967,23.074242,42.5,7.42563
1,40.513968,23.124343,148,16.7808
1,40.57897,23.232645,245,-2.76363
1,40.520668,23.220946,712.5,12.3476
1,40.57567,23.280946,195,-6.90794
1,40.553971,23.477651,175,0.994713
1,40.50567,23.472652,366,-4.09716
1,40.508969,23.374349,296,-5.89361
1,40.540669,23.329248,342,-7.48158
1,40.523969,23.277647,548,-0.29681
1,40.56897,23.360948,273,-7.41607
1,40.54737,23.41765,210.5,-2.47124
1,40.657374,23.729256,2,-1.374
1,40.663974,23.695956,2,-4.2045
1,40.558971,23.547653,371,10.2016
1,40.545671,23.590954,507.5,7.81908
1,40.50897,23.585954,423.5,1.43038
1,40.525671,23.620955,720,9.73141
1,40.512371,23.679257,546,6.48152
1,40.527371,23.715957,539.5,0.855365
1,40.563972,23.659256,528.5,-0.597812
1,40.572372,23.625955,554.5,3.65758
1,40.543972,23.685956,715,4.24463
1,40.568972,23.705957,606,-5.82294
1,40.587373,23.729257,360,0.731596
1,40.570671,23.514252,251.5,4.98555
1,40.717375,23.702655,3,-7.76695
1,40.702375,23.650954,86,-2.11088
1,40.620673,23.662655,483,-10.9189
1,40.508972,23.82596,1,12.1123
1,40.540672,23.869261,237,7.78195
1,40.533973,23.912662,72,11.7947
1,40.563973,23.82426,2.5,0.135016
1,40.588973,23.784258,2,-3.76633
1,40.567373,23.780959,389,-0.360178
1,40.615673,23.779258,2,-2.3161
1,40.522372,23.767659,445.5,7.41205
1,40.783969,22.392623,17,-0.653465
1,40.765668,22.25422,16.5,22.1426
1,40.805669,22.25922,13,19.9305
1,40.83567,22.340922,53.5,7.42952
1,40.83237,22.392623,116.5,3.60379
1,40.880671,22.375922,374,6.58127
1,40.927372,22.412622,438,0.802211
1,40.942373,22.447623,244,3.51485
1,40.763969,22.475926,31,-1.27376
1,40.82567,22.445924,126.5,0.277391
1,40.858971,22.462624,177.5,6.40908
1,40.902372,22.462624,220.5,7.64816
1,40.980674,22.424222,434,-1.62385
1,40.987375,22.544225,73.5,5.17078
1,40.925673,22.567626,36.5,-10.1989
1,40.898973,22.557626,58,-13.0816
1,40.872372,22.580927,27,-9.10421
1,40.818971,22.590928,26.5,-3.27197
1,40.750669,22.527627,14,-4.46724
1,40.813971,22.537626,81,-7.36953
1,40.855671,22.519226,120,-6.90034
1,40.958974,22.515925,72,-2.70143
1,40.902373,22.650928,29,-4.23734
1,40.843972,22.665929,38.5,-1.92978
1,40.772371,22.704231,94,7.3093
1,40.793971,22.66263,98,4.02277
1,40.822372,22.724231,96,4.20115
1,40.937374,22.73923,83,1.38462
1,40.988976,22.727629,211,4.23538
1,40.988975,22.610927,26.5,-2.56996
1,40.977375,22.665928,81.5,2.69424
1,40.945674,22.632627,40.5,-4.11085
1,40.922374,22.695929,89,0.86168
1,40.902374,22.70263,58,6.14914
1,40.872373,22.674229,26,-0.224866
1,40.978976,22.862633,235,-12.1261
1,40.987376,22.76763,167,0.90586
1,40.940675,22.804232,131.5,-1.93583
1,40.903974,22.760931,73,4.06231
1,40.885674,22.814232,136,4.15052
1,40.843973,22.780932,83.5,5.17236
1,40.787371,22.764232,258,15.7548
1,40.797372,22.849234,53.5,12.2948
1,40.757371,22.830934,37,23.1066
1,40.843973,22.905935,89,2.441
1,40.793972,22.890935,149,-2.84065
1,40.938975,22.870933,214,-11.3088
1,40.902375,22.880934,116,-5.38785
1,40.857374,22.884234,86,4.80897
1,40.838974,22.985937,205,-12.6551
1,40.893975,22.962636,213,-8.49047
1,40.927375,22.945935,270.5,-8.53036
1,40.958976,22.930934,154,-8.75144
1,40.992377,22.945934,189.5,-1.54264
1,40.863974,23.004237,251.5,-13.8255
1,40.887376,23.107639,547,-10.369
1,40.963977,23.119239,711,2.33994
1,40.967378,23.209241,613,18.0443
1,40.990678,23.16594,587,14.0254
1,40.888976,23.180941,560,-0.560077
1,40.843975,23.212642,674,-4.65226
1,40.883976,23.220942,769,1.80051
1,40.925676,23.065938,595,-5.54452
1,40.962377,23.047637,518,-3.75322
1,40.935677,23.230942,488,12.7052
1,40.852375,23.10924,476.5,-18.9648
1,40.807375,23.214243,386,-11.8338
1,40.918979,23.649252,11,-14.9483
1,40.817377,23.654253,548,-0.372011
1,40.785677,23.640953,858.5,-0.82562
1,40.763977,23.772656,2,-6.52112
1,40.803978,23.775956,331.5,2.75466
1,40.943982,23.99426,268.5,9.12436
1,41.078976,22.492623,323.5,1.77084
1,41.010675,22.497624,199.5,6.58564
1,41.093976,22.417621,377,6.68413
1,41.077375,22.277618,787.5,-6.12075
1,41.107376,22.269217,596.5,-7.83912
1,41.105677,22.557624,69.5,15.2203
1,41.103977,22.627626,121,-5.3104
1,41.138979,22.670926,238,2.53168
1,41.068976,22.574225,135,8.20163
1,41.032376,22.582625,166.5,7.03433
1,41.072377,22.649227,22,-12.9846
1,41.088978,22.705928,51,-6.23849
1,41.132379,22.722628,376,6.16407
1,41.012376,22.667628,77,-0.864754
1,41.048977,22.697628,67,2.18662
1,41.120677,22.512623,64,16.7279
1,41.050676,22.512624,228,8.62001
1,41.16068,22.892632,353,0.222495
1,41.178981,22.864231,467,0.873852
1,41.217382,22.910931,446,20.0001
1,41.238982,22.950932,120.5,11.8309
1,41.182381,22.922632,456.5,6.54541
1,41.100679,22.920933,335,0.776451
1,41.14068,22.967634,430.5,3.97521
1,41.10898,22.995934,401.5,10.3861
1,41.125679,22.877631,363,-5.8879
1,41.18568,22.810929,217,1.25047
1,41.142379,22.792629,250,1.7271
1,41.108978,22.782629,113,2.79871
1,41.087378,22.79763,117.5,0.831262
1,41.067377,22.762629,80.5,5.76333
1,41.022377,22.804231,125.5,-1.48336
1,41.053977,22.80593,112.5,-2.33345
1,41.073978,22.855931,237,-0.190035
1,41.022376,22.76423,92.5,-7.08233
1,41.038978,22.875932,211.5,-5.15244
1,41.068978,22.912633,249,-0.055348
1,41.028978,22.934234,241,-0.879649
1,41.045678,22.960934,221,1.11709
1,41.072379,23.065936,364,10.7227
1,41.11898,23.065936,571,17.0112
1,41.075679,23.015935,310.5,13.0836
1,41.145681,23.002634,385.5,9.00308
1,41.045679,23.042636,578,9.08945
1,41.020678,23.022636,475.5,1.69613
1,41.012378,23.097638,749,6.78381
1,41.010679,23.205941,546.5,10.6562
1,41.190685,23.592648,736.5,12.993
1,41.238987,23.672649,883.5,6.33406
1,41.053982,23.647651,83,2.62232
1,41.012381,23.650951,37.5,-15.67
1,41.078985,23.974258,114,2.02499
1,41.252382,22.792628,184,-0.409917
1,41.295683,22.805928,372.5,-6.54255
1,41.302383,22.87433,450,-2.88231
1,41.258982,22.849229,199,-1.39877
1,41.283983,22.930931,250,3.93322
1,41.260683,22.932631,136.5,10.8697
1,41.293984,22.985932,335.5,-0.613935
1,41.332387,23.410942,768.5,4.15922
1,41.374088,23.440942,305,7.50539
1,41.323986,23.349241,64,7.28628
1,41.358987,23.35424,76.5,2.56538
1,41.315687,23.535945,478.5,7.82241
1,41.313988,23.577646,578.5,-2.5398
1,40.646766,22.292322,2.4,11.8839
1,40.675766,22.310523,4.7,19.394
1,40.642266,22.283322,2.1,10.7158
1,40.636365,22.293122,2.6,10.0659
1,40.636065,22.277622,2.7,9.05681
1,40.639865,22.268122,2.2,8.4643
1,40.644866,22.256022,3.9,7.68359
1,40.630565,22.283522,3,8.24342
1,40.629765,22.271522,3.3,6.62103
1,40.622565,22.264822,5.1,4.46615
1,40.632565,22.260022,4.2,5.77883
1,40.645266,22.333623,3.6,8.46715
1,40.653066,22.323123,2.8,11.9215
1,40.663066,22.358124,3.6,7.47999
1,40.663367,22.383824,3.4,0.590175
1,40.660067,22.394125,3.2,-2.46722
1,40.656267,22.405825,3.3,-5.42122
1,40.649366,22.399525,5.3,-5.8458
1,40.652566,22.389525,4.1,-3.0452
1,40.654766,22.376024,3.7,0.6206
1,40.654266,22.366324,5,3.31431
1,40.580564,22.246022,20.1,-6.80782
1,40.600264,22.236822,17.8,-5.84277
1,40.586864,22.253122,14.7,-4.96584
1,40.583364,22.262522,13.6,-3.42994
1,40.592264,22.263122,9.3,-2.59147
1,40.599365,22.272322,6.7,0.81601
1,40.607765,22.267522,6.3,1.81449
1,40.606865,22.277023,6,2.83198
1,40.588364,22.272122,8.5,-1.57236
1,40.700068,22.429325,1.9,-1.01775
1,40.691868,22.431525,1.8,-1.06053
1,40.684367,22.432825,3.1,-1.69881
1,40.683767,22.421325,2.5,-0.944205
1,40.621766,22.413625,6.6,-12.0828
1,40.708068,22.438125,2.4,-1.36988
1,40.697068,22.439525,2.2,-1.48824
1,40.721568,22.463526,2.1,-2.35253
1,40.721568,22.443125,2.7,-1.81892
1,40.673267,22.413825,3.3,-2.43717
1,40.690867,22.407125,2.7,0.600188
1,40.674067,22.400525,2.9,-0.622962
1,40.669267,22.390324,3,0.489652
1,40.667367,22.400825,2.6,-2.13785
1,40.674367,22.376524,3.2,4.82515
1,40.684067,22.373824,1.4,7.60042
1,40.694767,22.371624,1.6,9.99749
1,40.674267,22.365124,2.8,8.08586
1,40.678067,22.356124,2.2,11.5564
1,40.623365,22.303823,5,7.73473
1,40.627266,22.319623,4.6,7.0673
1,40.617865,22.322623,5.1,4.74363
1,40.624566,22.331524,5.2,4.69781
1,40.615265,22.308623,6.1,5.70525
1,40.613365,22.287823,7,5.29746
1,40.632366,22.408825,6.3,-10.5258
1,40.642866,22.413825,6,-8.94938
1,40.647267,22.421625,6.1,-8.6688
1,40.641866,22.383025,6.1,-3.58006
1,40.647266,22.373024,4.7,0.034724
1,40.643866,22.362124,4.8,1.58514
1,40.637766,22.349524,4.5,3.37396
1,40.736368,22.365123,2.2,15.8956
1,40.719068,22.364523,2.5,15.7508
1,40.718568,22.371523,1.6,13.5768
1,40.745368,22.361023,3.1,16.8578
1,40.744068,22.372523,1.9,12.337
1,40.734368,22.380124,1.2,10.3352
1,40.726768,22.390524,1.3,6.80999
1,40.753368,22.371023,2.5,11.7854
1,40.657267,22.416325,4.1,-6.03983
1,40.665567,22.422825,4.2,-4.19235
1,40.662067,22.436526,5.6,-5.94305
1,40.650267,22.436026,8.1,-7.92931
1,40.658367,22.455026,5.2,-7.18435
1,40.665867,22.458626,4.9,-6.00897
1,40.664867,22.445526,5,-5.98676
1,40.674767,22.453626,5.7,-5.0849
1,40.673567,22.442326,6.5,-4.33789
1,40.680367,22.443126,4.4,-3.5134
1,40.689267,22.447326,3.9,-3.04043
1,40.684267,22.456626,3.8,-4.35342
1,40.677367,22.433525,5.3,-2.73789
1,40.675267,22.422125,4.9,-2.28578
1,40.631766,22.437026,6.6,-12.2005
1,40.625566,22.426126,8.3,-12.3313
1,40.615066,22.424526,8.1,-13.0997
1,40.630566,22.452626,5.9,-11.8955
1,40.632066,22.462327,6.7,-10.7825
1,40.622866,22.464627,6.9,-11.4754
1,40.631766,22.471827,5.7,-10.6424
1,40.647367,22.485327,4.7,-8.22074
1,40.648367,22.468526,4.6,-8.85683
1,40.653567,22.478527,3.3,-7.85634
1,40.647767,22.457826,5,-9.01062
1,40.654367,22.499627,3.7,-7.32666
1,40.551364,22.295824,19.4,-2.82387
1,40.569364,22.266323,18.1,-4.7439
1,40.573764,22.276123,12.6,-2.07302
1,40.569864,22.285623,13.3,-0.79082
1,40.578864,22.292823,10.5,0.667254
1,40.558064,22.284123,16.5,-3.14628
1,40.584764,22.297523,8.8,1.56484
1,40.596865,22.287023,7.5,2.27911
1,40.615065,22.261322,5.4,2.02717
1,40.604865,22.298823,6.9,4.33368
1,40.598565,22.308823,7.7,3.52419
1,40.590765,22.310023,9.4,1.95472
1,40.562564,22.333824,16.4,-1.24732
1,40.569064,22.325824,14,0.333063
1,40.579564,22.322624,11.6,0.896636
1,40.577264,22.330624,12.6,0.882138
1,40.584065,22.341124,12.6,-0.077586
1,40.589365,22.354124,10.4,-2.36471
1,40.595265,22.343124,10.9,-0.199114
1,40.600565,22.356024,10.2,-2.22494
1,40.608065,22.348824,7.6,-0.867252
1,40.613065,22.357824,7.3,-2.40197
1,40.605565,22.368325,8.5,-4.72206
1,40.603865,22.381325,8,-6.91296
1,40.594365,22.364525,10.2,-3.92322
1,40.578265,22.361125,10.8,-3.00378
1,40.576565,22.388625,11.8,-5.96899
1,40.618866,22.368624,7,-5.5244
1,40.626566,22.363024,6,-2.11581
1,40.622066,22.354624,6,-1.0378
1,40.628866,22.341824,5,3.15189
1,40.614365,22.332524,6.6,2.75473
1,40.601265,22.324824,9.1,2.56658
1,40.623766,22.443126,6.9,-13.4093
1,40.633867,22.489027,5.3,-9.1184
1,40.626266,22.402325,6.8,-10.3566
1,40.615866,22.401325,8,-10.6431
1,40.628366,22.369524,6.1,-3.51372
1,40.621566,22.386125,7.9,-8.42801
1,40.623566,22.381825,6.9,-6.60791
1,40.632766,22.380325,6.2,-4.81283
1,40.606365,22.392125,8.6,-8.65457
1,40.601765,22.411626,10.3,-11.2316
1,40.606065,22.403525,8.6,-10.5071
1,40.613066,22.414126,7.7,-12.1212
1,40.602866,22.497528,6.8,-10.0694
1,40.556065,22.506328,6.1,-5.42119
1,40.682868,22.470326,2.4,-5.27292
1,40.614866,22.545329,5.8,-8.37347
1,40.598766,22.553329,5.2,-9.24303
1,40.662767,22.506327,4.6,-6.60319
1,40.647067,22.504527,5.7,-7.46885
1,40.634767,22.508828,5.9,-7.70621
1,40.647367,22.527628,7,-6.78966
1,40.626265,22.252022,5.5,3.03285
1,40.634365,22.247822,5.4,3.87023
1,40.649566,22.240021,6.3,6.19628
1,40.656066,22.247821,5.8,8.43407
1,40.666066,22.254321,5.8,11.6764
1,40.605366,22.425626,8.5,-12.8875
1,40.602866,22.447326,9.5,-12.5675
1,40.605566,22.457327,10.3,-12.7987
1,40.611266,22.448826,7.1,-13.8045
1,40.619366,22.446026,6.7,-13.3536
1,40.618066,22.437126,7.3,-13.2921
1,40.616266,22.463027,7.4,-12.2405
1,40.626366,22.488027,5.9,-9.89138
1,40.625067,22.511628,7.1,-8.23608
1,40.608366,22.507528,6.2,-8.92694
1,40.619066,22.495628,6.4,-9.72676
1,40.617066,22.506328,6.5,-8.58096
1,40.605566,22.487127,7,-10.7238
1,40.614266,22.484027,8.5,-10.544
1,40.598366,22.490328,7.6,-10.8507
1,40.595366,22.499528,7.9,-9.90449
1,40.587766,22.524028,6.6,-8.65569
1,40.596266,22.522128,6.5,-8.70051
1,40.585265,22.413326,11.2,-10.0866
1,40.592865,22.411026,10.5,-10.8028
1,40.587065,22.449827,9.7,-11.3644
1,40.595766,22.453027,9.2,-11.8351
1,40.579765,22.485528,8.9,-9.34265
1,40.567065,22.514628,6.5,-8.16712
1,40.558065,22.527829,4.9,-8.41451
1,40.686868,22.497327,2.6,-6.03065
1,40.704568,22.509827,2.7,-4.37311
1,40.723769,22.508527,3.3,-3.34926
1,40.726069,22.498826,3.2,-3.08526
1,40.719868,22.492526,1.6,-3.10784
1,40.743069,22.479826,4.8,-1.5935
1,40.731569,22.473826,3.1,-1.85826
1,40.672867,22.488027,1.9,-5.96041
1,40.684368,22.479326,3.9,-4.97973
1,40.680868,22.490027,1.7,-5.47863
1,40.711368,22.485026,1.3,-2.81941
1,40.708368,22.474626,2.1,-3.7156
1,40.694268,22.463326,4,-4.27925
1,40.668867,22.477127,2.2,-6.53919
1,40.663567,22.506027,4.5,-6.48539
1,40.673068,22.513127,2.2,-5.80702
1,40.662567,22.483627,2.9,-7.03038
1,40.765869,22.400624,5.8,1.77708
1,40.757769,22.378523,2.6,8.62641
1,40.748868,22.384024,2.1,7.87844
1,40.760869,22.409524,4.3,0.528792
1,40.734868,22.412024,1.8,1.84486
1,40.751369,22.428124,4.2,-0.478791
1,40.755569,22.420024,4.8,0.005896
1,40.773569,22.373523,8.3,8.20727
1,40.770369,22.362023,5.6,12.5056
1,40.570366,22.526029,7,-8.84995
1,40.624367,22.557529,4.1,-8.80711
1,40.618067,22.562629,4.9,-9.07859
1,40.609767,22.58283,5.5,-10.2331
1,40.637267,22.530828,5.4,-7.45683
1,40.632767,22.543529,5,-7.88762
1,40.645567,22.559829,4.3,-7.94737
1,40.639067,22.550529,5.4,-7.49355
1,40.638267,22.574129,3.7,-9.03656
1,40.596566,22.57453,5,-10.2968
1,40.584366,22.564629,4.8,-10.3746
1,40.605066,22.543829,6.4,-8.33395
1,40.620867,22.531028,4.9,-8.06809
1,40.608566,22.524828,6.2,-8.47415
1,40.592366,22.523128,7.6,-8.596
1,40.587066,22.551329,5.3,-9.2884
1,40.574566,22.547329,4.8,-9.82097
1,40.577366,22.537329,4.7,-9.16947
1,40.595066,22.542129,5.6,-9.03522
1,40.689268,22.539028,5.9,-5.43588
1,40.698568,22.547528,5.6,-5.80401
1,40.696768,22.557028,6.4,-6.43741
1,40.707868,22.545628,6.8,-5.91213
1,40.714368,22.524527,5.3,-4.15644
1,40.726069,22.522527,5.7,-3.79417
1,40.698868,22.537528,5.3,-4.82471
1,40.682368,22.584129,6.8,-8.55598
1,40.692068,22.581629,6.6,-8.22221
1,40.689068,22.563628,5.3,-6.75549
1,40.682868,22.556028,5.2,-6.40657
1,40.676868,22.545028,4,-6.26734
1,40.687068,22.573529,5.8,-7.34899
1,40.699269,22.586029,7.5,-8.45743
1,40.716269,22.586829,10.2,-7.66188
1,40.722269,22.601629,9.8,-6.9626
1,40.723569,22.590529,10.8,-6.765
1,40.729569,22.578628,8.7,-6.36361
1,40.725569,22.569028,7.5,-6.7712
1,40.731369,22.556628,6.6,-6.00701
1,40.720769,22.556328,5.8,-6.40077
1,40.734769,22.543327,6,-5.2938
1,40.726069,22.547528,5.2,-5.98889
1,40.703868,22.554828,6.5,-6.43583
1,40.706569,22.568628,8,-7.20604
1,40.714769,22.546628,5.2,-5.68855
1,40.739069,22.532527,5.7,-4.84771
1,40.743069,22.523127,5.9,-3.72982
1,40.735069,22.519027,5.4,-3.50059
1,40.737369,22.497826,5.4,-2.24909
1,40.739069,22.506327,6.5,-1.6099
1,40.750569,22.510126,6.7,-1.72354
1,40.745569,22.494026,5.1,-1.87731
1,40.754269,22.498626,6.7,-1.22704
1,40.753269,22.486626,6.1,-0.924728
1,40.750569,22.475126,6.5,-0.923717
1,40.745369,22.454025,4.9,-1.5171
1,40.710769,22.606829,7,-8.51837
1,40.710869,22.619329,7,-7.87468
1,40.701869,22.62313,6.8,-8.98236
1,40.701769,22.604329,7.4,-9.60855
1,40.685368,22.61813,6.9,-11.1069
1,40.675568,22.595029,5.9,-10.1266
1,40.597366,22.59453,3.5,-12.1473
1,40.593766,22.58453,3.7,-11.6655
1,40.588066,22.57863,4.3,-11.4298
1,40.576066,22.562829,4.3,-10.62
1,40.749369,22.443125,4.5,-1.2519
1,40.564765,22.543529,4.6,-9.88513
1,40.558865,22.539529,5.2,-9.41572
1,40.549065,22.527629,4.9,-7.72258
1,40.551365,22.55633,4.1,-10.9746
1,40.550565,22.58133,3.4,-13.1726
1,40.730769,22.623029,8.4,-5.54654
1,40.659568,22.588329,4.7,-9.62882
1,40.654768,22.61433,4.4,-12.8253
1,40.649568,22.60513,4.7,-12.4675
1,40.638867,22.61463,3.5,-13.4266
1,40.632367,22.60413,3.1,-12.3955
1,40.661868,22.60883,5,-12.1821
1,40.663768,22.61913,5.7,-12.5487
1,40.672268,22.63083,2.6,-13.6633
1,40.672368,22.62083,5.2,-12.3951
1,40.669368,22.60333,5.6,-11.7301
1,40.559364,22.255122,27,-7.11377
1,40.549063,22.241122,40.8,-7.43144
1,40.540863,22.220822,64.5,-4.90181
1,40.533563,22.205022,86.7,-2.43837
1,40.529063,22.193821,118.9,-0.491759
1,40.542863,22.191621,98.7,-5.45399
1,40.554563,22.182621,89.7,-5.37642
1,40.563263,22.16652,113.2,-7.40513
1,40.570863,22.14952,143.1,-6.59055
1,40.582864,22.15782,100.7,-7.06479
1,40.597364,22.17482,65.3,-7.94163
1,40.606864,22.19012,43.6,-5.97977
1,40.617565,22.19932,30.5,-3.03761
1,40.626565,22.209321,22.6,-2.26223
1,40.615865,22.215021,22.6,-4.5871
1,40.585364,22.237022,22.2,-7.51083
1,40.573564,22.232122,31.3,-8.3393
1,40.560864,22.232822,41.8,-8.00537
1,40.583764,22.17582,73.5,-7.3744
1,40.571264,22.180821,69.9,-5.52037
1,40.572564,22.199021,49.8,-7.13738
1,40.575764,22.212121,35.9,-8.82409
1,40.586564,22.220621,30.4,-8.71852
1,40.596564,22.215521,31,-7.58635
1,40.598264,22.200321,40.2,-7.15955
1,40.585864,22.196521,50.5,-8.29012
1,40.561763,22.204521,55.2,-5.43225
1,40.554363,22.215822,58.8,-5.45263
1,40.575363,22.14212,143.3,-7.56975
1,40.585764,22.141119,122.7,-14.721
1,40.593264,22.133619,117.7,-14.074
1,40.600564,22.124519,114.6,-13.8194
1,40.606764,22.117319,122.8,-8.56353
1,40.613064,22.107018,135.9,-10.4901
1,40.618364,22.096018,187.3,-7.95935
1,40.618864,22.084518,234.6,-9.20185
1,40.620864,22.070117,298.5,-20.704
1,40.619364,22.109018,121.5,-6.54736
1,40.619864,22.124019,93.6,-2.58827
1,40.615764,22.139119,71.1,-2.58427
1,40.616064,22.155819,54.3,-4.57078
1,40.611764,22.17352,49.9,-6.80027
1,40.594264,22.15402,85.6,-11.1933
1,40.600864,22.147019,80.9,-10.5399
1,40.608064,22.15762,62.1,-9.10205
1,40.628065,22.16682,42.3,0.159585
1,40.641265,22.16582,36.3,1.91275
1,40.650865,22.161019,38.6,1.96193
1,40.652765,22.148619,44.8,3.32673
1,40.653865,22.135619,52.6,4.06714
1,40.650565,22.123518,65.8,8.20165
1,40.638565,22.123518,75.3,7.05237
1,40.629564,22.124019,80.8,1.0695
1,40.627865,22.152619,52.7,2.50409
1,40.626264,22.140119,66.3,1.3382
1,40.518262,22.198021,127.6,-6.92973
1,40.511562,22.203322,112.9,-12.4388
1,40.504762,22.212022,139.7,-11.8481
1,40.494762,22.220822,191.8,-18.5876
1,40.485762,22.226523,209.4,-10.8159
1,40.495062,22.239123,66.9,-7.18088
1,40.487862,22.248623,43.2,-2.25127
1,40.489362,22.264623,49.5,-3.90848
1,40.494262,22.274624,34.4,-5.3641
1,40.493063,22.287824,59.2,-10.6256
1,40.492562,22.300024,67.9,-9.61731
1,40.489362,22.315324,87.8,-6.94211
1,40.485863,22.326525,87,-5.35271
1,40.483562,22.336625,92.4,-0.596602
1,40.493363,22.349825,55.9,0.193862
1,40.505262,22.236023,48.7,-3.96601
1,40.504762,22.253523,35.2,-7.82392
1,40.517063,22.247123,35.1,-7.08915
1,40.531263,22.259123,25.4,-6.3233
1,40.543763,22.263523,23.4,-6.95234
1,40.527063,22.233322,50.4,-6.25957
1,40.524063,22.217622,65.1,-4.97555
1,40.512363,22.219122,60,-3.99693
1,40.517363,22.231822,44,-5.86614
1,40.537363,22.281523,22.4,-5.85282
1,40.542063,22.298524,21,-4.23904
1,40.533063,22.311024,22,-4.41643
1,40.520363,22.311124,26.6,-4.4335
1,40.524063,22.272123,24.7,-5.64448
1,40.520863,22.291824,23,-6.89999
1,40.537864,22.324524,20.9,-3.51905
1,40.495263,22.364026,50.2,2.87855
1,40.496263,22.377526,56.4,5.03974
1,40.497563,22.389826,48.1,6.78033
1,40.499363,22.401526,51.6,7.93062
1,40.503063,22.412027,71.3,9.1109
1,40.510364,22.419027,54.4,5.79958
1,40.517764,22.425827,46.8,4.62105
1,40.525564,22.432627,34.5,2.97703
1,40.534364,22.432627,22.8,1.472
1,40.542564,22.436327,12.6,0.525176
1,40.544865,22.448527,14.7,-1.06223
1,40.550065,22.458627,10.2,-0.581248
1,40.553765,22.469628,11.7,-1.49267
1,40.553365,22.481328,10.2,-7.64027
1,40.551265,22.493528,10.1,-3.99228
1,40.560565,22.486528,7.4,-4.18959
1,40.570265,22.479528,8.1,-6.81552
1,40.577365,22.466527,12.1,-8.47483
1,40.569065,22.453527,8.9,-6.4478
1,40.564565,22.436827,9.7,-5.59838
1,40.558565,22.423526,11.9,-4.24935
1,40.554364,22.411326,13.3,-3.83664
1,40.551364,22.395526,15.5,-3.30852
1,40.538564,22.398626,21,-0.774992
1,40.525264,22.400126,27.6,1.85285
1,40.512763,22.401526,35.8,3.86988
1,40.508563,22.378126,34.9,3.0018
1,40.522064,22.373026,22.6,0.420066
1,40.534064,22.360625,17.4,-1.64265
1,40.529764,22.341125,20,-2.23673
1,40.496763,22.328025,60.1,-3.97144
1,40.503063,22.355025,39,0.192427
1,40.516063,22.352025,23.7,-1.0724
1,40.549864,22.359325,16.4,-2.171
1,40.547564,22.375625,15.8,-2.6483
1,40.536564,22.379126,18.5,-1.01097
1,40.560764,22.403126,14,-4.70535
1,40.570865,22.407826,13.1,-6.51018
1,40.576765,22.417626,13.1,-8.31611
1,40.575865,22.433526,10,-8.69231
1,40.580565,22.447627,10,-9.94803
1,40.557565,22.449527,9.2,-3.20396
1,40.551764,22.435027,10.7,-1.99144
1,40.545364,22.419826,14.7,-0.884917
1,40.533264,22.418126,20.4,1.61821
1,40.520764,22.415127,32.2,3.24675
1,40.498863,22.306324,50.4,-7.58183
1,40.509363,22.306524,26,-6.63476
1,40.503063,22.293024,36.3,-8.79314
1,40.511863,22.320524,29.3,-4.06627
1,40.514363,22.336325,25.4,-2.56949
1,40.521063,22.323624,21.2,-4.0819
1,40.565765,22.465327,9.7,-5.24
1,40.640865,22.138119,56.2,4.38826
1,40.640065,22.151519,46.5,3.77377
1,40.543364,22.339125,17.5,-2.41767
1,40.575764,22.16802,85.2,-5.44487
1,40.609864,22.130119,85.7,-7.27815
1,40.608064,22.205021,32.1,-4.88088
1,40.567364,22.220322,39.6,-8.79377
1,40.547863,22.202321,73.7,-2.47561
1,40.537063,22.240522,44.3,-6.9477
1,40.512263,22.282124,25.3,-8.15085
1,40.509263,22.268323,28.9,-8.38554
1,40.529863,22.293824,22.7,-6.06171
1,40.561065,22.385825,13.9,-4.24505
1,40.545065,22.502528,9.9,-6.05426
1,40.538765,22.511129,11.1,-7.17975
1,40.532565,22.520629,9,-7.36883
1,40.524765,22.526529,24.1,-6.70262
1,40.517364,22.529829,23.1,-5.5327
1,40.508264,22.529629,20.3,-4.40268
1,40.518065,22.54333,8.8,-7.39151
1,40.529765,22.537329,5,-6.32724
1,40.532865,22.55733,4.2,-10.555
1,40.542765,22.55753,5,-10.9254
1,40.542365,22.545529,4.7,-9.73428
1,40.538865,22.533529,5.4,-7.22156
1,40.778569,22.361523,9.1,11.2611
1,40.780369,22.374523,9.4,6.62566
1,40.782269,22.385123,11.9,3.34555
1,40.773869,22.385023,6.1,4.14016
1,40.783869,22.397624,19.9,0.733135
1,40.741369,22.435825,3.2,-1.10677
1,40.732868,22.429625,1.5,-0.494539
1,40.740269,22.447625,3.1,-1.60397
1,40.733268,22.442325,2.5,-1.36435
1,40.776569,22.402524,13.9,0.523351
1,40.781569,22.412024,20.8,-0.408771
1,40.771569,22.415524,15.8,-0.475045
1,40.764269,22.424024,11,-0.733529
1,40.765369,22.441325,13.2,-1.27584
1,40.756269,22.455125,10.3,-1.42132
1,40.762069,22.471625,17.2,-0.548045
1,40.760769,22.484826,16,-0.153153
1,40.788369,22.376123,13.3,4.66223
1,40.793369,22.366023,21,7.10042
1,40.80357,22.362123,33.3,6.14389
1,40.799269,22.374523,27.5,3.841
1,40.81257,22.362622,66.2,6.28937
1,40.82087,22.364022,97.8,7.94324
1,40.82877,22.367322,122.1,7.26372
1,40.83887,22.372122,157.7,7.01119
1,40.855871,22.363822,207.2,6.88465
1,40.84527,22.357122,131.9,7.10468
1,40.85187,22.348522,134.4,7.37517
1,40.83577,22.340122,56.2,9.17762
1,40.82707,22.340622,47.2,11.3061
1,40.81787,22.340322,40.7,11.8725
1,40.809269,22.354122,37.9,9.73639
1,40.84357,22.343022,81.1,5.23529
1,40.787569,22.361023,14.3,9.81654
1,40.72907,22.702631,20,2.63922
1,40.662369,22.879336,10,24.3047
1,40.589069,22.976039,22,8.25047
1,40.529067,22.96764,20,4.76125
1,40.515767,22.98264,20,4.86058
1,40.96578,23.534349,12,-20.0866
1,40.959078,23.332644,463.6,17.2281
1,40.959081,23.719353,59.5,-21.5382
1,40.952378,23.207641,679,14.3092
1,40.949071,22.094315,165.1,-3.87457
1,40.949074,22.542625,67.6,-7.13961
1,40.947377,23.096038,719.4,-0.759002
1,40.944082,24.00266,310,15.0914
1,40.942381,23.891057,195.8,-1.36038
1,40.942374,22.627627,60.3,-3.04304
1,40.940775,22.871033,213.8,-11.323
1,40.940771,22.171017,457.8,4.30241
1,40.937374,22.712629,149.4,2.48093
1,40.93237,21.87601,936,-9.91592
1,40.93237,22.021013,158,-5.71449
1,40.929076,23.009337,434,-11.2311
1,40.929076,22.946035,275,-9.79487
1,40.924079,23.486048,54,11.0694
1,40.924073,22.486024,244.5,3.94269
1,40.91908,23.821056,28.5,-16.1433
1,40.915772,22.399322,529.7,0.252748
1,40.915769,21.929311,841,-4.0735
1,40.912378,23.357645,776,14.0112
1,40.909077,23.267643,583,11.4927
1,40.905778,23.517649,126.7,11.5403
1,40.904072,22.331021,590,4.72672
1,40.902379,23.659352,56.8,-8.47905
1,40.902376,23.13604,571,-8.94849
1,40.897373,22.541026,165.2,-11.1283
1,40.89407,22.081015,233.1,-4.14722
1,40.894073,22.71763,81.6,7.85425
1,40.890773,22.654328,27.6,-5.278
1,40.88237,22.221018,236.7,9.78065
1,40.879069,22.031014,400,-5.32585
1,40.875769,21.969313,806.7,-0.914611
1,40.87577,22.161017,334.6,11.9895
1,40.870774,22.956036,307.1,-9.78191
1,40.870774,22.861034,138.5,1.81005
1,40.869077,23.411047,562.1,15.948
1,40.867372,22.602628,22.3,-6.18771
1,40.864079,23.861058,65.2,-1.67754
1,40.859075,23.032638,305.9,-20.137
1,40.857378,23.599351,306.5,10.072
1,40.857371,22.519326,120,-7.34684
1,40.854067,21.732607,1996.1,5.86996
1,40.85237,22.27932,108,8.3823
1,40.852375,23.081039,474,-22.7008
1,40.850777,23.52765,598.9,19.4289
1,40.840767,21.781008,1205.4,-3.67472
1,40.837368,21.996014,664,-0.149114
1,40.835769,22.086016,466.1,4.53014
1,40.834069,22.214319,63.5,19.2372
1,40.832369,22.144317,204.1,13.6212
1,40.829072,22.722631,99,4.26214
1,40.827372,22.657629,34.2,0.029572
1,40.824073,22.927636,143,0.547141
1,40.824076,23.459348,606.5,15.6882
1,40.819078,23.857658,144.8,8.72478
1,40.81237,22.347622,40,10.7186
1,40.809072,22.847634,140.8,12.4569
1,40.809067,21.981013,432,-19.2715
1,40.802373,23.019338,159.5,-16.0557
1,40.800768,22.047615,310,-8.30964
1,40.800768,22.051015,310,-8.99774
1,40.797366,21.83431,547.3,4.75898
1,40.797366,21.771009,604.8,-4.48438
1,40.789071,22.764332,258.4,14.6215
1,40.782373,23.061039,129.7,-20.0137
1,40.782376,23.52765,369,13.2819
1,40.782368,22.154318,40,7.18956
1,40.782367,22.091016,79.4,3.6291
1,40.780777,23.861058,1.4,-5.1492
1,40.779075,23.476049,442.4,20.1171
1,40.770773,23.121041,252.8,-17.4027
1,40.762366,21.906012,770,5.30624
1,40.754066,22.019315,303,-4.26139
1,40.737365,21.842611,636,3.62864
1,40.724072,23.122641,93,-17.8199
1,40.722372,23.002638,122.8,-0.011516
1,40.720766,22.141018,54.3,1.59964
1,40.719075,23.707655,2.8,-8.74586
1,40.719066,22.091017,160,3.33247
1,40.710772,23.191043,209.7,-12.0983
1,40.710766,22.007615,587,-1.83677
1,40.705765,21.932613,1160.5,5.32968
1,40.692372,23.232644,151,-10.1793
1,40.692374,23.511051,37,22.3363
1,40.692374,23.609353,195.3,3.95616
1,40.68737,22.942637,72,18.9831
1,40.684071,23.074341,93,-6.53484
1,40.662364,21.972615,1356,5.67687
1,40.659065,22.102618,172.2,8.73023
1,40.657374,23.622654,43.1,-3.58545
1,40.655772,23.311046,105.8,-15.6752
1,40.634071,23.252645,119.6,-14.4429
1,40.629072,23.526052,44.6,2.72209
1,40.627369,22.949338,4.2,28.6769
1,40.59577,23.181044,360,6.92425
1,40.594071,23.467651,143,4.10601
1,40.590771,23.42765,162.8,-2.51926
1,40.574072,23.627655,581,4.90968
1,40.572368,22.952639,1,14.0305
1,40.560762,21.962616,1211,11.3803
1,40.559071,23.549353,370.8,7.62186
1,40.55737,23.40605,259.7,-3.90356
1,40.557362,22.017617,1536,5.40504
1,40.555772,23.681056,717,5.1203
1,40.55077,23.482651,213,2.74252
1,40.544063,22.087619,1033.6,-5.83075
1,40.534069,23.282647,662.7,1.78936
1,40.530772,23.751058,520,3.68013
1,40.512368,23.157644,242.8,24.2206
1,40.509071,23.676057,544,6.93943
1,40.505769,23.336049,365.8,-17.9492
1,40.504066,22.907638,1.5,1.84034
1,40.497364,22.519329,130.7,-1.11274
1,40.495768,23.321048,663.6,-3.91415
1,40.482361,21.967617,1523.2,11.8257
1,40.47907,23.591055,821,-0.422142
1,40.470763,22.462628,405.3,10.6788
1,40.470761,22.022618,1591,10.6703
1,40.469066,22.942639,178.4,-2.52508
1,40.467364,22.577631,50.8,-4.85299
1,40.465766,23.014341,212,-1.30851
1,40.464065,22.857637,1.7,-7.72122
1,40.462368,23.356049,490,-5.47828
1,40.459069,23.519353,1165,-5.01135
1,40.454062,22.371026,340,13.4056
1,40.44577,23.752659,631,12.0848
1,40.442361,22.267624,718,-0.406469
1,40.44077,23.841061,0.3,16.1403
1,40.439066,23.144345,535,1.9569
1,40.434063,22.51933,277.3,6.62503
1,40.432368,23.427651,604,-0.810432
1,40.432361,22.182622,464,9.94981
1,40.430767,23.291048,677,10.1352
1,40.420768,23.497653,941,-3.24254
1,40.419066,23.097644,211,-4.81822
1,40.417362,22.472629,337.5,17.5726
1,40.415765,22.95764,87,-8.06244
1,40.415765,23.036042,178,-8.89839
1,40.415766,23.227647,501,2.13512
1,40.415763,22.604332,14.6,-7.15496
1,40.410761,22.307625,840,9.78789
1,40.407369,23.76606,130,6.47177
1,40.407368,23.647657,441,0.619626
1,40.407361,22.397627,472,17.8128
1,40.40237,23.877662,1,3.98233
1,40.397367,23.34105,522,12.5842
1,40.38736,22.226024,747,2.6516
1,40.380765,23.152645,281,-7.47285
1,40.379067,23.527654,578,-3.37893
1,40.377367,23.441052,520,0.223313
1,40.37737,23.956064,74.4,14.0896
1,40.375764,23.044343,86,-11.1746
1,40.372359,22.176022,590,6.22308
1,40.365767,23.597656,359,-3.49673
1,40.365761,22.459329,317.2,23.5791
1,40.364061,22.546031,192.3,12.0693
1,40.362366,23.389351,314,18.2166
1,40.360765,23.217647,202,-17.6999
1,40.35406,22.366027,408,11.3897
1,40.345764,23.116045,128,-1.95303
1,40.34076,22.427629,272,20.6502
1,40.334065,23.32605,165,12.7857
1,40.325764,23.177647,132,-10.1795
1,40.325766,23.447653,260,28.3717
1,40.324059,22.306026,513,7.22014
1,40.32236,22.556032,71,11.4305
1,40.320766,23.559355,226,2.73792
1,40.319064,23.244348,129,-8.84882
1,40.31736,22.46603,185,18.8426
1,40.307365,23.386052,91,29.0717
1,40.30576,22.619333,0,0.324335
1,40.280758,22.311027,437,-3.56875
1,40.279059,22.514331,35,7.61056
1,40.277358,22.379328,259,0.381329
1,40.274064,23.30105,88.5,11.4442
1,40.267359,22.531032,26,6.16798
1,40.260765,23.517655,26,39.2379
1,40.254064,23.366052,1,17.9708
1,40.239063,23.28435,0.3,1.89148
1,40.224057,22.296027,588.4,12.6401
1,40.224058,22.476031,29,2.10593
1,40.207358,22.569333,3,-2.92598
1,40.190757,22.489332,13,1.40751
1,40.149061,23.317651,0.1,-11.3706
1,40.137364,23.934366,0.1,-27.9091
1,40.125755,22.247627,1536,5.91828
1,40.102361,23.437655,0.1,1.16896
1,40.09736,23.309352,0.1,-13.4428
1,40.097364,23.981068,0.1,-17.5237
1,40.07906,23.386054,108,-5.60755
1,40.03236,23.497657,0,5.71902
1,40.017361,23.822665,0,19.6209
1,39.995761,23.889366,0.5,10.2357
1,39.992362,23.991069,0.3,4.34069
1,39.970758,23.452656,0,1.00141
1,39.959059,23.60606,287,7.45835
1,39.957359,23.682662,1.2,12.2148
1,41.397389,23.486043,497.5,6.5964
1,41.337387,23.296039,788.8,4.18566
1,41.317388,23.566046,647,7.72359
1,41.312387,23.421043,772.5,9.14048
1,41.292384,23.044334,693.5,4.27123
1,41.277385,23.31764,72.2,-0.751563
1,41.277387,23.667649,1236,5.54255
1,41.264087,23.584347,1430,-6.00228
1,41.257384,23.139336,39,-1.19471
1,41.250783,23.057634,66.9,6.69925
1,41.242385,23.392643,165,-0.393394
1,41.239084,23.211038,31.7,-5.99409
1,41.239086,23.671049,880,5.76296
1,41.209084,23.307641,43.7,-15.4735
1,41.187384,23.387643,78.9,-7.90663
1,41.182385,23.627649,1032,11.803
1,41.162382,23.25604,31.5,-10.117
1,41.147383,23.421044,96.7,-9.46583
1,41.129082,23.376043,26.7,-23.5796
1,41.120781,23.066036,571.1,14.4409
1,41.114082,23.301042,27,-9.85948
1,41.110784,23.687651,460,9.55783
1,41.099083,23.63605,188,11.8549
1,41.090783,23.549348,50.8,4.65996
1,41.085781,23.22934,368,13.4893
1,41.07738,23.147638,701,16.2632
1,41.069081,23.389344,19.6,-23.1495
1,41.050779,23.044336,655,12.8555
1,41.050784,23.979358,278.4,12.3605
1,41.049084,23.876056,379.5,6.21131
1,41.044079,23.116038,786,10.7628
1,41.039082,23.676051,108.4,-2.95795
1,41.037381,23.549348,20,-21.2805
1,41.030783,23.791054,156,-5.51649
1,41.025781,23.60605,34,-17.3777
1,41.020781,23.482647,14,-29.0652
1,41.01908,23.392645,20.3,-13.8564
1,41.014082,23.726053,126,-9.1131
1,41.012379,23.211041,603.3,18.9652
1,40.999079,23.267642,618.7,18.8261
1,40.999082,23.866056,182,-4.33513
1,40.997377,23.006036,446.7,-2.74359
1,40.995772,22.127615,136,-8.69722
1,40.995777,22.874333,295,-6.59842
1,40.994083,24.076061,148.1,13.613
1,40.992378,23.16604,587.2,13.262
1,40.990782,23.799355,142,-11.7011
1,40.990776,22.727629,210.9,1.20117
1,40.989083,24.01436,189,15.1267
1,40.987375,22.581026,29.7,-5.20134
1,40.984078,23.084338,682,2.0995
1,40.984073,22.354321,1135,-7.53282
1,40.980776,22.811031,211.1,-1.43114
1,40.979077,22.964335,299.7,-6.74812
1,40.977381,23.624351,9,-24.7744
1,40.972374,22.474323,192.6,3.21805
1,40.970771,21.947611,290,-5.65876
1,40.969071,22.019313,160.7,-10.6613
1,41.086783,23.721352,264,10.5441
1,41.081883,23.685851,224.3,16.6293
1,40.986382,23.787654,53.8,-11.3612
1,40.988281,23.59705,7.4,-25.2496
1,40.966281,23.683852,1.4,-22.2347
1,40.942281,23.839556,9.9,-13.2401
1,41.002783,23.890157,94.6,5.01715
1,41.019782,23.790554,115.3,-5.42995
1,40.88878,23.905858,149.5,-1.18414
1,40.968582,23.942558,133.2,10.2784
1,40.950782,23.963859,224.1,10.6717
1,40.918279,23.605651,8.8,-6.16207
1,40.93178,23.675652,3.6,-17.103
1,39.967353,22.586036,514,-18.1373
1,39.989053,22.531035,770,-2.63209
1,39.98576,23.62266,7,5.87368
1,39.959059,23.677662,3,10.8957
1,39.930759,23.732663,1,16.9336
1,39.955759,23.624361,280.5,9.03556
1,39.927358,23.612661,107,11.4041
1,39.929058,23.58266,3,10.0168
1,39.945758,23.534358,0.5,6.02492
1,39.970761,23.919367,1,18.0461
1,39.967361,23.956068,167,26.3642
1,39.989061,23.981069,2,5.2653
1,40.239058,22.377629,206.5,4.78453
1,40.099061,23.437655,1.5,-1.26853
1,40.322367,23.699359,41.5,-0.372559
1,40.47237,23.699358,650,6.37472
1,40.389068,23.599356,252.5,-7.39079
1,40.315768,24.006066,5,-5.4375
1,40.594065,22.399325,17,-7.48164
1,40.699068,22.529328,8.5,-4.821
1,40.65737,22.984339,214,21.7188
1,40.67077,22.934337,48.5,28.036
1,40.730771,22.917636,256,21.4817
1,40.727371,22.981038,175.5,-1.83881
1,40.674069,22.802634,12.5,14.5999
1,40.669072,23.246045,80,-16.1721
1,40.724072,23.171042,108,-15.579
1,40.730772,23.08764,90.5,-12.0602
1,40.719071,23.006039,148,2.9558
1,40.664071,23.117642,88.5,-7.53081
1,40.62737,23.101042,489,10.5168
1,40.634071,23.251045,119.5,-13.1188
1,40.637372,23.492651,51.5,0.548079
1,40.604071,23.326047,408.5,-10.9248
1,40.629072,23.346048,471.5,-13.7094
1,40.590771,23.43105,163,0.204537
1,40.620772,23.409349,228,-7.67153
1,40.689072,23.282645,141,-6.96416
1,40.720773,23.286045,294,-11.0479
1,40.744074,23.386047,424.5,3.33743
1,40.702373,23.357647,89,-8.88283
1,40.694073,23.432649,43.5,10.0381
1,40.690774,23.49265,53,20.986
1,40.745775,23.472649,395,25.7988
1,40.630773,23.562653,44,1.68476
1,40.632373,23.699356,384.5,-20.8408
1,40.654073,23.609354,42,-3.29873
1,40.612372,23.591054,124.5,0.891101
1,40.677374,23.562652,42.5,10.5442
1,40.690774,23.511051,37,23.0464
1,40.692374,23.606053,185,1.31147
1,40.735775,23.579352,335,9.61126
1,40.982373,22.357621,1144,0.27668
1,40.809073,22.957636,186.5,-0.747437
1,40.769072,22.924336,245,9.8096
1,40.785773,23.004338,135.5,-10.6221
1,40.820774,23.024338,205,-15.1074
1,40.757373,23.07764,106,-14.0115
1,40.794074,23.09604,274,-21.37
1,40.754073,23.127641,126.5,-19.0707
1,40.767375,23.422648,395.5,15.3033
1,40.779075,23.49265,363,23.6455
1,40.799075,23.384347,509.5,11.4012
1,40.805776,23.449348,393,20.1723
1,40.814076,23.489349,411,15.4349
1,40.989079,23.252642,539,21.0939
1,40.907379,23.57935,64,1.77837
1,40.904078,23.501048,81,13.8092
1,40.97238,23.511048,13.5,-21.8219
1,40.95408,23.58605,8,-19.6279
1,40.992381,23.60105,11,-24.7965
1,40.990781,23.667652,34.5,-19.1498
1,40.95908,23.711053,4.5,-22.114
1,40.894079,23.704353,104,-10.4124
1,40.875779,23.742655,38,-7.95972
1,40.862379,23.862658,60.5,-2.71224
1,40.91578,23.871057,78,-12.102
1,40.940781,23.772655,9,-17.9123
1,40.990782,23.789355,102,-9.32777
1,40.980782,23.864356,127,-3.80518
1,40.947381,23.919358,198.5,6.74359
1,40.977382,23.959359,161,17.2833
1,40.87078,23.931059,242.5,20.5902
1,40.832379,23.932659,390,15.8001
1,40.992383,24.076061,142,12.2606
1,40.970783,24.101062,506,13.1775
1,40.982383,24.03266,189,12.4429
1,41.005774,22.292619,1198,-0.356959
1,41.042374,22.292618,1148.5,-5.11736
1,41.205783,23.206038,38.5,2.31831
1,41.240784,23.224339,39.5,-4.4499
1,41.109081,23.184339,517.5,10.8119
1,41.05078,23.229341,497,12.777
1,41.099082,23.492646,52,-3.64834
1,41.144083,23.442645,111,-6.08744
1,41.185784,23.387643,79,-7.15023
1,41.205784,23.331041,41,-16.5069
1,41.234084,23.257639,37,-9.36491
1,41.160782,23.25604,32,-9.57639
1,41.200783,23.28604,42,-14.28
1,41.160783,23.311041,37,-14.888
1,41.134082,23.274341,31.5,-6.38722
1,41.107382,23.322642,28,-11.8491
1,41.102382,23.421045,27,-19.935
1,41.062381,23.462646,22,-21.6282
1,41.069081,23.379344,28.5,-16.2807
1,41.01578,23.482647,17,-26.1458
1,41.01738,23.439346,20.5,-21.9091
1,41.014082,23.727653,126,-8.5018
1,41.057383,23.691052,121.5,6.51269
1,41.097383,23.686051,269,10.0166
1,41.090782,23.532647,99.5,3.78727
1,41.194085,23.542647,713.5,12.3671
1,41.232386,23.577647,1302,4.27423
1,41.132384,23.564348,318,14.542
1,41.087383,23.607649,61,10.5773
1,41.030782,23.61435,26,-10.9681
1,41.055782,23.581049,33.5,-9.45765
1,41.037381,23.524348,19,-24.7517
1,41.007381,23.557649,16.5,-25.0299
1,41.047384,23.952658,200,8.64479
1,41.090785,23.899356,637.5,8.83978
1,41.010784,24.04436,103,15.2162
1,41.260784,23.201038,66,-3.08235
1,41.277384,23.081035,233.5,-1.88064
1,41.284084,23.032633,332.5,-0.208535
1,41.262385,23.252639,43.5,-6.88689
1,41.260785,23.372642,86.5,-9.37914
1,41.299086,23.399342,555.5,2.02963
1,41.337388,23.487644,1004,9.55976
1,41.260787,23.687649,941.5,9.99169
1,41.290788,23.686049,1056,6.9144
1,40.700703,22.952783,108.2,22.3184
1,40.702103,22.953683,114.7,22.0059
1,40.702903,22.954782,122,21.4748
1,40.704603,22.956382,129.4,20.335
1,40.706303,22.958882,130.7,17.5268
1,40.709002,22.961182,135.8,14.4409
1,40.711302,22.962582,146.9,12.0445
1,40.713202,22.963382,158,12.4266
1,40.714602,22.964182,171.6,13.4082
1,40.716302,22.965882,184.1,14.1526
1,40.717901,22.968082,196.9,13.079
1,40.718801,22.970582,209.2,11.9062
1,40.720701,22.973381,220.2,11.8145
1,40.721301,22.976181,228,11.0277
1,40.724,22.978381,232.2,9.91748
1,40.7263,22.981181,235.9,9.6888
1,40.7279,22.983681,229.9,9.94962
1,40.7285,22.98618,216.2,8.57743
1,40.7296,22.98888,201.5,10.989
1,40.7296,22.99228,183.9,10.0671
1,40.7293,22.995579,165.2,8.38516
1,40.728999,22.999779,146.1,8.00406
1,40.728999,23.001679,128.8,6.11807
1,40.727899,23.004778,110.2,3.03017
1,40.727399,23.006978,101.3,0.589266
1,40.727899,23.009478,98.5,-0.605825
1,40.728999,23.009778,93.7,-2.45612
1,40.730699,23.011678,91.7,-3.666
1,40.732399,23.012778,90.3,-4.02329
1,40.732899,23.016177,88.7,-4.93857
1,40.732899,23.019777,87.8,-5.78577
1,40.732898,23.023377,87.5,-6.74586
1,40.733498,23.026676,87.3,-7.67865
1,40.734598,23.030076,87.2,-8.92333
1,40.735698,23.033676,87.8,-10.1906
1,40.736798,23.036375,88.1,-10.7478
1,40.737398,23.039475,89.1,-11.573
1,40.738497,23.042275,89.7,-12.3526
1,40.739597,23.045075,91.1,-13.0291
1,40.740697,23.048074,92.1,-13.8064
1,40.741297,23.050874,92.7,-14.5699
1,40.742397,23.053374,93.7,-14.8929
1,40.743497,23.056674,94.5,-15.3558
1,40.744596,23.059773,96.8,-15.6232
1,40.745696,23.061973,101.8,-15.19
1,40.747896,23.064473,97.8,-16.1498
1,40.747396,23.067773,96.8,-16.184
1,40.746796,23.070572,95.2,-16.0956
1,40.747896,23.073872,96.1,-15.7293
1,40.748996,23.076972,96.2,-15.1241
1,40.752895,23.079172,96.9,-15.8036
1,40.753995,23.080872,97.4,-16.1676
1,40.755695,23.083071,100.6,-16.8647
1,40.757895,23.085571,103.6,-17.5349
1,40.759594,23.087771,109.4,-18.4478
1,40.760694,23.090071,113.2,-18.8662
1,40.762394,23.091171,116.4,-19.7153
1,40.764594,23.093071,124.1,-20.5605
1,40.766293,23.095071,131,-21.0819
1,40.768993,23.096971,137.8,-21.6194
1,40.770093,23.09947,144.9,-21.38
1,40.771293,23.10167,151.7,-20.4936
1,40.772893,23.10307,159.5,-19.6494
1,40.773992,23.10507,166.5,-19.5031
1,40.778492,23.10667,160.7,-21.6716
1,40.780092,23.10777,168.6,-22.1366
1,40.781792,23.11007,189.2,-21.3113
1,40.783491,23.114469,215.3,-21.7499
1,40.784591,23.115869,221.4,-22.3545
1,40.786291,23.118369,235.8,-22.1994
1,40.788491,23.120569,255.7,-22.401
1,40.78959,23.122269,269,-22.9317
1,40.79239,23.123669,283.1,-23.8884
1,40.79399,23.126369,295.2,-22.5694
1,40.79399,23.129468,314.5,-23.4864
1,40.79569,23.131968,323.2,-26.031
1,40.798489,23.135268,340.3,-25.6276
1,40.800089,23.138068,350.8,-23.0593
1,40.801789,23.140068,365.9,-21.4997
1,40.802889,23.141367,382.7,-19.5797
1,40.803489,23.143667,393.6,-18.0357
1,40.803988,23.145867,387.9,-19.5847
1,40.660704,23.113863,107.9,-4.08289
1,40.657404,23.113663,129.1,-1.76232
1,40.654304,23.113363,162.8,0.63346
1,40.651305,23.113363,182.4,0.743639
1,40.649305,23.113363,189.2,0.995325
1,40.646805,23.112763,209.2,1.46101
1,40.645105,23.112263,233.4,3.73449
1,40.643205,23.111363,243.1,3.19348
1,40.640706,23.110563,267.2,3.40176
1,40.637906,23.106663,336,5.38333
1,40.636806,23.104463,353.6,6.48062
1,40.635106,23.102763,389.7,9.7136
1,40.634007,23.099763,441.8,10.22
1,40.632607,23.099463,463.9,8.87848
1,40.631507,23.098063,508.9,12.8841
1,40.628807,23.096163,491.3,14.1071
1,40.627407,23.089464,492.4,15.4508
1,40.626008,23.086964,492,17.2505
1,40.625108,23.083865,494.5,17.3939
1,40.625108,23.080865,497.4,17.8508
1,40.625108,23.077765,506.1,19.1452
1,40.623808,23.074466,498.7,19.5211
1,40.621808,23.073066,501.8,19.8413
1,40.621008,23.069766,499.7,21.3022
1,40.620109,23.068066,487.9,21.2799
1,40.619309,23.065866,506.6,25.4484
1,40.617909,23.063666,496.4,21.3909
1,40.617109,23.062766,499.3,21.7782
1,40.615709,23.052767,514.9,26.7558
1,40.61181,23.057767,482.2,25.1635
1,40.61011,23.056167,446.6,25.2307
1,40.60851,23.054467,437.7,26.4704
1,40.60681,23.053367,436.4,27.2071
1,40.60541,23.053867,412.9,28.4731
1,40.60431,23.052567,373.9,27.2116
1,40.602911,23.051667,366.3,28.387
1,40.600711,23.051667,348.6,29.7855
1,40.598511,23.050267,342,30.3581
1,40.596511,23.050067,319.3,30.9687
1,40.590412,23.045567,366.7,34.7905
1,40.587112,23.040567,337,34.2486
1,40.585713,23.038067,305.3,33.9479
1,40.583813,23.035868,295.8,33.547
1,40.582413,23.033368,269.2,28.3174
1,40.580713,23.030868,261.6,28.5732
1,40.579014,23.028368,237.2,19.049
1,40.577414,23.025868,225.5,18.6527
1,40.575714,23.023369,220.6,22.5951
1,40.574014,23.020869,185.8,18.9469
1,40.572614,23.018369,162.9,18.7115
1,40.571015,23.015869,149.4,20.3492
1,40.569315,23.013369,123,18.8555
1,40.567915,23.010869,96.5,17.2027
1,40.566015,23.00867,86,16.6374
1,40.564315,23.00617,75.9,15.5605
1,40.247441,23.302526,34.1,7.48631
1,40.24934,23.306626,41.7,6.69583
1,40.25134,23.309726,48.6,8.20376
1,40.25184,23.313625,47.7,9.53797
1,40.25214,23.316325,42.8,9.46358
1,40.253539,23.318625,39.9,9.391
1,40.254339,23.321124,42,10.0151
1,40.256039,23.323624,44.2,10.6792
1,40.257439,23.325224,40.6,10.2931
1,40.259039,23.328324,37.3,11.6817
1,40.260438,23.330224,31.5,11.7625
1,40.261838,23.332224,25.4,11.81
1,40.263838,23.334723,22,12.9648
1,40.265138,23.336123,14.3,11.7932
1,40.267437,23.337723,17.7,12.252
1,40.269337,23.339423,21.1,11.5209
1,40.270437,23.341323,30.8,13.6086
1,40.272137,23.343623,31.8,15.7065
1,40.273536,23.345523,25.6,16.8216
1,40.274936,23.346123,18.9,18.2461
1,40.276536,23.348623,16.7,19.2951
1,40.277936,23.351322,16.8,20.8283
1,40.279036,23.353822,17.5,21.8719
1,40.280435,23.356622,17.9,22.7834
1,40.281835,23.359122,18.3,23.8897
1,40.283235,23.361921,17.6,24.7891
1,40.283835,23.365021,14.1,25.0801
1,40.283835,23.368021,11,25.1867
1,40.283535,23.37132,8.7,24.5121
1,40.283535,23.37412,9.4,24.2975
1,40.283534,23.37722,10.4,23.4462
1,40.283234,23.380019,13.2,23.0933
1,40.283234,23.382719,16,23.1586
1,40.283234,23.385819,19.4,23.8261
1,40.282934,23.388618,18.2,23.8422
1,40.282934,23.391318,15.4,23.7199
1,40.282934,23.394718,14.5,24.2031
1,40.282634,23.397518,18,24.0729
1,40.282634,23.401617,21,24.1849
1,40.282634,23.404417,20.3,24.4773
1,40.282434,23.407716,19.1,25.0209
1,40.282434,23.410816,18,25.4966
1,40.282434,23.413816,16.9,25.8167
1,40.282134,23.417215,16.1,27.3441
1,40.281533,23.420015,15.1,27.9833
1,40.281033,23.422515,14.3,28.4262
1,40.280433,23.425214,14.1,29.981
1,40.279933,23.428014,17.7,30.8775
1,40.279333,23.430814,21.8,31.3164
1,40.278533,23.433514,21,32.8991
1,40.277933,23.436313,18.3,33.7985
1,40.277433,23.439113,15.2,35.1102
1,40.276833,23.441913,13.1,36.4403
1,40.276333,23.443012,12.7,37.1712
1,40.275433,23.444112,13.1,37.6037
1,40.274633,23.446312,14.2,37.3373
1,40.272634,23.448012,15.8,37.5904
1,40.270734,23.450811,16.8,38.6482
1,40.269034,23.454111,18.1,38.9038
1,40.268234,23.456611,20.9,39.7801
1,40.266834,23.45911,26.1,40.6374
1,40.265134,23.45721,26.5,43.4619
1,40.266334,23.46361,19.9,39.4206
1,40.265134,23.46551,20.6,40.4724
1,40.264034,23.468009,24.5,40.8287
1,40.264334,23.470809,17.1,40.5847
1,40.261834,23.471909,21.8,42.7854
1,40.261334,23.477208,17.4,41.5846
1,40.261334,23.479408,17.5,41.7396
1,40.261334,23.481908,12.8,41.9249
1,40.261534,23.484707,20.7,42.3022
1,40.261534,23.486607,17.3,41.7386
1,40.261534,23.491107,18.3,45.3505
1,40.261333,23.494406,18.5,44.8319
1,40.260734,23.496606,13.2,44.9229
1,40.260733,23.500006,10.4,44.0501
1,40.260733,23.501906,7.4,42.9335
1,40.260433,23.505205,5.8,42.7605
1,40.260733,23.507705,4.9,42.241
1,40.261033,23.510505,5.6,42.1914
1,40.261533,23.513304,8.5,41.0514
1,40.262633,23.515504,12.3,40.8419
1,40.264033,23.517504,13.9,41.1314
1,40.265132,23.520004,14.2,41.1683
1,40.266332,23.522504,14.8,40.9187
1,40.267432,23.525004,16.6,40.4343
1,40.268232,23.527703,17.2,39.8498
1,40.270431,23.532703,12.9,37.0573
1,40.271531,23.535003,9.6,35.1143
1,40.272631,23.537503,9.8,33.7876
1,40.274331,23.539702,10.1,32.5163
1,40.27823,23.543302,12.3,30.6194
1,40.28013,23.542702,13.1,29.4247
1,40.28213,23.542703,13,28.7139
1,40.28403,23.543603,13.4,27.5113
1,40.287129,23.545003,14.2,25.811
1,40.288229,23.545503,15.2,25.5784
1,40.301328,23.556102,22.2,11.4658
1,40.308227,23.565002,24.8,2.67355
1,40.316526,23.568302,63,0.644615
1,40.322125,23.566302,105.8,-5.86025
1,40.332924,23.568002,237.2,-0.049164
1,40.355422,23.556105,348.9,1.32607
1,40.366321,23.548806,393.4,-2.32786
1,40.265739,23.27753,26.2,3.37969
1,40.267139,23.28053,34,4.57791
1,40.268839,23.28223,33.1,4.83703
1,40.270739,23.28383,29.4,5.10765
1,40.272638,23.285829,31.6,5.77087
1,40.274938,23.287729,33.3,6.16159
1,40.276838,23.289729,35.7,6.88141
1,40.278537,23.291929,37.4,6.98123
1,40.280437,23.293629,39.8,8.43375
1,40.282137,23.295829,41.7,8.45957
1,40.285137,23.297729,44.8,9.0536
1,40.287136,23.298629,43.6,8.03432
1,40.289336,23.300029,46.6,8.41854
1,40.292136,23.301129,52.2,7.87457
1,40.294036,23.301329,56.2,7.13438
1,40.296835,23.301329,59.1,7.5997
1,40.298835,23.302229,62.6,7.36712
1,40.301535,23.302229,65.3,7.06064
1,40.304034,23.302529,68.3,6.72276
1,40.306834,23.302729,76.6,6.84679
1,40.309334,23.303329,89.2,7.49431
1,40.311334,23.303629,88,6.54522
1,40.312933,23.304729,91.8,7.00494
1,40.315133,23.305229,98.7,6.15296
1,40.317633,23.306329,103.6,6.31288
1,40.319633,23.307729,109.4,6.7661
1,40.321832,23.308629,112.5,7.25072
1,40.324032,23.309729,116,7.95504
1,40.326532,23.311129,119.9,8.56666
1,40.328831,23.311329,125.2,8.56228
1,40.331031,23.311629,124.6,7.4381
1,40.332431,23.311929,126.6,6.92281
1,40.335131,23.311929,129.7,6.01234
1,40.337131,23.31133,134,5.25585
1,40.33993,23.31083,140.5,4.83997
1,40.34153,23.31133,149.2,5.08448
1,40.34353,23.31223,157.1,4.7427
1,40.346529,23.31303,161.2,4.81773
1,40.348829,23.31023,170.6,2.85624
1,40.351029,23.31333,177.1,4.31636
1,40.353229,23.31613,180.5,2.56439
1,40.355128,23.31773,188.9,1.50781
1,40.356528,23.32003,206.7,2.92942
1,40.358228,23.321929,219.1,2.51964
1,40.359328,23.323829,226.1,2.32675
1,40.361328,23.325829,235.8,2.24067
1,40.362627,23.327229,254.1,3.34779
1,40.364627,23.327229,265.1,3.5409
1,40.366527,23.327229,270.9,3.40432
1,40.367627,23.327529,273.4,3.65563
1,40.371026,23.328829,277.4,4.54426
1,40.373226,23.328829,277.1,2.28117
1,40.374026,23.330829,280.8,1.21378
1,40.376326,23.331329,315.8,1.8096
1,40.378826,23.331129,346.1,1.00812
1,40.380725,23.333329,372.2,6.72674
1,40.382625,23.333029,390.9,8.20716
1,40.384625,23.332529,405.4,10.8381
1,40.386325,23.33113,416.2,14.2055
1,40.388225,23.33163,417.7,13.3528
1,40.390124,23.33163,443.5,12.4827
1,40.392424,23.33053,467.7,11.0908
1,40.394024,23.33023,494.4,9.91784
1,40.394024,23.32803,515,12.514
1,40.396324,23.33133,527.9,14.3292
1,40.398223,23.33163,506.5,11.2804
1,40.402123,23.33113,537,11.7458
1,40.402923,23.33523,567.5,11.0443
1,40.406523,23.33163,609.6,10.533
1,40.408822,23.331131,638.8,10.3734
1,40.410722,23.329131,664.6,10.4085
1,40.412422,23.326931,692.9,9.98777
1,40.417622,23.325832,737,9.51051
1,40.422621,23.326932,766.1,2.27525
1,40.42932,23.324132,753.8,5.0168
1,40.43132,23.324732,750.7,4.76762
1,40.43462,23.326332,759.1,-1.11505
1,40.43652,23.326132,753.2,-1.98764
1,40.438819,23.325533,738.2,-1.09372
1,40.440719,23.324133,728.4,0.099187
1,40.443219,23.323333,709.8,-1.486
1,40.445119,23.323033,697.9,-0.198881
1,40.446819,23.322733,681.3,3.73613
1,40.447918,23.325233,667.2,3.42805
1,40.449618,23.328833,647.1,0.397165
1,40.451518,23.330832,606.7,-1.53402
1,40.455117,23.335532,577.2,-2.40968
1,40.458217,23.331933,571.5,-0.684963
1,40.463517,23.329433,534.2,-3.79683
1,40.331333,23.246936,131.8,-12.9476
1,40.333233,23.248036,138.3,-11.7916
1,40.335133,23.249136,149.2,-10.8381
1,40.335432,23.251636,157.3,-10.596
1,40.336332,23.254136,175.7,-7.84069
1,40.338532,23.255836,185.3,-8.01837
1,40.340132,23.258336,189.2,-6.08025
1,40.342931,23.260036,191.6,-5.75663
1,40.345131,23.259136,206.3,-5.12471
1,40.347431,23.260036,209.8,-8.99079
1,40.349331,23.262236,217,-8.90747
1,40.35133,23.263636,220.2,-11.2023
1,40.35323,23.264736,230.9,-10.0484
1,40.358529,23.266936,244,-10.7369
1,40.361329,23.267236,252.2,-11.3017
1,40.364029,23.266936,261,-8.94364
1,40.366029,23.265236,263.9,-8.64093
1,40.368528,23.264136,273,-8.16821
1,40.371328,23.265836,279.3,-7.15148
1,40.373828,23.264437,287.5,-7.85567
1,40.376028,23.263837,298.5,-7.08415
1,40.378527,23.263337,313.4,-5.66073
1,40.381527,23.262537,326.1,-7.52701
1,40.383527,23.263637,334.4,-8.45209
1,40.384927,23.264737,343.1,-7.00408
1,40.388526,23.265837,357.2,-6.21895
1,40.391026,23.266637,361.4,-7.80602
1,40.393226,23.268837,375.7,-6.3735
1,40.395725,23.270837,392.5,-4.55858
1,40.397425,23.272537,406.4,-1.37106
1,40.399625,23.273637,419.7,-2.40974
1,40.401525,23.274437,430,-2.49642
1,40.402924,23.273037,445.5,-1.90202
1,40.406324,23.275237,447.1,-7.64188
1,40.409624,23.276937,517.4,6.67695
1,40.412123,23.278337,528.8,8.23737
1,40.414623,23.280837,551.3,6.74829
1,40.417923,23.283836,572.5,10.0961
1,40.421322,23.285236,580.3,7.74426
1,40.430721,23.291136,641.9,8.70004
1,40.431021,23.294136,645.6,10.8847
1,40.431821,23.300035,641.7,13.8911
1,40.432121,23.303335,640,12.496
1,40.43292,23.306334,640.2,12.1492
1,40.43322,23.310234,649.3,9.361
1,40.43352,23.313634,664.3,9.39431
1,40.43492,23.316933,705.5,11.2056
1,40.43402,23.320533,727.1,7.55603
1,40.43072,23.323632,749,6.12151
1,40.286034,23.396318,14.7,23.8356
1,40.287634,23.395018,20.2,24.4686
1,40.290133,23.393818,30.7,25.8106
1,40.292633,23.393018,42.9,26.4798
1,40.295133,23.392519,52.4,26.718
1,40.298532,23.391319,65.4,28.01
1,40.300132,23.391119,68.2,26.8017
1,40.303232,23.391919,65.9,28.6791
1,40.305732,23.391119,68.2,28.336
1,40.308231,23.38972,84.2,28.7314
1,40.311031,23.39082,86,29.1965
1,40.312631,23.392719,92.1,29.1995
1,40.315131,23.393819,104.7,29.5743
1,40.31793,23.396119,115,30.7645
1,40.32243,23.39582,138.8,29.7321
1,40.32493,23.39502,157.2,29.1424
1,40.327429,23.39552,158.8,26.731
1,40.330129,23.39632,173.9,26.3627
1,40.332129,23.39522,178.8,25.3356
1,40.334329,23.39302,192.9,24.7691
1,40.336828,23.390821,194.7,23.2685
1,40.339328,23.390021,201.1,22.1479
1,40.341828,23.390021,214.1,22.123
1,40.344028,23.389421,221.4,21.019
1,40.347627,23.388622,233.3,20.5223
1,40.349627,23.390221,245.8,19.4946
1,40.351527,23.391921,264.7,19.5679
1,40.353527,23.393821,273.6,19.6389
1,40.355126,23.396921,287.3,18.3165
1,40.356526,23.399721,299.6,18.9676
1,40.359026,23.401321,306.3,17.0959
1,40.361526,23.402721,309.4,14.4907
1,40.362625,23.40522,314.9,13.9505
1,40.364625,23.40802,324.6,13.1963
1,40.366325,23.41052,333.5,9.55991
1,40.364625,23.41252,343.4,10.1453
1,40.364625,23.415819,361.5,10.8204
1,40.365125,23.418619,376.4,10.0084
1,40.365125,23.421119,390.3,9.98353
1,40.365725,23.423819,396.1,7.75894
1,40.367424,23.425019,417.6,4.62935
1,40.366824,23.427718,435,2.23985
1,40.368824,23.426918,463.2,5.50217
1,40.370724,23.429118,480,10.9434
1,40.369924,23.431918,477.1,10.6393
1,40.369324,23.435218,453.8,4.06389
1,40.375423,23.443817,520.6,-1.19684
1,40.374323,23.444117,529.4,-0.800952
1,40.373223,23.444717,530.9,-0.050658
1,40.372423,23.442217,523.9,2.45213
1,40.372123,23.439717,505.8,2.26742
1,40.371024,23.438617,487.4,1.18371
1,40.367424,23.440817,474.7,5.48059
1,40.365724,23.443017,476.3,2.61248
1,40.363524,23.444416,489.8,5.75057
1,40.360725,23.444416,501,10.0336
1,40.358225,23.444416,470.2,8.85543
1,40.356025,23.446616,451.7,11.3016
1,40.354025,23.448616,433.4,12.6355
1,40.352125,23.450215,415.5,12.9591
1,40.350725,23.453015,398.2,12.9103
1,40.347626,23.454415,361.2,12.3397
1,40.345126,23.455814,342.7,13.4402
1,40.342926,23.457714,333.9,13.8675
1,40.340726,23.456114,321.5,17.5317
1,40.338227,23.455814,310.2,19.3679
1,40.335727,23.455214,293,21.7658
1,40.333527,23.454414,278.9,21.7813
1,40.330727,23.453614,262.3,22.9846
1,40.327928,23.452714,249.8,25.0384
1,40.325428,23.451114,239.8,26.481
1,40.322628,23.451314,217.4,27.5543
1,40.320129,23.450214,196.5,26.2539
1,40.317429,23.450014,183.1,28.5194
1,40.313529,23.448814,160.7,29.4754
1,40.31073,23.447514,147.2,29.9744
1,40.30823,23.446314,131.6,31.4601
1,40.30543,23.446613,126.5,33.0151
1,40.30293,23.447513,120,34.3478
1,40.300431,23.447713,115.4,34.9811
1,40.292432,23.445813,75.8,39.2112
1,40.290432,23.445013,56.4,34.1033
1,40.287632,23.443813,47.2,33.8978
1,40.285132,23.443313,31.5,34.0893
1,40.282933,23.441613,26.8,34.2671
1,40.280133,23.440513,16.4,34.2753
1,40.276836,23.348323,17.4,17.8255
1,40.279036,23.347723,16.8,17.3885
1,40.281336,23.347223,19.4,18.4382
1,40.283535,23.346623,20.8,18.5988
1,40.285735,23.346323,21.5,19.6215
1,40.287435,23.346123,22.6,20.0242
1,40.289635,23.345823,25.3,21.2917
1,40.292134,23.345824,26.6,21.9247
1,40.294334,23.345824,29.4,22.3281
1,40.296334,23.345224,29.6,22.6534
1,40.298534,23.345524,31.1,23.4741
1,40.300734,23.345824,35,24.1379
1,40.302133,23.346624,33.1,24.2697
1,40.304333,23.346924,35.3,25.4377
1,40.306333,23.346624,36.3,25.5095
1,40.308833,23.346924,37.8,25.8677
1,40.311332,23.347524,38.8,26.9789
1,40.313532,23.347524,41.8,28.8535
1,40.318831,23.349724,46,29.4522
1,40.322431,23.349125,53.9,26.8997
1,40.324331,23.348325,52.5,25.982
1,40.326331,23.349725,50,22.4732
1,40.32823,23.351625,51.7,20.2994
1,40.33013,23.351925,57,19.4884
1,40.33183,23.352525,60.2,18.0556
1,40.33353,23.354125,63.6,18.05
1,40.348829,23.31473,170.7,5.00685
1,40.346529,23.316329,168.3,2.74193
1,40.34383,23.318029,170.2,6.30272
1,40.34293,23.319729,152.2,6.41222
1,40.34183,23.322229,153.5,7.85461
1,40.34183,23.325228,165.6,8.46212
1,40.34183,23.328328,158.6,9.25303
1,40.34103,23.331128,151.4,9.93603
1,40.34013,23.333627,147,11.6265
1,40.33993,23.336127,136,11.9377
1,40.33903,23.338327,115.8,11.1932
1,40.33883,23.341326,99.1,11.6063
1,40.33763,23.344126,91.2,11.648
1,40.33683,23.347726,82.1,12.0023
1,40.33573,23.350525,69.9,12.1063
1,40.33433,23.352525,67.9,15.5792
1,40.33403,23.355825,59.5,17.7671
1,40.33463,23.358624,58.5,16.2198
1,40.336029,23.361124,71.7,16.4354
1,40.336529,23.364124,84.7,15.2244
1,40.335729,23.366323,105.7,16.8899
1,40.334329,23.368023,110.3,19.7894
1,40.33183,23.368623,95.5,19.5844
1,40.332429,23.370823,118.3,20.9854
1,40.334029,23.372223,127.3,19.5393
1,40.334029,23.375522,131.1,20.7456
1,40.334329,23.378322,126.4,18.3696
1,40.334629,23.380522,142.8,19.6504
1,40.335129,23.382722,159.4,21.0463
1,40.333229,23.383321,142,18.9252
1,40.331329,23.383821,138.9,19.9429
1,40.330729,23.386321,150.3,21.7559
1,40.330729,23.389721,146.4,22.6735
1,40.331829,23.39302,165.4,23.7278
1,40.332129,23.39632,178.8,24.4615
1,40.277926,23.694388,132.1,-19.0117
1,40.271327,23.694087,146.6,-21.9267
1,40.269627,23.697187,121.8,-27.2145
1,40.265727,23.696887,85.8,-32.8378
1,40.249929,23.702485,73.2,-31.2907
1,40.249629,23.707985,51.6,-32.8981
1,40.246529,23.712984,49,-30.9374
1,40.243229,23.712184,40.7,-30.4781
1,40.23963,23.716284,23.8,-28.0982
1,40.23653,23.719383,22.9,-28.0358
1,40.23383,23.717683,30.3,-26.6631
1,40.230731,23.713783,43.9,-24.1081
1,40.228831,23.709684,62.2,-21.3686
1,40.225131,23.706284,81,-25.8338
1,40.222632,23.705184,87.6,-24.1661
1,40.219632,23.699984,78.5,-22.5155
1,40.215733,23.697484,57.8,-21.4165
1,40.213533,23.692985,47.7,-18.6112
1,40.209633,23.693284,54.3,-15.2389
1,40.205434,23.694084,11,-20.1568
1,40.201534,23.695184,8.9,-20.1405
1,40.199034,23.696583,7.5,-22.9992
1,40.194335,23.699383,34.5,-18.893
1,40.190435,23.702982,33.5,-19.3096
1,40.187435,23.706882,9.2,-22.9281
1,40.184036,23.712681,4.6,-17.2608
1,40.182636,23.717981,16.4,-19.5543
1,40.176536,23.71968,17.6,-21.1961
1,40.172936,23.72438,5.1,-17.7137
1,40.170137,23.72828,15,-18.3342
1,40.165137,23.730479,12.3,-22.8817
1,40.161337,23.734678,38.6,-14.2734
1,40.156538,23.735478,27.5,-15.7658
1,40.151039,23.736877,32,-10.1687
1,40.146839,23.739077,16.8,-10.9718
1,40.143839,23.742476,15.2,-9.23928
1,40.140439,23.745476,17.2,-7.71861
1,40.13714,23.750773,9.2,-10.3942
1,40.13574,23.755772,8.2,-12.2028
1,40.13354,23.761871,8.7,-7.07382
1,40.12714,23.767171,9.2,-7.37466
1,40.12494,23.76907,12.1,-10.4413
1,40.120741,23.77407,4.6,-10.2166
1,40.116341,23.777669,13,-11.8609
1,40.110442,23.776569,11.9,-6.81556
1,40.104942,23.780468,14.5,-4.1765
1,40.100143,23.782668,7.7,-8.37983
1,40.561816,23.00337,75.6,13.2437
1,40.560416,22.99887,35.7,8.12956
1,40.557116,22.995571,26.2,8.95044
1,40.555417,22.994171,17.6,8.51622
1,40.552917,22.991671,14,8.9216
1,40.549017,22.987571,11.7,8.67146
1,40.696304,22.952782,108.2,24.8001
1,40.687905,22.945283,72.7,20.5246
1,40.675406,22.937583,55.1,26.5518
1,40.666507,22.933883,39.4,29.5994
1,40.659308,22.927583,20.7,27.9835
1,40.654309,22.913084,7.5,30.1454
1,40.645111,22.895886,0.4,24.4843
1,40.630105,23.188353,201.9,-1.46518
1,40.626502,23.285844,383.3,-7.84713
1,40.668497,23.340241,44.5,-15.5933
1,40.671297,23.318043,51.5,-13.5703
1,40.704893,23.36024,91.7,-8.50078
1,40.701497,23.243051,255.6,-9.93336
1,40.712897,23.194157,211.9,-10.0726
1,40.668799,23.267549,91.7,-13.5585
1,40.646003,23.220851,96.2,-14.4422
1,40.648502,23.244748,92.3,-14.6376
1,40.6524,23.280246,90.9,-14.6358
1,40.670398,23.300845,84.8,-11.6898
1,40.668501,23.223651,82.7,-13.3879
1,40.637612,22.877587,0,15.9534
1,40.586818,22.845288,2.2,5.18446
1,40.582119,22.831389,0.6,2.44049
1,40.57542,22.81809,0.5,-0.304493
1,40.568521,22.803392,0.3,-3.07118
1,40.570521,22.786194,0.3,-5.03762
1,40.64511,22.901385,0,24.0959
1,40.495429,22.820087,0,-6.18567
1,40.371037,22.978064,0,-11.3987
1,40.379037,22.956167,0,-9.27567
1,40.406836,22.899774,0.2,-7.37493
1,40.429634,22.881677,0.2,-8.37151
1,40.457132,22.86418,0.2,-9.12925
1,40.476531,22.831985,0.3,-8.97089
1,40.515122,22.940874,0.5,3.71462
1,40.53012,22.968372,1,5.76449
1,40.537119,22.977271,0.5,5.43546
1,40.556517,22.980872,0.4,9.2214
1,40.568816,22.959175,0.3,10.6034
1,40.581316,22.941678,0.5,13.3679
1,40.597614,22.953877,0.5,18.9625
1,40.610712,22.953378,0.4,24.2574
1,40.381538,22.914771,0,-5.80707
1,40.362937,22.994462,0,-13.0494
1,40.344938,23.016959,1,-11.8206
1,40.32544,23.024757,0,-11.6411
1,40.32014,23.042255,0,-11.3208
1,40.31184,23.065853,0,-12.0236
1,40.30744,23.083651,0,-13.9824
1,40.29714,23.113048,0,-12.384
1,40.283241,23.136645,0,-15.0183
1,40.274041,23.160242,0,-14.683
1,40.272141,23.18134,0,-14.034
1,40.259041,23.205237,1.5,-9.08509
1,40.251541,23.236134,0,-3.63037
1,40.236042,23.299726,0,0.608606
1,40.225143,23.314424,0.5,0.247257
1,40.210144,23.320522,0,-2.49415
1,40.173848,23.32752,0,-10.5407
1,40.15855,23.323319,0,-12.2938
1,40.492906,23.650502,522.5,4.6521
1,40.487107,23.628304,530.7,6.94671
1,40.489307,23.603606,568.2,2.54876
1,40.488208,23.587708,643,1.92492
1,40.483809,23.580008,724.8,-0.440334
1,40.479909,23.578608,825.1,1.68683
1,40.47321,23.570209,893.5,-0.019632
1,40.467111,23.561909,979,-1.0334
1,40.466511,23.546111,1002.8,0.977463
1,40.459912,23.526312,1022.2,-0.07873
1,40.464312,23.532512,996,-8.78248
1,40.453513,23.520013,980.9,-7.09099
1,40.446014,23.519113,889.9,-8.83585
1,40.421317,23.496914,869.1,-8.55788
1,40.410418,23.493814,799.5,-6.81297
1,40.406319,23.480515,850.2,-8.26283
1,40.39712,23.475815,836.3,-5.46221
1,40.389921,23.467715,899.4,2.35582
1,40.386822,23.452717,629.2,-4.04744
1,40.092643,23.791567,0,-8.12817
1,40.051547,23.803564,0,6.21494
1,40.036049,23.813562,0,10.6708
1,40.025149,23.836059,0,13.0691
1,40.01215,23.864956,0,8.34726
1,39.994052,23.894053,0,8.03928
1,39.965454,23.927648,0,15.4563
1,40.197445,23.325221,0,-3.17144
1,39.931366,23.58518,0,10.5946
1,39.948266,23.532986,0,9.95145
1,39.972166,23.465793,0,3.09095
1,39.961566,23.502489,0,9.82237
1,40.000465,23.385003,0,-1.35048
1,40.036562,23.362508,0,-2.29485
1,40.006864,23.418,36.9,5.66088
1,40.049659,23.411603,40.1,5.75491
1,40.069658,23.385807,120.2,2.4212
1,40.264032,23.520504,10.6,40.3322
1,40.263232,23.523803,8.5,39.7116
1,40.262432,23.526903,8.1,39.4768
1,40.261032,23.530803,8.1,39.1811
1,40.261032,23.534402,8.1,38.9921
1,40.258533,23.537202,8,39.0706
1,40.257433,23.540502,8,40.0606
1,40.254933,23.549701,10.4,41.3133
1,40.254632,23.5569,16.4,40.2963
1,40.254932,23.559999,23.2,39.1276
1,40.255432,23.562699,29.6,35.234
1,40.254932,23.565199,37,32.9237
1,40.253532,23.567699,45.1,30.5088
1,40.252632,23.570798,55.3,29.8991
1,40.251832,23.574398,67.1,29.3091
1,40.251332,23.577698,79.7,27.4591
1,40.247432,23.585497,82.2,20.0676
1,40.245433,23.587996,71.8,22.602
1,40.242933,23.589996,59.3,23.5105
1,40.241033,23.592196,56.3,22.5314
1,40.240433,23.594995,58.3,21.1658
1,40.240133,23.598295,49,20.9646
1,40.239933,23.601295,34,13.8223
1,40.237933,23.602694,35.3,15.0473
1,40.236033,23.603794,38,17.2044
1,40.234333,23.605794,28.6,16.9413
1,40.230433,23.626092,31.6,2.13051
1,40.227633,23.654089,8.3,-6.90624
1,40.226532,23.672487,26.2,-17.9251
1,40.218533,23.682986,21.4,-19.8634
1,40.368824,23.438617,474.7,2.5373
1,40.43242,23.325532,751.4,2.81453
1,40.546518,22.981171,0.2,7.09033
1,40.595711,23.048867,327.3,32.6709
1,40.377423,23.442517,520.9,-0.682031
1,40.5167,22.9833,20,4.81731
1,41.1067,22.56,60,6.07792
1,40.59,22.9767,22,22.7408
1,40.6633,22.88,10,24.1691
1,40.27,22.5083,25,2.35304
1,40.595,23.1017,800,6.59691
1,40.73,22.7033,20,2.07273
1,40.045,22.53,10,-20.5968
1,40.6283,22.4467,10,-14.6539
1,40.53,22.9683,20,4.67079
1,40.5983,23.0633,610,28.8125
1,40.227389,22.154324,2189.3,9.64116
1,40.400727,22.107654,1446.2,12.6451
1,40.467394,22.097653,1233.6,6.98847
1,40.844076,23.274344,983,8.85103
1,40.374067,23.446019,587,8.01902
1,40.460737,23.664357,696,10.9692
1,40.324066,23.44602,242.5,28.849
1,40.030721,22.494333,923,6.09486
1,40.084055,22.404331,1063,-9.68757
1,40.670738,23.014339,477,19.8306
1,40.789075,23.406014,566.3,18.0014
1,40.750743,23.62602,800,5.13059
1,40.810742,23.319345,603.5,6.64726
1,40.675738,23.014339,426,14.1592
1,40.735742,23.532684,516.1,32.5273
1,40.834077,23.522683,528,18.2684
1,40.095722,22.427664,843.5,-5.88289
1,40.752409,23.629353,715.5,-3.89571
1,40.530738,23.591021,509.4,10.905
1,39.930726,23.739363,0.1,19.5152
1,40.782407,23.217676,541.9,-6.74605
1,40.734075,23.541018,391.5,25.4155
1,40.605738,23.339348,490.9,-4.20295
1,39.995728,23.887699,4.5,9.07142
1,40.772407,23.229343,470,-4.65484
1,40.817408,23.169342,512.1,-9.04317
1,40.700737,22.886003,128.9,32.6468
1,40.465728,22.164321,575.2,10.4893
1,40.69907,22.884336,123.5,33.0356
1,40.729074,23.361014,472.4,1.10036
1,40.839079,23.921026,349,26.1225
1,40.505736,23.469352,365.8,-0.801771
1,40.72574,23.234344,403,-5.19497
1,40.917408,22.799332,248,8.70467
1,40.760743,23.589352,470,2.82229
1,40.897414,23.947692,358.8,20.7657
1,40.635737,23.162676,250,-0.0817
1,40.747404,22.831001,41,31.4249
1,40.589073,23.731024,360,1.64757
1,40.805741,23.156008,387.5,-18.1479
1,40.43907,23.839361,1,19.5893
1,40.585737,23.256013,204.1,-1.56488
1,40.707406,23.281012,313.2,-4.53467
1,40.167389,22.397663,379,13.8493
1,40.994079,23.324343,188,16.9207
1,40.535737,23.366016,239.5,-3.17947
1,40.844073,22.780999,89.2,9.47039
1,40.770738,22.704331,96,11.1231
1,40.105723,22.516,243.5,20.4725
1,40.635738,23.189344,112.4,-4.50782
1,40.629071,23.217678,124,-6.54012
1,40.499067,23.084343,52,1.08483
1,40.515734,23.051009,36,3.77183
1,40.637402,22.857669,0.3,12.8331
1,40.665738,23.117675,83.9,-5.24182
1,40.687404,23.072673,97,-4.16713
1,40.789071,22.652663,72,6.84793
1,40.152389,22.452664,195,13.0866
1,40.49073,22.40266,112.5,13.8483
1,40.595735,22.856003,0.1,8.40381
1,40.525734,22.977673,3.3,6.12125
1,40.982415,23.946025,193.6,16.9924
1,40.559073,23.831027,0.2,7.38188
1,40.805738,22.575995,72.4,2.47125
1,40.852411,23.636019,141.5,2.96384
1,40.725737,22.677664,10,4.19622
1,40.20739,22.375996,184,16.211
1,40.849078,23.667686,159,2.69733
1,40.659072,23.381015,89,-8.64325
1,40.837411,23.762688,169.9,0.346902
1,40.827411,23.737688,127,-0.875676
1,40.659072,23.357681,91.8,-14.3191
1,40.615741,23.779358,0.3,0.691014
1,40.5674,22.799335,1.7,-0.913818
1,40.907412,23.577683,64.2,5.07289
1,39.992387,22.62267,0.2,-3.13954
1,40.729069,22.600996,11.4,-3.88795
1,40.15739,22.547666,5,7.46167
1,40.745736,22.539327,9.4,-3.77694
1,40.780744,23.824357,5,-1.30964
1,40.859079,23.772688,57,-1.46433
1,40.627401,22.732666,4.8,-7.35567
1,40.665741,23.701023,2,-0.957217
1,40.679068,22.540995,5,-3.77845
1,40.877412,23.754355,80.1,-5.72085
1,40.754076,23.734355,3.1,-3.51197
1,40.662401,22.637663,5.9,-11.5841
1,40.6374,22.529328,5.5,-5.07858
1,40.529066,22.676,1.8,-7.4451
1,40.615734,22.670999,7,-11.686
1,40.585734,22.644331,2,-12.3265
1,40.570732,22.529329,5,-7.31188
1,40.777407,23.266011,596,0.5561
1,41.341086,23.231338,1289.5,11.9118
1,41.261082,22.764327,175.8,1.4833
1,41.136075,22.051312,1345.2,-8.1396
1,41.102075,22.206316,598.6,-13.1106
1,41.091074,22.037312,1324.9,2.4643
1,41.079074,22.082313,807,-2.8095
1,41.057074,22.159315,276.2,-6.8638
1,41.056075,22.264318,1077,-5.6406
1,41.027073,22.194316,234.8,2.9106
1,41.026072,22.002312,292.6,-5.1618
1,41.012072,22.072313,146.9,-14.6974
1,40.979071,21.90931,655,-4.5316
1,41.14708,22.07437,1672.4,5.06355
1,41.12926,22.54954,77.9,18.3308
1,41.12546,22.64452,206.1,-0.900577
1,41.16137,22.64706,273.7,1.61192
1,41.15749,22.74207,260.6,8.59118
1,41.15552,22.78957,156.8,-0.222293
1,40.474998,22.625003,0,-4.3175
1,40.374998,22.89167,0,-7.6049
1,40.308332,23.958337,0,-3.3588
1,40.208332,22.59167,0,0.2788
1,40.008332,23.825003,0,21.4615
1,39.958332,23.358337,0,-17.473
