fid,field_1,field_2,field_3,FORM_CODE,IGME_NAME,HYDRO_CODE,H1,SAMPLE_1
"1","21.9316","40.968","-11.4266",al,- Αρνίσσα - Έδεσσα,"111","184",322.829193115234
"2","21.9649","40.968","-8.605",al,- Αρνίσσα - Έδεσσα,"111","164",223.825241088867
"3","21.8983","40.968","-11.8675",T-Js?mr1d,- Αρνίσσα - Βιτολίστε,"2132","217",633.908752441406
"4","21.9316","40.9347","-11.718",K5-8.k,Αρνίσσα,"2111","215",575.046264648438
"5","21.8983","40.9347","-11.1935",fg,Αρνίσσα,"411","220",813.706909179688
"6","21.8983","40.9014","-0.9016",fg,Αρνίσσα,"411","227",1553.423828125
"7","21.865","40.9347","-8.2841",gn,- Βεύη - Αρνίσσα,"413","224",916.646484375
"8","21.865","40.9014","-5.5174",T-Js?mr1d,Αρνίσσα,"2132","228",1571.7109375
"9","21.865","40.8681","-1.8784",gn,- Βεύη - Αρνίσσα,"413","225",1047.96081542969
"10","21.8983","40.8681","5.6552",T-Js?mr1d,Αρνίσσα,"2132","227",1461.33654785156
"11","21.865","40.8348","1.3187",al,Αρνίσσα,"111","217",608.334838867188
"12","21.8983","40.8348","5.2495",K8-9.k,Αρνίσσα,"2211","220",743.405029296875
"13","21.9649","40.9347","-10.3594",K8-9.k1,Αρνίσσα,"2111","186",371.812133789062
"14","21.9649","40.9014","-1.0363",K8-9.k1,Αρνίσσα,"2111","217",632.405517578125
"15","21.9649","40.8681","4.9483",K8-9.k1,Αρνίσσα,"2111","219",680.93115234375
"16","21.9316","40.9014","1.374",fa,- Αρνίσσα - Έδεσσα,"411","222",921.00537109375
"17","21.9982","40.9014","-4.0038",(Js-Ci)5,- Αρνίσσα - Έδεσσα,"5","196",400.615234375
"18","21.9316","40.8681","9.6155",fg,Αρνίσσα,"411","224",924.094482421875
"19","21.9316","40.8348","1.9354",fg,Αρνίσσα,"411","220",704.327941894531
"20","21.8317","40.8681","-12.3767",gn,- Βεύη - Αρνίσσα,"413","223",892.307739257812
"21","21.8317","40.8348","-6.0888",cs5,Αρνίσσα,"111","217",598.42919921875
"22","21.7984","40.8348","-6.9812",T-Jmr1,- Πτολεμαϊς - Πύργοι - Βεύη - Αρνίσσα,"2132","219",710.909606933594
"23","21.9649","40.8348","-4.2725",fa,- Αρνίσσα - Έδεσσα,"411","217",526.902709960938
"24","21.9982","40.8348","-7.6053",fa,- Αρνίσσα - Έδεσσα,"411","218",643.42529296875
"25","21.7984","40.8015","-2.9731",water_surf,- Πύργοι - Αρνίσσα,"0","215",513
"26","21.8317","40.8015","3.1454",al,Αρνίσσα,"111","216",542.952880859375
"27","21.865","40.8015","6.6014",Js?,Αρνίσσα,"413","219",671.128295898438
"28","21.7651","40.8348","-0.6989",sc,Αρνίσσα,"321","226",1156.50256347656
"29","21.8983","40.8015","1.656",fg,Αρνίσσα,"411","217",567.924011230469
"30","21.9316","40.8015","-9.5677",lk,Αρνίσσα,"411","212",477.5
"31","21.9649","40.8015","-16.0143","co,al",Αρνίσσα,"121","212",481.085113525391
"32","21.9982","40.8015","-14.771","co,al",Αρνίσσα,"121","214",495.802154541016
"33","21.865","40.7682","10.9575","co,al",Αρνίσσα,"121","216",546.538879394531
"34","21.8317","40.7682","4.7879",al,Αρνίσσα,"121","217",547.898986816406
"35","22.3312","40.968","-2.9827",Tm-s-J.sch,- Γιαννιτσά - Σκρα,"323","227",1335.42724609375
"36","22.3645","40.968","-2.6482",T-J?-vol,- Γιαννιτσά - Σκρα,"222","221",764.87890625
"37","22.3312","40.9347","-2.1846",Js-Ks.mr,Γιαννιτσά,"2132","223",884.724060058594
"38","22.3645","40.9347","-0.2677",θ,- Γιαννιτσά - Σκρα,"222","226",1295.60083007812
"39","22.2646","40.968","-4.419",Js-Ks.mr,Γιαννιτσά,"2132","226",1166.35437011719
"40","22.2979","40.968","-3.9761","J.mr,sch",Γιαννιτσά,"413","227",1407.07421875
"41","22.4311","40.968","-0.2293",Pla-sh,Γιαννιτσά,"222","178",263.246307373047
"42","22.4311","40.9347","2.5966",Pla-sh,Γιαννιτσά,"222","180",320.37451171875
"43","22.2646","40.9347","-10.0961",K5-9.k.d,- Έδεσσα - Γιαννιτσά - Προμάχοι,"2111","226",1285.76452636719
"44","22.2979","40.9347","-8.1369",Js-Ks.mr,Γιαννιτσά,"2132","222",840.9697265625
"45","22.4644","40.9347","5.2488",H.t,- Γιαννιτσά - Κουφάλια,"121","159",198.962051391602
"46","22.4977","40.9347","0.6801",Ms,- Πλατύ - Γιαννιτσά - Κουφάλια,"311","155",156.237197875977
"47","22.4644","40.9014","7.3031",Ms,- Πλατύ - Γιαννιτσά - Κουφάλια,"311","161",214.630981445312
"48","22.4977","40.9014","0.4951",Ms,- Πλατύ - Γιαννιτσά - Κουφάλια,"311","157",176.187881469727
"49","22.3978","40.9347","-0.2896",θ,- Γιαννιτσά - Σκρα,"222","215",544.884765625
"50","22.2979","40.9014","-3.4264",Js-Ki.k,Γιαννιτσά,"321","226",1229.54260253906
"51","22.3312","40.9014","2.3217","J-σπ,κφ",Γιαννιτσά,"321","216",605.686706542969
"52","22.3978","40.9014","2.6609",Ms,- Πλατύ - Γιαννιτσά - Κουφάλια,"311","203",397.105895996094
"53","22.4311","40.9014","5.3941",Ms,- Πλατύ - Γιαννιτσά - Κουφάλια,"311","177",277.645721435547
"54","22.3978","40.8681","3.3255",Ms,- Πλατύ - Γιαννιτσά - Κουφάλια,"311","179",280.143737792969
"55","22.4311","40.8681","4.803",Ms,- Πλατύ - Γιαννιτσά - Κουφάλια,"311","177",238.719284057617
"56","22.3645","40.9014","3.4648",Js-vol,- Γιαννιτσά - Σκρα,"222","220",746.5478515625
"57","22.2979","40.8681","1.7136",K5-9.k.d,- Έδεσσα - Γιαννιτσά - Προμάχοι,"2111","216",484.788482666016
"58","22.3312","40.8681","5.3011",K5-9.k.d,- Έδεσσα - Γιαννιτσά - Προμάχοι,"2111","216",571.104858398438
"59","22.3645","40.8681","5.591",Ptm-s.fl,Γιαννιτσά,"121","179",297.188568115234
"60","22.4644","40.8681","5.8703",Ms,- Πλατύ - Γιαννιτσά - Κουφάλια,"311","158",178.802993774414
"61","22.4977","40.8681","-0.7373",Ms,- Πλατύ - Γιαννιτσά - Κουφάλια,"311","153",134.490386962891
"62","22.3645","40.8348","6.8478",Ms,- Πλατύ - Γιαννιτσά - Κουφάλια,"311","148",95.0781478881836
"63","22.3978","40.8348","2.2612","Ms.s,m,k",Γιαννιτσά,"111","155",143.014633178711
"64","22.3645","40.8015","6.117","Ms.s,m,k",Γιαννιτσά,"111","135",32.5385398864746
"65","22.3978","40.8015","-0.5003","Ms.s,m,k",Γιαννιτσά,"111","139",61.4595642089844
"66","22.4311","40.8348","0.8529",Ms,- Πλατύ - Γιαννιτσά - Κουφάλια,"311","154",167.097381591797
"67","22.4311","40.8015","-3.4375",Ms,- Πλατύ - Γιαννιτσά - Κουφάλια,"311","146",72.1431579589844
"68","22.4311","40.7682","-2.4689",Ms,- Πλατύ - Γιαννιτσά - Κουφάλια,"311","112",14.6776056289673
"69","22.3312","40.8348","8.2952",Pti-m.cs,Γιαννιτσά,"311","141",51.4576950073242
"70","22.4644","40.7682","-2.1527",Ms,- Πλατύ - Γιαννιτσά - Κουφάλια,"311","118",19.0513343811035
"71","22.4977","40.7682","-3.161",Ms,- Πλατύ - Γιαννιτσά - Κουφάλια,"311","131",39.3036003112793
"72","22.3645","40.6017","-4.2952",H,- Βέροια - Αλεξάνδρεια - Πλατύ - Έδεσσα - Γιαννιτσά - Κουφάλια,"111","109",8.9188814163208
"73","22.3978","40.6017","-10.0814",H,- Βέροια - Αλεξάνδρεια - Πλατύ - Έδεσσα - Γιαννιτσά - Κουφάλια,"111","109",8.5291862487793
"74","22.4311","40.6017","-12.5279",H.t2,Αλεξάνδρεια,"121","110",7.56720399856567
"75","22.4644","40.6017","-11.879",H.t2,Αλεξάνδρεια,"121","108",6.13483476638794
"76","22.3645","40.5684","-2.997",H,- Βέροια - Αλεξάνδρεια - Πλατύ - Έδεσσα - Γιαννιτσά - Κουφάλια,"111","115",15.0925903320312
"77","22.3978","40.5684","-5.2373",H,- Βέροια - Αλεξάνδρεια - Πλατύ - Έδεσσα - Γιαννιτσά - Κουφάλια,"111","115",12.6913213729858
"78","22.4311","40.5684","-5.7321",H,- Κατερίνη - Κολινδρός - Αλεξάνδρεια - Πλατύ,"111","110",9.97233295440674
"79","22.4644","40.5684","-5.9908",H,- Κατερίνη - Κολινδρός - Αλεξάνδρεια - Πλατύ,"111","108",8.20687103271484
"80","22.3312","40.5351","-3.6521",H.c,- Κολινδρός - Αλεξάνδρεια,"111","118",18.7521152496338
"81","22.4311","40.5351","1.7769",H,- Κατερίνη - Κολινδρός - Αλεξάνδρεια - Πλατύ,"111","132",25.7746257781982
"82","22.4644","40.5351","1.4567","Ms-Pli,m,k",Αλεξάνδρεια,"311","149",104.209609985352
"83","22.3978","40.5018","8.2336",H.c,- Αλεξάνδρεια,"311","140",45.3973159790039
"84","22.0648","40.7349","3.2569","θ,δο",Βέροια,"222","175",281.511352539062
"85","22.0981","40.7349","9.1005",mr,Βέροια,"2132","170",133.152770996094
"86","22.1647","40.7016","-17.5241",r-α,Βέροια,"121","139",33.0364418029785
"87","22.0315","40.7349","-1.7128",fa,Βέροια,"411","187",356.527496337891
"88","22.1314","40.7349","5.2689",H,- Βέροια - Αλεξάνδρεια - Πλατύ - Έδεσσα - Γιαννιτσά - Κουφάλια,"111","140",49.2022705078125
"89","22.1647","40.7349","-10.8102",H,- Βέροια - Αλεξάνδρεια - Πλατύ - Έδεσσα - Γιαννιτσά - Κουφάλια,"111","130",29.0154075622559
"90","22.1314","40.7016","1.3993",Ptiv,Βέροια,"121","144",77.5078277587891
"91","22.1314","40.6683","7.267",Ptiv,Βέροια,"121","142",62.0476837158203
"92","22.1647","40.6683","-4.3253",H,- Βέροια - Αλεξάνδρεια - Πλατύ - Έδεσσα - Γιαννιτσά - Κουφάλια,"111","135",36.3993988037109
"93","22.0648","40.7016","4.1463",mr,Βέροια,"2132","172",363.276489257812
"94","22.0315","40.7016","1.8064",Ks.k2,Βέροια,"2111","208",498.590362548828
"95","22.0981","40.7016","8.3596",r-α,Βέροια,"121","151",130.384841918945
"96","22.0648","40.6683","5.4417",Pls-Pti,Βέροια,"221","171",261.176147460938
"97","22.0981","40.6683","10.4007",Pls-Pti,Βέροια,"321","149",106.007164001465
"98","22.0315","40.6683","3.7098",fa,Βέροια,"411","216",591.929870605469
"99","22.0315","40.635","-5.6828",Pls-Pti,- Βέροια - Πύργοι,"221","220",767.3076171875
"100","22.198","40.6683","-8.8323",r-α,Βέροια,"121","130",34.8378753662109
"101","22.1314","40.635","3.3277",al,Βέροια,"121","145",74.8035430908203
"102","22.1647","40.635","0.751",Ptiv,Βέροια,"121","138",44.5115089416504
"103","22.2313","40.635","2.2598",H,- Βέροια - Αλεξάνδρεια - Πλατύ - Έδεσσα - Γιαννιτσά - Κουφάλια,"111","116",15.3298187255859
"104","22.0981","40.635","-0.6662",σ,Βέροια,"412","156",181.476196289062
"105","22.198","40.635","-1.1318",Ptiv,Βέροια,"121","130",27.0558795928955
"106","22.0648","40.635","-7.0168",tv,Βέροια,"2211","188",322.725128173828
"107","22.1314","40.6017","-10.402",Pls-Pti,Βέροια,"221","152",114.742431640625
"108","22.1647","40.6017","-7.9032",Ptiv,Βέροια,"121","143",73.8300018310547
"109","22.198","40.6017","-7.3779",Ptiv,Βέροια,"121","139",45.6920509338379
"110","22.0981","40.6017","-14.6433",Ks.k1,Βέροια,"411","206",461.837310791016
"111","22.2313","40.6017","-5.3221",Ptiv,Βέροια,"121","123",21.7912216186523
"112","22.0648","40.6017","-16.5927",σ,Βέροια,"222","215",493.066680908203
"113","22.0648","40.5684","-10.535","Ks,c,k",Βέροια,"211","221",942.597534179688
"114","22.0315","40.6017","-9.4421","Ks,c",- Κοζάνη - Πύργοι - Βέροια,"211","219",924.663452148438
"115","22.0315","40.5684","-1.42",Ki?.ph.c,Βέροια,"413","227",1314.21447753906
"116","22.1647","40.5684","-4.9776",Pls-Pti,Βέροια,"221","155",151.426818847656
"117","22.198","40.5684","-6.6415",PtI-II,Βέροια,"411","142",61.4009246826172
"118","22.2313","40.5684","-7.325",Ptiv,- Βέροια - Αλεξάνδρεια,"121","134",38.0302238464355
"119","22.0981","40.5684","-10.976",fa,Βέροια,"411","216",523.91259765625
"120","22.1314","40.5684","-6.5937",tf,Βέροια,"412","203",380.868377685547
"121","22.0981","40.5351","-0.2197",Ks.k,- Βελβεντός - Βέροια,"2211","221",839.594787597656
"122","22.1314","40.5351","4.3562",σ,Βέροια,"222","219",702.491882324219
"123","22.0981","40.5018","5.241",tv,- Βέροια - Βελβεντός,"2211","220",741.492065429688
"124","22.1314","40.5018","9.3558",Ks.k,- Βελβεντός - Βέροια,"2211","217",655.298645019531
"125","22.0648","40.5351","-4.118",Js-Ki?.k,Βέροια,"2211","222",869.420654296875
"126","22.1647","40.5351","2.2459",σ,Βέροια,"322","195",353.214965820312
"127","22.198","40.5351","-3.7694",PtI-II,Βέροια,"411","148",99.7765655517578
"128","21.865","40.7349","4.567",T-J.sch,Πύργοι,"413","219",729.174560546875
"129","21.865","40.7016","-0.4567",T-Jmr2,Πύργοι,"2132","221",805.617553710938
"130","21.9649","40.7349","-2.4193","Ks,c",- Πύργοι - Αρνίσσα,"2211","225",975.080139160156
"131","21.9982","40.7349","-3.3301",Ks.k,- Πύργοι,"2111","217",523.067321777344
"132","21.9649","40.7016","3.898",br,Πύργοι,"121","225",1098.25866699219
"133","21.9982","40.7016","3.3634",K4-6?.br,- Βέροια - Πύργοι,"2211","219",706.369018554688
"134","21.9649","40.6683","4.9362",O.c,Πύργοι,"321","226",1276.29187011719
"135","21.9982","40.6683","5.8445",Pls-Pti,- Βέροια - Πύργοι,"221","222",800.985168457031
"136","21.8983","40.7016","1.8824",T-J.sch,Πύργοι,"413","225",965.062072753906
"137","21.9316","40.6683","2.1122","δο,σπ",Πύργοι,"322","228",1483.41662597656
"138","21.9982","40.635","-0.99","Ks,c",- Κοζάνη - Πύργοι - Βέροια,"211","227",1423.28308105469
"139","22.2313","40.6683","0.9449",Ptiv,- Βέροια - Αλεξάνδρεια,"121","108",7.84399700164795
"140","22.2646","40.6683","13.7803",H,- Βέροια - Αλεξάνδρεια - Πλατύ - Έδεσσα - Γιαννιτσά - Κουφάλια,"111","105",5.49148464202881
"141","22.3645","40.5351","-1.6107",H,- Κατερίνη - Κολινδρός - Αλεξάνδρεια - Πλατύ,"111","117",16.7010612487793
"142","22.3978","40.5351","0.1835",H,- Κατερίνη - Κολινδρός - Αλεξάνδρεια - Πλατύ,"111","123",22.5892505645752
"143","21.9649","40.5018","11.0137","Ks,c",- Κοζάνη - Πύργοι - Βέροια,"211","228",1512.29150390625
"144","21.8317","40.968","7.3789",gn,- Βεύη - Αρνίσσα,"413","229",1635.71850585938
"145","21.865","40.968","-3.9585",T-Js?mr1d,- Αρνίσσα - Βιτολίστε,"2132","226",1295.16857910156
"146","21.7984","40.9347","3.0522",gn,- Βεύη - Αρνίσσα,"413","231",2230.46215820312
"147","21.8317","40.9347","-0.6587",gn,- Βεύη - Αρνίσσα,"413","229",1795.51428222656
"148","21.8317","40.9014","-8.2952",gn,- Βεύη - Αρνίσσα,"413","229",1828.97717285156
"149","21.7984","40.8681","-11.2807",gn,- Βεύη - Αρνίσσα,"413","227",1318.71142578125
"150","22.1314","40.968","-3.6299",al,- Αρνίσσα - Έδεσσα - Προμάχοι,"111","149",125.31307220459
"151","22.1647","40.968","-2.8421",τ-a,Έδεσσα,"222","175",297.280303955078
"152","22.1314","40.9347","2.6814",τ-a,Έδεσσα,"222","155",208.992553710938
"153","22.1647","40.9347","4.545","co,al",Έδεσσα,"111","200",392.345977783203
"154","22.198","40.9347","-1.1931","co,al",Έδεσσα,"121","199",393.424438476562
"155","22.0981","40.9014","-4.8504",τ-a,Έδεσσα,"222","163",222.170425415039
"156","22.1314","40.9014","2.2291",τ-a,Έδεσσα,"222","154",186.138488769531
"157","22.0981","40.8681","1.6988",al,- Αρνίσσα - Έδεσσα,"111","152",134.308151245117
"158","22.1314","40.8681","7.5094",τ-a,Έδεσσα,"222","177",302.291809082031
"159","22.1647","40.9014","7.6783",(Js-Ci)1,Έδεσσα,"5","197",377.008636474609
"160","22.198","40.9014","5.3768",δο,Έδεσσα,"222","170",234.033187866211
"161","22.1647","40.8681","12.881","co,al",Έδεσσα,"311","161",176.606796264648
"162","22.198","40.8681","13.5906",(Js-Ci)1,Έδεσσα,"5","152",141.987091064453
"163","22.0315","40.9014","-6.0171",Ks.k,Έδεσσα,"2211","166",336.442138671875
"164","22.0315","40.8681","-3.8229",(Js-Ci)4,- Έδεσσα,"5","208",518.782287597656
"165","22.0315","40.8348","-7.0121",(Js-Ci)4,- Έδεσσα,"5","208",404.247589111328
"166","22.1647","40.8348","13.6025",al2,Έδεσσα,"311","137",53.2850151062012
"167","22.198","40.8348","16.341",H,- Βέροια - Αλεξάνδρεια - Πλατύ - Έδεσσα - Γιαννιτσά - Κουφάλια,"111","138",39.2487525939941
"168","22.0648","40.8681","-2.6899",σ,Έδεσσα,"322","186",369.023223876953
"169","22.0981","40.8348","3.9039",τ-a,Έδεσσα,"222","183",302.128234863281
"170","22.1314","40.8348","9.5466",fa?,Έδεσσα,"411","148",115.996139526367
"171","22.0648","40.8348","-2.3625",(Js-Ci)2,Έδεσσα,"5","210",478.017944335938
"172","22.0648","40.8015","-4.6594",tv,Έδεσσα,"2211","163",191.636779785156
"173","22.0981","40.8015","0.8434",(Js-Ci)2,Έδεσσα,"5","159",142.695037841797
"174","22.2313","40.8348","14.4889",cs5,Έδεσσα,"111","135",37.3856620788574
"175","22.1314","40.8015","5.3295",τ-a,Έδεσσα,"222","152",136.834426879883
"176","22.1647","40.8015","9.5374",H,- Βέροια - Αλεξάνδρεια - Πλατύ - Έδεσσα - Γιαννιτσά - Κουφάλια,"111","132",31.6050643920898
"177","22.0315","40.8015","-10.1835",cs4,Έδεσσα,"311","183",366.561614990234
"178","22.0315","40.7682","-4.6262",σ,Έδεσσα,"322","163",244.648315429688
"179","22.0981","40.7682","6.2392",ph,- Έδεσσα - Βέροια,"411","166",246.146392822266
"180","22.0648","40.7682","1.4053",cs4,- Έδεσσα,"121","152",131.799301147461
"181","21.9316","40.7349","0.8282","Ks,c",- Πύργοι - Αρνίσσα,"2211","225",1119.73510742188
"182","21.9316","40.7016","3.2185",fg,- Κοζάνη - Πύργοι - Αρνίσσα,"411","225",1109.54809570312
"183","21.9982","40.968","-9.3414",al,- Αρνίσσα - Έδεσσα,"111","156",170.506332397461
"184","22.0315","40.968","-12.3046",al,- Αρνίσσα - Έδεσσα,"111","152",146.032318115234
"185","22.0648","40.968","-12.1398",al,- Αρνίσσα - Έδεσσα,"111","149",120.235191345215
"186","22.0981","40.968","-7.6477",al,- Αρνίσσα - Έδεσσα - Προμάχοι,"111","148",111.6298828125
"187","21.9982","40.9347","-8.4277",al,- Αρνίσσα - Έδεσσα,"111","156",174.030731201172
"188","22.0315","40.9347","-7.7174",al,- Αρνίσσα - Έδεσσα,"111","152",140.360931396484
"189","22.0648","40.9347","-7.4686",al,- Αρνίσσα - Έδεσσα,"111","149",125.423347473145
"190","22.0981","40.9347","-3.6653",al,- Αρνίσσα - Έδεσσα,"111","147",102.824844360352
"191","22.0648","40.9014","-7.5081",al,- Αρνίσσα - Έδεσσα,"111","150",127.576629638672
"192","21.9982","40.8681","-1.1479",(Js-Ci)5,- Αρνίσσα - Έδεσσα,"5","217",626.84423828125
"193","21.9649","40.7682","-10.6126","T-Js?sp,mr",- Πύργοι - Αρνίσσα,"2132","225",1009.32763671875
"194","21.9982","40.7682","-10.229",fa,- Αρνίσσα - Έδεσσα,"411","215",574.015869140625
"195","21.8317","40.7349","-1.82",al,- Κοζάνη - Σιάτιστα - Πτολεμαϊς - Πύργο - Αρνίσσα,"111","217",595.7568359375
"196","21.8983","40.7349","4.5185",T-Jmr1,- Πύργοι - Αρνίσσα,"2132","225",1073.78588867188
"197","21.7318","40.8348","4.754",T-Jmr1,- Πτολεμαϊς - Πύργοι - Βεύη - Αρνίσσα,"2132","227",1349.37573242188
"198","21.7651","40.8015","-5.4927",T-Jmr1,- Πτολεμαϊς - Πύργοι - Βεύη - Αρνίσσα,"2132","220",678.080993652344
"199","21.8983","40.635","-4.7638","Ks,c",- Κοζάνη - Πύργοι - Βέροια,"211","228",1689.81237792969
"200","21.9316","40.635","-3.5624","Ks,c",- Κοζάνη - Πύργοι - Βέροια,"211","230",1992.21875
"201","21.9649","40.635","-0.7833","Ks,c",- Κοζάνη - Πύργοι - Βέροια,"211","228",1620.61401367188
"202","21.8983","40.6017","-13.0286",fg,- Κοζάνη - Πύργοι - Αρνίσσα,"411","228",1521.46789550781
"203","21.9316","40.6017","-7.4888",fg,- Κοζάνη - Πύργοι - Αρνίσσα,"411","228",1696.09582519531
"204","21.9649","40.6017","-0.9409","Ks,c",- Κοζάνη - Πύργοι - Βέροια,"211","229",1788.02368164062
"205","21.9982","40.6017","-0.8411","Ks,c",- Κοζάνη - Πύργοι - Βέροια,"211","227",1404.66796875
"206","21.9316","40.5684","-1.9309",fg,- Κοζάνη - Πύργοι - Αρνίσσα,"411","227",1411.43505859375
"207","21.9649","40.5684","8.814","Ks,c",- Κοζάνη - Πύργοι - Βέροια,"211","226",1271.29956054688
"208","21.9982","40.5684","8.5564","Ks,c",- Κοζάνη - Πύργοι - Βέροια,"211","226",1196.12255859375
"209","21.9316","40.5351","5.845","Ks,c",- Κοζάνη - Πύργοι - Βέροια,"211","227",1406.09191894531
"210","21.9649","40.5351","12.5634","Ks,c",- Κοζάνη - Πύργοι - Βέροια,"211","228",1505.11328125
"211","21.9982","40.5351","10.2117","Ks,c",- Κοζάνη - Πύργοι - Βέροια,"211","228",1644.43493652344
"212","22.0315","40.5351","2.0419",fg,- Βελβεντός - Κοζάνη - Πύργοι -Βέροια,"413","227",1431.74206542969
"213","21.9316","40.5018","6.6732","Ks,c",- Κοζάνη - Πύργοι - Βέροια,"211","228",1545.30004882812
"214","21.9982","40.5018","9.1885",fg,- Βελβεντός - Κοζάνη - Πύργοι -Βέροια,"413","228",1610.12634277344
"215","22.0315","40.5018","2.1847",T-Ji.k,- Βελβεντός - Κοζάνη - Βέροια,"2111","227",1351.52001953125
"216","21.8983","40.7682","5.4448",fg,- Κοζάνη - Πύργοι - Αρνίσσα,"411","220",704.775024414062
"217","21.9316","40.7682","-5.1038","T-Js?sp,mr",- Πύργοι - Αρνίσσα,"2132","223",866.622924804688
"218","22.2313","40.8681","7.6302",Pti-m.cs,- Έδεσσα - Γιαννιτσά,"121","154",157.40412902832
"219","22.2646","40.8681","1.2245",Pti-m.cs,- Έδεσσα - Γιαννιτσά,"121","179",277.560272216797
"220","22.2646","40.8348","8.9598",Ptm-s.cs,- Έδεσσα - Γιαννιτσά,"121","135",32.0306663513184
"221","22.2979","40.8348","6.6089",Ptm-s.cs,- Έδεσσα - Γιαννιτσά,"121","126",22.5741653442383
"222","22.2313","40.8015","20.0116",H,- Βέροια - Αλεξάνδρεια - Πλατύ - Έδεσσα - Γιαννιτσά - Κουφάλια,"111","121",20.8896331787109
"223","22.2646","40.8015","18.716",H,- Βέροια - Αλεξάνδρεια - Πλατύ - Έδεσσα - Γιαννιτσά - Κουφάλια,"111","115",14.2990627288818
"224","22.2979","40.8015","14.1907",Ptm-s.cs,- Έδεσσα - Γιαννιτσά,"121","115",13.5564918518066
"225","22.3312","40.8015","10.7873",Ptm-s.cs,- Έδεσσα - Γιαννιτσά,"121","124",21.6470527648926
"226","22.5643","40.968","-6.9234",H.t,- Κουφάλια,"121","129",29.0501365661621
"227","22.5976","40.968","-7.5426",H.t,- Κουφάλια - Εύζωνοι,"121","127",26.7587280273438
"228","22.6309","40.968","-3.7756",Hl.l,- Κουφάλια - Εύζωνοι,"5","125",23.9461803436279
"229","22.5643","40.9347","-9.7275","Pt.l,s",- Κουφάλια,"111","134",35.3697662353516
"230","22.5976","40.9347","-7.4738",H.s2,Κουφάλια,"111","125",24.996129989624
"231","22.6309","40.9347","-4.6773",H.t,- Κουφάλια - Εύζωνοι,"121","123",23.1968097686768
"232","22.5643","40.9014","-10.8581","Pt.l,s",- Κουφάλια,"111","138",45.3962326049805
"233","22.5976","40.9014","-8.0395",H.t,- Κουφάλια,"121","122",21.2995204925537
"234","22.6309","40.9014","-6.2695",M8.st,Κουφάλια,"311","141",56.3642272949219
"235","22.5643","40.8681","-9.7102",Ms,- Πλατύ - Γιαννιτσά - Κουφάλια,"311","147",92.5436325073242
"236","22.5976","40.8681","-6.2876",H.t,- Κουφάλια,"121","119",18.5241928100586
"237","22.6309","40.8681","-4.8395",water_surf,- Κουφάλια - Εύζωνοι,"0","119",13.5
"238","22.5643","40.8348","-4.9281","Pt.l,s",- Κουφάλια,"111","139",45.2176132202148
"239","22.5976","40.8348","-0.2135",H.t,- Κουφάλια,"121","118",17.5863742828369
"240","22.6309","40.8348","0.1596",H.s2,Κουφάλια,"111","117",16.1338214874268
"241","22.5643","40.8015","-1.2451","Pt.l,s",Κουφάλια,"111","144",69.9935073852539
"242","22.5976","40.8015","5.0197","Pt.l,s",- Κουφάλια,"111","121",20.3456592559814
"243","22.6309","40.8015","5.7399",H.t,- Κουφάλια,"121","115",18.340482711792
"244","22.5643","40.7682","-3.38",Ms,- Πλατύ - Γιαννιτσά - Κουφάλια,"311","144",71.4644241333008
"245","22.5976","40.7682","2.2773",H.t,- Κουφάλια,"121","111",12.2515001296997
"246","22.6309","40.7682","4.9884",H,- Πλατύ,"111","112",12.759334564209
"247","22.6642","40.968","1.0412",Ti.si,Κουφάλια,"321","141",59.7448501586914
"248","22.6975","40.968","2.783",Ms.br,Κουφάλια,"121","155",152.94255065918
"249","22.7308","40.968","1.7838",Jm-s,- Κουφάλια - Κιλκίς,"312","160",196.451644897461
"250","22.6642","40.9347","-1.4986",Ms.br,Κουφάλια,"121","137",45.094554901123
"251","22.6975","40.9347","1.5598",Ms.br,Κουφάλια,"121","147",95.9658432006836
"252","22.7308","40.9347","2.7416","Pt.l,s",- Κουφάλια - Κιλκίς - Εύζωνοι,"111","146",81.4685668945312
"253","22.531","40.968","-1.9699",Ms.c,- Γιαννιτσά - Κουφάλια - Εύζωνοι - Σκρα,"111","142",65.3850402832031
"254","22.531","40.9347","-7.0929","Pt.l,s",- Κουφάλια,"111","146",84.2943420410156
"255","22.531","40.9014","-8.6809","Pt.l,s",- Κουφάλια,"111","154",158.317504882812
"256","22.531","40.8681","-9.1518","Pt.l,s",- Κουφάλια,"111","146",86.7092437744141
"257","22.531","40.8348","-7.0495",Ms,- Πλατύ - Γιαννιτσά - Κουφάλια,"311","146",90.5689697265625
"258","22.531","40.8015","-5.2786",Ms,- Πλατύ - Γιαννιτσά - Κουφάλια,"311","150",113.958221435547
"259","22.531","40.7682","-5.4486",Ms,- Πλατύ - Γιαννιτσά - Κουφάλια,"311","144",90.3701553344727
"260","22.6642","40.9014","-2.781",Hl.s2,Κουφάλια,"5","121",20.0268478393555
"261","22.6642","40.8681","-1.8675",M8.st,Κουφάλια,"311","131",36.4847755432129
"262","22.6642","40.8348","-0.7753",M8.st,Κουφάλια,"311","137",41.7741317749023
"263","22.7308","40.9014","7.0103",M8.st,- Κουφάλια,"311","143",67.1616973876953
"264","22.6975","40.9014","3.5127","Pt.l,s",- Κουφάλια - Κιλκίς - Εύζωνοι,"111","139",46.426685333252
"265","21.8317","40.7016","-3.103",al,- Κοζάνη - Σιάτιστα - Πτολεμαϊς - Πύργο - Αρνίσσα,"111","218",637.354797363281
"266","21.7984","40.7682","-5.5767",water_surf,- Πύργοι - Αρνίσσα,"0","215",513
"267","21.7984","40.7349","-7.8232",water_surf,- Πύργοι - Αρνίσσα,"0","215",513
"268","22.2646","40.4685","-6.7164",Ki-s.ph,- Κολινδρός - Βελβεντός,"413","196",388.669555664062
"269","22.2979","40.4685","-7.832",o,Κολινδρός,"222","184",316.925689697266
"270","22.3312","40.4685","-1.6825",Js-Ki.ph,Κολινδρός,"323","182",286.543365478516
"271","22.2646","40.4352","-0.5101",Ki-s.ph,- Κολινδρός - Βελβεντός,"413","222",822.651916503906
"272","22.2979","40.4352","-0.53",o,Κολινδρός,"222","222",808.548645019531
"273","22.3312","40.4352","3.2612",o,Κολινδρός,"222","217",596.276123046875
"274","22.2646","40.4019","4.0631",Ki-s.ph,- Κολινδρός - Βελβεντός,"413","226",1150.74389648438
"275","22.2979","40.4019","7.2224",Js-Ki.ph,Κολινδρός,"323","223",986.177307128906
"276","22.3312","40.4019","9.4069",Js-Ki.ph,Κολινδρός,"323","217",578.236206054688
"277","22.2646","40.3686","4.0346",Ki-s.ph,- Κολινδρός - Βελβεντός,"413","222",894.98291015625
"278","22.2979","40.3686","10.6997",Ki-s.ph,- Κολινδρός - Βελβεντός,"413","224",972.573669433594
"279","22.3312","40.3686","12.5271",Js-Ki.ph,Κολινδρός,"323","217",648.879577636719
"280","22.3645","40.4685","10.11","M.l,m",Κολινδρός,"321","160",193.383728027344
"281","22.3978","40.4685","15.5534","M.l,st",Κολινδρός,"221","153",223.946914672852
"282","22.3645","40.4352","11.1301",Ks.k,Κολινδρός,"2111","201",431.024932861328
"283","22.3978","40.4352","15.9129","M.l,st",Κολινδρός,"221","161",241.409713745117
"284","22.3645","40.4019","12.2933","Pt.cs,sc",Κολινδρός,"311","189",389.369293212891
"285","22.3978","40.4019","16.3493","M.l,st",Κολινδρός,"221","193",377.437133789062
"286","22.3645","40.3686","12.3546","M.l,m",Κολινδρός,"321","181",311.62158203125
"287","22.3978","40.3686","16.3675","M.l,st",Κολινδρός,"221","181",286.276214599609
"288","22.3312","40.3353","8.5276",M.c,Κολινδρός,"211","215",471.284210205078
"289","22.3645","40.3353","3.7135",M.sq.c,Κολινδρός,"121","178",269.088439941406
"290","22.3978","40.3353","6.6402","M.l,st",Κολινδρός,"221","164",233.996856689453
"291","22.2646","40.3353","2.1684","M.l,m",Κολινδρός,"311","218",652.148498535156
"292","22.2979","40.3353","9.9983",M.c,Κολινδρός,"211","215",452.513427734375
"293","22.4311","40.4019","18.0841","M.l,st",Κολινδρός,"221","171",297.896209716797
"294","22.4644","40.3686","21.0491",M.sq.c,Κολινδρός,"111","164",255.84001159668
"295","22.4311","40.3353","15.7564","M.l,st",Κολινδρός,"221","158",162.695037841797
"296","22.4977","40.3353","18.4138","Ms-Pli.s,l",- Κατερίνη - Κολινδρός,"211","152",156.765502929688
"297","22.3645","40.302","-5.4505","M.st,m",Κολινδρός,"411","157",168.070922851562
"298","22.3978","40.302","-2.475","M.st,m",Κολινδρός,"411","157",160.317687988281
"299","22.4311","40.302","5.3946","M.st,m",Κολινδρός,"411","149",173.632598876953
"300","22.2646","40.302","-7.8683",Js-Ki.ph,- Κολινδρός - Βελβεντός,"323","221",793.908081054688
"301","22.4644","40.302","11.0654",Pt,Κολινδρός,"121","144",71.6246566772461
"302","22.2979","40.302","-3.2203",M.c,Κολινδρός,"321","201",408.781982421875
"303","22.3312","40.302","-2.5861",H.t,Κολινδρός,"311","170",265.601226806641
"304","22.3645","40.2687","-2.7231","M.st,m",Κολινδρός,"411","175",189.678909301758
"305","22.3978","40.2687","-0.37","M.st,m",Κολινδρός,"411","154",118.083404541016
"306","22.4311","40.2687","1.7165",Pt,Κολινδρός,"111","149",87.6155395507812
"307","22.4644","40.2687","2.3785",Pt,Κολινδρός,"111","138",46.6167907714844
"308","22.2979","40.2687","-10.7428",M.sq.c,Κονταριώτισα,"111","202",417.114440917969
"309","22.3312","40.2687","-5.2947",Pt,Κολινδρός,"121","179",323.041015625
"310","22.4311","40.4685","12.5562","M.l,st",Κολινδρός,"221","166",197.738403320312
"311","22.4644","40.4685","8.0464",M.sq.c,- Κατερίνη - Κολινδρός,"111","191",379.981658935547
"312","22.4311","40.4352","14.1986","M.l,st",Κολινδρός,"221","171",255.942337036133
"313","22.4644","40.4352","10.3961","M.l,st",Κολινδρός,"221","153",175.926742553711
"314","22.4644","40.4019","15.3879","M.l,st",Κολινδρός,"221","163",223.846328735352
"315","22.4311","40.3686","21.9859","M.l,st",Κολινδρός,"221","171",196.817596435547
"316","22.4644","40.3353","20.5802","Ms-Pli.s,l",- Κατερίνη - Κολινδρός,"211","154",141.948013305664
"317","22.2646","40.5684","-4.6169",al,- Κολινδρός - Βέροια - Αλεξάνδρεια,"111","122",23.0148391723633
"318","22.2979","40.5684","-0.9359",H,- Βέροια - Αλεξάνδρεια - Πλατύ - Έδεσσα - Γιαννιτσά - Κουφάλια,"111","114",13.6727638244629
"319","22.3312","40.5684","-0.4081",H,- Βέροια - Αλεξάνδρεια - Πλατύ - Έδεσσα - Γιαννιτσά - Κουφάλια,"111","115",14.0442771911621
"320","22.2313","40.5351","-5.765",Ptiv,- Κολινδρός - Βελβεντός - Βέροια - Αλεξάνδρεια,"121","142",61.9117660522461
"321","22.2646","40.5351","-5.3175",Ptiv,- Κολινδρός - Βελβεντός - Βέροια - Αλεξάνδρεια,"121","126",25.3662967681885
"322","22.2979","40.5351","-4.9706",al,- Κολινδρός - Βέροια - Αλεξάνδρεια,"111","123",24.7138156890869
"323","22.198","40.5018","-6.0772",Pt.tk,- Βελβεντός - Βέροια,"121","196",375.908935546875
"324","22.2313","40.5018","-7.2913",Ptiv,- Κολινδρός - Βελβεντός - Βέροια - Αλεξάνδρεια,"121","151",81.5321350097656
"325","22.2646","40.5018","-6.5363",H.c,- Κολινδρός - Αλεξάνδρεια,"111","130",29.1736068725586
"326","22.2979","40.5018","-7.9963","H.cs,sc",- Κολινδρός - Αλεξάνδρεια,"121","136",37.4151458740234
"327","22.3312","40.5018","-4.2329","H.cs,sc",- Κολινδρός - Αλεξάνδρεια,"121","141",54.9027404785156
"328","22.4644","40.5018","6.0906",Ms-Pli.k,- Κατερίνη - Κολινδρός - Αλεξάνδρεια - Πλατύ,"411","154",156.349716186523
"329","23.4301","40.4685","-4.3743",T-Jm.st,Πολύγυρος,"213","218",621.299499511719
"330","23.4634","40.4685","-3.6793","T-Jm,ph",Ζαγκλιβέρι - Πολύγυρος - Αρναία,"323","218",616.719482421875
"331","23.3968","40.4685","-6.9288",Pt-t3.c,Πολύγυρος,"121","208",454.273132324219
"332","23.2636","40.4685","6.2141",Q.cs1,Πολύγυρος,"321","191",370.889343261719
"333","23.3968","40.4352","-1.9124",M4.c,Πολύγυρος,"221","208",483.567596435547
"334","23.4301","40.4352","-4.2025","T-Jm,ph",Πολύγυρος,"323","216",560.892150878906
"335","23.3302","40.4352","5.2264",Ji-m?.ag,Πολύγυρος,"413","222",901.923095703125
"336","23.3635","40.4352","1.7654",T-Jm.st,Θέρμη - Ζαγκλιβέρι - Πολύγυρος - Αρναία - Θεσσαλονίκη - Κιλκίς,"323","216",606.109191894531
"337","23.2636","40.4352","6.7356",π.ο,Πολύγυρος,"412","181",311.01953125
"338","23.2969","40.4352","7.6195",Pt-t3.c,Πολύγυρος - Βασιλικά,"111","201",453.466857910156
"339","23.2969","40.4019","6.7609",πρ,Πολύγυρος,"412","216",572.805969238281
"340","23.3302","40.4019","10.4594",π.ο,Πολύγυρος - Βασιλικά,"222","217",527.785888671875
"341","23.3968","40.4019","4.0459",T-Jm.st,Θέρμη - Ζαγκλιβέρι - Πολύγυρος - Αρναία - Θεσσαλονίκη - Κιλκίς,"323","212",465.307495117188
"342","23.4301","40.3686","7.323",T-Jm.st,Θέρμη - Ζαγκλιβέρι - Πολύγυρος - Αρναία - Θεσσαλονίκη - Κιλκίς,"323","209",468.062042236328
"343","23.3968","40.3686","11.779",al,Πολύγυρος,"311","177",287.803741455078
"344","23.3635","40.3686","10.4532",M4-Pli.l,Πολύγυρος,"42","152",147.398864746094
"345","23.4301","40.3353","23.5577","n,n.q",Πολύγυρος,"222","174",244.577941894531
"346","23.4634","40.3353","18.8021",Ji-m?.ag,Πολύγυρος,"413","183",305.591613769531
"347","23.3968","40.3353","24.1458","n,n.q",Πολύγυρος,"222","163",203.156158447266
"348","23.3302","40.302","20.0524","M4.Pli,l",Πολύγυρος - Βασιλικά - Κασάνδρα - Επανωμή,"42","149",79.9824447631836
"349","23.3635","40.302","26.3016",M4-Pli.l,Πολύγυρος,"42","137",42.7174530029297
"350","23.3968","40.302","27.5988",M4-Pli.l,Πολύγυρος,"42","140",46.3650588989258
"351","23.3302","40.2687","13.9103",al,Πολύγυρος,"111","138",28.7203197479248
"352","23.3635","40.2687","17.8868",al,Πολύγυρος,"111","108",7.53965377807617
"353","23.3302","40.2354","5.0575",H.lg,Πολύγυρος - Κασάνδρα,"121","114",-2
"354","23.3302","40.2021","-3.2252",H.lg,Πολύγυρος - Κασάνδρα,"121","120",1.66280937194824
"355","23.2969","40.2687","6.9937","M4.Pli,l",Πολύγυρος - Βασιλικά - Κασάνδρα - Επανωμή,"42","140",52.3543357849121
"356","23.4634","40.2687","41.2604",θ1,Πολύγυρος,"412","141",52.9725303649902
"357","23.3635","40.3353","20.7122",M4-Pli.l,Πολύγυρος,"42","146",107.698455810547
"358","23.4301","40.302","31.7148",M4-Pli.l,Πολύγυρος,"42","145",87.5008316040039
"359","23.6632","40.4685","5.3758",ab,Αρναία,"323","218",687.010314941406
"360","23.6299","40.4685","4.4665",gn2,Αρναία,"323","218",648.7587890625
"361","23.6299","40.4352","0.8923","T-Jm,ph",Αρναία,"323","201",425.449798583984
"362","23.6632","40.4352","3.02","T-Jm,ph",Αρναία,"323","210",444.921081542969
"363","23.7298","40.4352","6.2086",gn2,- Αρναία - Ιερισσός,"223","217",584.123352050781
"364","23.6965","40.4352","5.0036",H.t.c,Αρναία,"111","203",420.403656005859
"365","23.6299","40.4019","-3.2352",gn2,Πολύγυρος - Αρναία,"223","189",373.434997558594
"366","23.6632","40.4019","-2.5531",(gn)Mz,- Αρναία - Ιερισσός,"223","187",301.087097167969
"367","23.6965","40.4019","-0.6424",(gn)Mz,- Αρναία - Ιερισσός,"223","175",244.283020019531
"368","23.7298","40.4019","1.021",(gn)Mz,- Αρναία - Ιερισσός,"223","173",250.916244506836
"369","23.53","40.4352","-3.5769",(gn)Mz,Αρναία,"413","221",700.783264160156
"370","23.5633","40.4352","-2.1719",(gn)Mz,Αρναία,"323","222",783.972900390625
"371","23.5966","40.4352","-0.9749",γ2,Ζαγκλιβέρι - Πολύγυρος - Αρναία - Σταυρός,"222","217",584.712280273438
"372","23.5966","40.4019","-3.2658","T-Jm,ph",Ζαγκλιβέρι - Πολύγυρος - Αρναία,"323","194",335.458862304688
"373","23.5966","40.3686","1.0345","T-Jm,mr",Πολύγυρος - Αρναία,"2111","187",305.865844726562
"374","23.6299","40.3686","-2.2344",Pt.t1.c,Αρναία,"111","153",133.406799316406
"375","23.5966","40.3353","-1.5942",Pt.t1.c,Αρναία,"111","161",195.845642089844
"376","23.6299","40.3353","-7.543",gn2,- Αρναία - Ιερισσός,"223","144",87.0022735595703
"377","23.6632","40.3686","-8.5929",al,Αρναία,"121","151",122.56616973877
"378","23.6965","40.3686","-10.3943",gn2,- Αρναία - Ιερισσός,"223","152",152.873596191406
"379","23.53","40.3686","-3.7233","T-Jm,ph",Ζαγκλιβέρι - Πολύγυρος - Αρναία,"323","203",440.908142089844
"380","23.5633","40.3686","-0.3715","T-Jm,mr",Πολύγυρος - Αρναία,"2111","210",480.846435546875
"381","23.5633","40.3353","0.1298",Pt.t1.c,Αρναία,"121","163",281.026763916016
"382","23.6965","40.3353","-12.0085",mr2,Αρναία,"2232","157",156.933807373047
"383","23.6299","40.302","-16.1235",gn2,- Αρναία - Ιερισσός,"223","189",329.041290283203
"384","23.6632","40.302","-21.5013",gn2,- Αρναία - Ιερισσός,"223","174",261.284027099609
"385","23.5966","40.302","-5.1795","T-Jm,ph",Ζαγκλιβέρι - Πολύγυρος - Αρναία,"323","159",214.85221862793
"386","23.53","40.302","20.2634","sch,gn",Αρναία,"412","152",123.399627685547
"387","23.5633","40.302","6.8535",Q.cs2,Αρναία,"311","127",24.1090545654297
"388","23.53","40.2687","38.7718",al,- Αρναία - Νικήτας,"111","115",13.4863128662109
"389","23.5633","40.2687","27.5064",θ1,Αρναία,"412","145",60.5701026916504
"390","23.5633","40.2354","27.4644",al,Νικήτας (Αρναία),"311","142",20.9211578369141
"391","23.5966","40.2354","15.9601",θ1,- Αρναία - Νικήτας,"222","141",38.7016983032227
"392","23.7298","40.2354","-24.5939",H.lg,Νικήτας (Αρναία),"311","100",18.7424068450928
"393","23.7298","40.2354","-24.5939","cd,dn",Νικήτας (Αρναία),"311","100",18.7424068450928
"394","23.4967","40.4352","-5.0709","T-Jm,ph",Ζαγκλιβέρι - Πολύγυρος - Αρναία,"323","221",808.442993164062
"395","23.4967","40.2687","43.2573",M4.c,Πολύγυρος - Αρναία,"211","142",71.8901748657227
"396","23.4634","40.302","35.6738","n,n.q",Πολύγυρος,"222","158",181.326599121094
"397","23.4967","40.302","32.2404",M4.c,Πολύγυρος - Αρναία,"211","155",157.116714477539
"398","23.4634","40.3686","0.1338",T-Jm.st,Θέρμη - Ζαγκλιβέρι - Πολύγυρος - Αρναία - Θεσσαλονίκη - Κιλκίς,"323","219",668.576599121094
"399","23.4967","40.3686","-4.8218",T-Jm.st,Θέρμη - Ζαγκλιβέρι - Πολύγυρος - Αρναία - Θεσσαλονίκη - Κιλκίς,"323","210",432.233581542969
"400","23.4967","40.3353","10.8657",T-Jm.st,Θέρμη - Ζαγκλιβέρι - Πολύγυρος - Αρναία - Θεσσαλονίκη - Κιλκίς,"323","198",421.075775146484
"401","23.4634","40.4352","-5.476","T-Jm,ph",Ζαγκλιβέρι - Πολύγυρος - Αρναία,"323","217",644.31689453125
"402","23.4301","40.4019","-2.5283",T-Jm.st,Θέρμη - Ζαγκλιβέρι - Πολύγυρος - Αρναία - Θεσσαλονίκη - Κιλκίς,"323","219",720.0546875
"403","23.4634","40.4019","-7.859",T-Jm.st,Θέρμη - Ζαγκλιβέρι - Πολύγυρος - Αρναία - Θεσσαλονίκη - Κιλκίς,"323","220",674.5703125
"404","23.4967","40.4019","-8.2356","T-Jm,ph",Ζαγκλιβέρι - Πολύγυρος - Αρναία,"323","220",715.868408203125
"405","23.53","40.4019","-5.512","T-Jm,ph",Ζαγκλιβέρι - Πολύγυρος - Αρναία,"323","216",591.52197265625
"406","23.5633","40.4019","-3.278","T-Jm,ph",Ζαγκλιβέρι - Πολύγυρος - Αρναία,"323","205",342.573120117188
"407","23.4967","40.4685","-4.6467","T-Jm,mr",Ζαγκλιβέρι - Πολύγυρος - Αρναία,"2111","222",864.693481445312
"408","23.53","40.4685","-4.9593",γ2,Ζαγκλιβέρι - Πολύγυρος - Αρναία - Σταυρός,"222","225",1002.49005126953
"409","23.5633","40.4685","-3.2744",γ2,Ζαγκλιβέρι - Πολύγυρος - Αρναία - Σταυρός,"222","224",918.615051269531
"410","23.5966","40.4685","0.592",γ2,Ζαγκλιβέρι - Πολύγυρος - Αρναία - Σταυρός,"222","220",743.994506835938
"411","23.8297","40.4019","7.4962",γ,Ιερισσός,"222","155",180.459243774414
"412","23.863","40.4019","7.8149",al,Ιερισσός,"111","107",5.82896327972412
"413","23.7631","40.4019","1.4503",H.t.c,- Αρναία - Ιερισσός,"111","149",121.905883789062
"414","23.7964","40.4019","3.8765",gn2,Ιερισσός,"323","159",169.101287841797
"415","24.0295","40.4019","19.9284","γ1,n-sch",- Ιερισσός - Καρυές,"322","125",10.9475660324097
"416","23.9629","40.3686","10.4289",ab,Ιερισσός,"323","143",82.0396728515625
"417","23.9962","40.3686","2.2213",al,- Ιερισσός - Καρυές,"111","115",12.8036508560181
"418","24.0295","40.3686","-1.29","γ1,n-sch",- Ιερισσός - Καρυές,"322","151",135.618011474609
"419","24.0628","40.3686","3.53","γ1,n-sch",- Ιερισσός - Καρυές,"322","128",59.9064025878906
"420","23.9962","40.3353","-6.4726","γ1,n-sch",- Ιερισσός - Καρυές,"322","152",138.68376159668
"421","24.0295","40.3353","-16.1659","γ1,n-sch",- Ιερισσός - Καρυές,"322","210",448.873291015625
"422","24.0628","40.3353","-23.226","γ,n,απ",Καρυές,"322","157",205.873184204102
"423","24.0295","40.302","7.3009","γ1,n-sch",- Ιερισσός - Καρυές,"322","156",111.592407226562
"424","24.0628","40.302","1.6012","γ,n,απ",Καρυές,"322","171",247.480606079102
"425","23.7964","40.3686","2.2255",M4-Pli.l,Ιερισσός,"411","147",94.7386016845703
"426","23.8297","40.3686","5.1867",al,Ιερισσός,"121","132",16.3462524414062
"427","23.8963","40.3686","3.4283",M4-Pli.l,Ιερισσός,"411","135",28.3127727508545
"428","23.9296","40.3686","9.7676",M4-Pli.l,Ιερισσός,"411","125",28.3095798492432
"429","23.7631","40.3686","-2.2197",(gn)Mz,Ιερισσός,"323","171",240.526763916016
"430","23.8963","40.3353","-2.6529",gn1,Ιερισσός,"323","104",9.91599273681641
"431","23.7298","40.3686","-6.7255",gn2,- Αρναία - Ιερισσός,"223","167",245.352310180664
"432","23.6632","40.3353","-14.2702",gn2,- Αρναία - Ιερισσός,"223","152",142.034393310547
"433","23.7631","40.4352","7.8487",gn2,- Αρναία - Ιερισσός,"223","201",403.342651367188
"434","23.7964","40.4352","10.9607",gn2,- Αρναία - Ιερισσός,"223","166",255.825653076172
"435","23.8297","40.4352","14.727",gn2,- Αρναία - Ιερισσός,"223","143",105.305107116699
"436","23.7298","40.4685","4.7088",gn2,- Αρναία - Σταυρός - Ιερισσός - Στρατονίκη,"413","206",438.616485595703
"437","23.7631","40.4685","8.0839",gn2,- Αρναία - Ιερισσός,"223","149",106.780937194824
"438","23.5966","40.7349","5.0805",Pt,Σταυρός,"211","186",346.299560546875
"439","23.6299","40.7349","-1.8464","gn,bi",- Σταυρός - Σιτοχώριον - Ροδολίβος,"323","218",687.541931152344
"440","23.6632","40.7349","-6.6679","gn,bi",- Σταυρός - Σιτοχώριον - Ροδολίβος,"323","207",397.757385253906
"441","23.6965","40.7349","-8.4152","gn,bi",- Σταυρός - Σιτοχώριον - Ροδολίβος,"323","145",115.815589904785
"442","23.5966","40.7016","6.0737",ab-gn2,Σταυρός,"223","186",328.144470214844
"443","23.6299","40.7016","-0.7604","gn,bi",- Σταυρός - Σιτοχώριον - Ροδολίβος,"323","161",219.092483520508
"444","23.6632","40.7016","-1.6906",Pt,Σταυρός,"211","139",65.1088333129883
"445","23.6965","40.7016","-0.3145",al,Σταυρός,"111","104",3.58042812347412
"446","23.5966","40.6683","0.5231",Q.cs1,Σταυρός,"311","138",53.9816284179688
"447","23.6299","40.6683","-2.5643","gn,bi",- Σταυρός - Σιτοχώριον - Ροδολίβος,"323","150",128.085693359375
"448","23.6632","40.6683","-3.055","gn,bi",- Σταυρός - Στρατονίκη,"323","148",66.4414291381836
"449","23.5633","40.7349","17.1888",ab,Ζαγκλιβέρι - Σταυρός,"323","192",376.784637451172
"450","23.53","40.7349","28.5981",ab-gn2,Ζαγκλιβέρι - Σταυρός - Σοχός - Σιτοχώριον,"323","207",467.197296142578
"451","23.6632","40.635","-10.3992",ax(gn.bi),Σταυρός,"413","217",623.6337890625
"452","23.6632","40.6017","-9.4311","gn,bi",- Σταυρός - Στρατονίκη,"323","185",329.450897216797
"453","23.5966","40.635","-2.2326",M4-Pli.l,Σταυρός,"411","141",68.8211441040039
"454","23.6299","40.635","-6.5575","gn,bi",- Σταυρός - Στρατονίκη,"323","199",311.591094970703
"455","23.6299","40.6017","-3.1603","T-Jm,mr",Σταυρός,"323","176",278.669982910156
"456","23.6299","40.5684","4.6114",gn2,Ζαγκλιβέρι - Σταυρός,"413","216",518.994750976562
"457","23.6632","40.5684","0.0758","gn,bi",- Σταυρός - Στρατονίκη,"323","216",572.187866210938
"458","23.6965","40.635","-11.2821","gn,bi",- Σταυρός - Στρατονίκη,"323","217",449.511383056641
"459","23.5633","40.635","0.6457",water_surf,Ζαγκλιβέρι - Σταυρός,"0","136",34
"460","23.7298","40.6017","-4.6767",ab-gn.bi,Σταυρός,"323","163",219.865783691406
"461","23.53","40.6017","8.8687","T-Jm,mr",Σταυρός,"2111","186",307.575836181641
"462","23.5633","40.6017","6.8279",gn2,Ζαγκλιβέρι - Σταυρός,"413","199",368.726135253906
"463","23.5966","40.6017","3.5635",gn2,Ζαγκλιβέρι - Σταυρός,"413","193",312.244659423828
"464","23.5633","40.5684","9.7687",M4-Pli.l,Σταυρός,"411","182",308.067901611328
"465","23.6965","40.5684","-0.1686",ab-gn.bi,Σταυρός,"323","218",614.396545410156
"466","23.53","40.5684","7.8098",M4-Pli.l,Σταυρός,"411","172",259.910278320312
"467","23.6299","40.5351","7.6079",(gn)Mz-gn2,Σταυρός,"413","218",656.874389648438
"468","23.6965","40.5351","3.8706",ab,Σταυρός,"323","217",625.971435546875
"469","23.5966","40.5351","7.9064",gn2,Ζαγκλιβέρι - Σταυρός,"413","215",519.999755859375
"470","23.6632","40.5018","6.0042",al,- Αρναία - Σταυρός,"121","216",558.890869140625
"471","23.5966","40.5018","2.0945",γ2,Ζαγκλιβέρι - Πολύγυρος - Αρναία - Σταυρός,"222","215",540.115356445312
"472","23.6299","40.5018","6.1479",H.t.c,- Αρναία - Σταυρός,"111","216",533.777099609375
"473","23.6965","40.5018","4.2525",gn2,- Αρναία - Σταυρός - Ιερισσός - Στρατονίκη,"413","219",701.890625
"474","23.6965","40.4685","4.6839",gn2,- Αρναία - Σταυρός - Ιερισσός - Στρατονίκη,"413","218",669.333984375
"475","23.3302","40.1688","-5.223",Pli.m,Κασάνδρα,"311","117",23.1892166137695
"476","23.3302","40.1355","-4.7337",al,Κασάνδρα,"111","99",-0.462984055280685
"477","23.3635","40.1355","-0.4554",Pli.m,Κασάνδρα,"311","131",42.7564353942871
"478","23.3968","40.1355","3.2662",Pli.m,Κασάνδρα,"311","129",11.9170408248901
"479","23.3302","40.1022","-8.641",al,Κασάνδρα,"111","107",5.0173225402832
"480","23.3635","40.1022","-6.2798",Pli.m,Κασάνδρα,"311","141",56.451229095459
"481","23.3968","40.1022","-1.7921",Pli.m,Κασάνδρα,"311","143",76.6101226806641
"482","23.4301","40.1022","2.0239",Pli.m,Κασάνδρα,"311","141",61.2112274169922
"483","23.3635","40.0689","-4.9272",Mi.m3,Κασάνδρα,"411","143",56.1826171875
"484","23.3968","40.0689","-1.264",Pli.m,Κασάνδρα,"411","148",113.238700866699
"485","23.4301","40.0689","2.5842",Pli.m,Κασάνδρα,"311","140",53.620548248291
"486","23.3635","40.0356","0.9206",Mi.s,Κασάνδρα,"121","122",40.0402183532715
"487","23.3968","40.0356","2.7224",Mi.s,Κασάνδρα,"121","147",93.3176193237305
"488","23.4301","40.0356","2.6799",Mi.s,Κασάνδρα,"121","149",101.982543945312
"489","23.4634","40.0356","3.195",Pli.bk,Κασάνδρα,"2111","156",163.966201782227
"490","23.3968","40.0023","-0.9453",al,Κασσάνδρα,"111","122",24.3243274688721
"491","23.4301","40.0023","0.2882",Mi.m2,Κασάνδρα,"311","165",229.646759033203
"492","23.4634","40.0023","-0.8124",Mi.m2,Κασάνδρα,"311","160",175.885711669922
"493","23.4967","40.0023","-1.4163",Mi.s,Κασάνδρα,"121","173",257.729461669922
"494","23.53","40.0023","-0.5163",Mi.s,Κασάνδρα,"121","145",101.218879699707
"495","23.5633","40.0023","3.1145",al,Κασάνδρα,"111","130",16.5774688720703
"496","23.3968","39.969","-7.399",Mi.m2,Κασάνδρα,"5","145",76.7884979248047
"497","23.4301","39.969","-0.6125",al,Κασσάνδρα,"121","111",20.241325378418
"498","23.4967","39.969","4.0397",Mi.m1,Κασσάνδρα,"311","138",62.9512062072754
"499","23.53","39.969","-0.1375",Mi.m2,Κασάνδρα,"311","157",246.453842163086
"500","23.5633","39.969","-2.4123",Mi.m2,Κασάνδρα,"311","171",234.724227905273
"501","23.5966","39.969","-1.3758",Mi.s,Κασάνδρα,"121","159",94.7505340576172
"502","23.6299","39.969","2.0817",Mi.s,Κασάνδρα,"121","153",121.268516540527
"503","23.6632","39.969","9.9548",Mi.s,Κασάνδρα,"121","141",42.9811325073242
"504","23.5633","39.9357","15.1073",sc,Κασάνδρα,"311","135",81.4680023193359
"505","23.5966","39.9357","12.4479",Mi.m1,Κασάνδρα,"311","151",86.0990371704102
"506","23.6299","39.9357","9.1675",Mi.m1,Κασάνδρα,"311","146",127.516456604004
"507","23.6632","39.9357","8.4601",Mi.m1,Κασάνδρα,"311","149",132.425323486328
"508","23.197","40.4685","12.0446",θ1,Βασιλικά,"412","153",171.016815185547
"509","23.0638","40.4685","-4.8179",M4.c,Βασιλικά,"212","174",263.776458740234
"510","23.0971","40.4685","0.1056","M4.Pli,l",Πολύγυρος - Βασιλικά - Κασάνδρα - Επανωμή,"42","150",105.846069335938
"511","23.1304","40.4685","2.5236","M4.Pli,l",Πολύγυρος - Βασιλικά - Κασάνδρα - Επανωμή,"42","146",101.363716125488
"512","23.0638","40.4352","-7.9276","M4.Pli,l",Πολύγυρος - Βασιλικά - Κασάνδρα - Επανωμή,"42","159",209.415451049805
"513","23.0971","40.4352","-2.9527",M4.c,Βασιλικά,"212","161",198.288879394531
"514","23.1304","40.4352","-0.351","γ1,n",Βασιλικά,"222","202",374.957366943359
"515","23.2303","40.4685","12.3624","Pt,t1.c",Βασιλικά,"311","166",241.718170166016
"516","23.1637","40.4352","-0.1128","Pt,t1.c",Βασιλικά,"111","190",424.767730712891
"517","23.197","40.4352","1.5353","M4.Pli,l",Πολύγυρος - Βασιλικά - Κασάνδρα - Επανωμή,"42","176",268.988250732422
"518","23.2303","40.4352","4.1905","M4.Pli,l",Πολύγυρος - Βασιλικά - Κασάνδρα - Επανωμή,"42","175",287.160034179688
"519","23.0638","40.4019","-12.7512","M4-Pli.st,m",- Βασιλικά - Επανωμή - Θεσσαλονίκη,"221","156",162.84944152832
"520","23.0971","40.4019","-15.3487","M4.Pli,l",Πολύγυρος - Βασιλικά - Κασάνδρα - Επανωμή,"42","149",112.037933349609
"521","23.0638","40.3686","-13.5878","M4-Pli.st,m",- Βασιλικά - Επανωμή - Θεσσαλονίκη,"221","143",68.791130065918
"522","23.0971","40.3686","-15.0751","M4-Pli.st,m",Βασιλικά,"221","157",173.804946899414
"523","23.0638","40.3353","-13.6893",H.t.c,Βασιλικά,"111","125",24.1649208068848
"524","23.0971","40.3353","-13.3901","M4-Pli.st,m",Βασιλικά,"221","149",111.702766418457
"525","23.1304","40.4019","-13.1272",M4-Pli.l,Βασιλικά,"411","171",240.262512207031
"526","23.1304","40.3686","-13.384","M4-Pli.st,m",Βασιλικά,"221","154",143.408264160156
"527","23.1304","40.3353","-12.9984","M4-Pli.st,m",Βασιλικά,"221","144",85.5422592163086
"528","23.1304","40.302","-17.6888","M4-Pli.st,m",Βασιλικά,"221","131",34.0116691589355
"529","23.1637","40.4019","-11.8367","M4.Pli,l",Πολύγυρος - Βασιλικά - Κασάνδρα - Επανωμή,"42","194",343.661773681641
"530","23.197","40.4019","-11.8791","M4.Pli,l",Πολύγυρος - Βασιλικά - Κασάνδρα - Επανωμή,"42","193",360.213439941406
"531","23.1637","40.3686","-13.1502","M4.Pli,l",Πολύγυρος - Βασιλικά - Κασάνδρα - Επανωμή,"42","186",276.025238037109
"532","23.197","40.3686","-15.2723",Js.k,Βασιλικά,"2111","172",315.488189697266
"533","23.0971","40.302","-11.0011","M4-Pli.st,m",Βασιλικά,"221","121",7.74388408660889
"534","23.0305","40.3353","-13.4732","M4-Pli.st,m",- Βασιλικά - Επανωμή - Θεσσαλονίκη,"221","125",24.6042461395264
"535","23.1637","40.4685","6.0276",Pt-t3.c,Πολύγυρος - Βασιλικά,"111","146",93.1276931762695
"536","23.2303","40.3686","-14.8172","M4.Pli,l",Πολύγυρος - Βασιλικά - Κασάνδρα - Επανωμή,"42","164",249.46305847168
"537","23.2636","40.3686","-9.1569","M4.Pli,l",Πολύγυρος - Βασιλικά - Κασάνδρα - Επανωμή,"42","177",274.28369140625
"538","23.2969","40.3686","-1.1474","M4.Pli,l",Πολύγυρος - Βασιλικά - Κασάνδρα - Επανωμή,"42","171",267.257202148438
"539","23.1637","40.3353","-13.2933","M4.Pli,l",Πολύγυρος - Βασιλικά - Κασάνδρα - Επανωμή,"42","151",123.862823486328
"540","23.197","40.3353","-13.1944","M4.Pli,l",Πολύγυρος - Βασιλικά - Κασάνδρα - Επανωμή,"42","158",217.017639160156
"541","23.2303","40.3353","-11.2437",al,Πολύγυρος - Βασιλικά - Κασάνδρα,"111","152",123.167167663574
"542","23.2636","40.3353","-6.1486","M4.Pli,l",Πολύγυρος - Βασιλικά - Κασάνδρα - Επανωμή,"42","155",180.855422973633
"543","23.2969","40.3353","2.3945","M4.Pli,l",Πολύγυρος - Βασιλικά - Κασάνδρα - Επανωμή,"42","156",142.916000366211
"544","23.1637","40.302","-20.6699","M4.Pli,l",Πολύγυρος - Βασιλικά - Κασάνδρα - Επανωμή,"42","139",45.5432662963867
"545","23.197","40.302","-17.0914","M4.Pli,l",Πολύγυρος - Βασιλικά - Κασάνδρα - Επανωμή,"42","145",70.6671829223633
"546","23.2303","40.302","-10.3019","M4.Pli,l",Πολύγυρος - Βασιλικά - Κασάνδρα - Επανωμή,"42","144",63.7689247131348
"547","23.2636","40.302","-2.3768","M4.Pli,l",Πολύγυρος - Βασιλικά - Κασάνδρα - Επανωμή,"42","143",75.6610488891602
"548","23.2969","40.302","8.372","M4.Pli,l",Πολύγυρος - Βασιλικά - Κασάνδρα - Επανωμή,"42","143",79.4621353149414
"549","23.197","40.2687","-12.9527",al,Πολύγυρος - Βασιλικά - Κασάνδρα,"111","113",7.89585018157959
"550","23.2303","40.2687","-7.581",al,Πολύγυρος - Βασιλικά - Κασάνδρα,"111","134",19.6873817443848
"551","23.2636","40.2687","-0.6263","M4.Pli,l",Πολύγυρος - Βασιλικά - Κασάνδρα - Επανωμή,"42","129",21.263801574707
"552","23.2636","40.4019","-1.4185","M4.Pli,l",Πολύγυρος - Βασιλικά - Κασάνδρα - Επανωμή,"42","207",409.990936279297
"553","23.0638","40.7349","-13.9455",H.l,Θέρμη - Λαχανάς,"111","145",91.0511245727539
"554","23.1637","40.7349","-15.1994",qt,Θέρμη,"223","155",150.955032348633
"555","23.0971","40.7349","-16.6652",H.l,Θέρμη - Λαχανάς,"111","145",86.3437805175781
"556","23.1304","40.7349","-17.7684",Q.cs1,Θέρμη,"111","146",101.779685974121
"557","23.197","40.7349","-11.5751",gn,Θέρμη - Ζαγκλιβέρι - Κιλκίς - Λαχανάς - Σοχός - Χέρσον - Καστανούσα - Κερκίνη - Σιδηρόκαστρο,"323","163",226.250259399414
"558","23.0971","40.7016","-13.5607",water_surf,Θέρμη,"0","143",71.1227264404297
"559","23.1304","40.7016","-17.3365",water_surf,Θέρμη,"0","142",68.9005355834961
"560","23.1637","40.7016","-16.8274",water_surf,Θέρμη,"0","143",72.8979568481445
"561","23.197","40.7016","-13.2678",H.l,Θέρμη,"5","144",83.676513671875
"562","23.0971","40.6683","-4.5634",H.l,Θέρμη,"5","146",90.1926193237305
"563","23.1304","40.6683","-10.308",water_surf,Θέρμη,"0","144",76.525520324707
"564","23.1637","40.6683","-14.6094",water_surf,Θέρμη,"0","142",67.5
"565","23.197","40.6683","-16.8438",water_surf,Θέρμη,"0","143",67.5
"566","23.2303","40.7016","-10.2728",gn,Θέρμη - Ζαγκλιβέρι - Κιλκίς - Λαχανάς - Σοχός - Χέρσον - Καστανούσα - Κερκίνη - Σιδηρόκαστρο,"323","153",178.391387939453
"567","23.0305","40.7016","-1.796",Q.cs1,Θέρμη,"311","154",130.525833129883
"568","23.0305","40.6683","9.4911",T-Jm.st,Θέρμη - Ζαγκλιβέρι - Πολύγυρος - Αρναία - Θεσσαλονίκη - Κιλκίς,"323","211",478.127777099609
"569","23.0638","40.6683","0.7732",T-Jm.st,Θέρμη - Ζαγκλιβέρι - Πολύγυρος - Αρναία - Θεσσαλονίκη - Κιλκίς,"323","170",232.809631347656
"570","23.0305","40.635","22.4562","T-Jm,ph",Θέρμη - Θεσσαλονίκη,"323","211",448.340759277344
"571","23.0638","40.635","15.5794",gn2,Θέρμη - Θεσσαλονίκη,"223","217",587.832580566406
"572","23.197","40.635","-9.2568",Pt.t3.l,Θέρμη,"111","149",112.736701965332
"573","23.2303","40.635","-13.5667",Pt.t3.l,Θέρμη,"111","149",99.1573181152344
"574","23.1637","40.635","-2.2053",T-Jm.st,Θέρμη - Ζαγκλιβέρι - Πολύγυρος - Αρναία - Θεσσαλονίκη - Κιλκίς,"323","170",256.710540771484
"575","23.197","40.6017","0.7217",Pt.t2.c,Θέρμη,"111","166",226.270172119141
"576","23.0305","40.6017","27.391",M4-Pli.l,Θέρμη - Θεσσαλονίκη,"411","169",257.254913330078
"577","23.0638","40.6017","27.9367","sch,gn",Θέρμη - Πολύγυρος - Βασιλικά - Θεσσαλονίκη - Ζαγκλιβέρι,"222","200",371.499237060547
"578","23.1304","40.635","3.8066",Pt.t1.c,Θέρμη,"311","174",255.961563110352
"579","23.1304","40.6017","14.5135",gn2,Θέρμη - Ζαγκλιβέρι,"223","219",712.181762695312
"580","23.0971","40.5684","26.4762","sch,gn",Θέρμη - Πολύγυρος - Βασιλικά - Θεσσαλονίκη - Ζαγκλιβέρι,"222","217",597.420104980469
"581","23.0638","40.5684","27.819",M4-Pli.l,Θέρμη - Θεσσαλονίκη,"411","193",340.240020751953
"582","23.0638","40.5351","12.1314",M4-Pli.l,Θέρμη,"411","149",119.601921081543
"583","23.0971","40.5351","19.0069",θ1,Θέρμη,"222","192",392.032806396484
"584","23.1304","40.5684","21.0331","sch,gn",Θέρμη - Πολύγυρος - Βασιλικά - Θεσσαλονίκη - Ζαγκλιβέρι,"222","220",738.46728515625
"585","23.1637","40.5684","15.4269","sch,gn",Θέρμη - Πολύγυρος - Βασιλικά - Θεσσαλονίκη - Ζαγκλιβέρι,"222","219",738.251708984375
"586","23.0305","40.5351","4.7738",Pt.t3.l,Θέρμη,"111","137",47.5589332580566
"587","23.1304","40.5351","22.1356","sch,gn",Θέρμη - Πολύγυρος - Βασιλικά - Θεσσαλονίκη - Ζαγκλιβέρι,"222","168",251.942474365234
"588","23.2303","40.5018","14.7784","sch,gn",Θέρμη - Πολύγυρος - Βασιλικά - Θεσσαλονίκη - Ζαγκλιβέρι,"222","220",798.110961914062
"589","23.0971","40.635","9.9447",T-Jm.st,Θέρμη - Ζαγκλιβέρι - Πολύγυρος - Αρναία - Θεσσαλονίκη - Κιλκίς,"323","212",370.050598144531
"590","23.0305","40.5018","-5.6546",Pt-t3.l,Θέρμη - Βασιλικά - Θεσσαλονίκη,"111","127",25.3245658874512
"591","23.1637","40.5018","15.0206",θ1,Θέρμη - Βασιλικά,"222","163",179.6796875
"592","23.197","40.5018","18.8411","sch,gn",Θέρμη - Πολύγυρος - Βασιλικά - Θεσσαλονίκη - Ζαγκλιβέρι,"222","217",513.210205078125
"593","23.1304","40.5018","6.8751",Pt-t3.l,Θέρμη - Βασιλικά,"111","144",80.8724670410156
"594","23.0971","40.5018","1.0082",H.l,Θέρμη - Βασιλικά - Θεσσαλονίκη,"5","140",48.775032043457
"595","23.4301","40.7349","18.7422",ab-gn2,Ζαγκλιβέρι - Σταυρός - Σοχός - Σιτοχώριον,"323","216",566.276550292969
"596","23.4634","40.7016","17.6542",ab-gn2,Ζαγκλιβέρι - Σταυρός - Σοχός - Σιτοχώριον,"323","168",302.719024658203
"597","23.3302","40.7016","-11.9409",Pt.t3.1,Ζαγκλιβέρι,"111","143",83.8831100463867
"598","23.3635","40.7016","-7.2642",Pt.t3.1,Ζαγκλιβέρι,"111","139",55.6587524414062
"599","23.4967","40.7016","25.2271","sch,gn",Ζαγκλιβέρι,"412","150",159.963470458984
"600","23.2636","40.7016","-8.724",gn,Θέρμη - Ζαγκλιβέρι - Κιλκίς - Λαχανάς - Σοχός - Χέρσον - Καστανούσα - Κερκίνη - Σιδηρόκαστρο,"323","155",196.558044433594
"601","23.3968","40.6683","-5.7336",water_surf,Ζαγκλιβέρι - Σταυρός,"0","132",34
"602","23.4301","40.6683","-1.4131",water_surf,Ζαγκλιβέρι - Σταυρός,"0","132",34
"603","23.4634","40.6683","-0.5462",Q.cs2,Ζαγκλιβέρι,"121","135",38.8720474243164
"604","23.4301","40.635","-3.8048",M4-Pli.l,Ζαγκλιβέρι,"411","152",126.428024291992
"605","23.4634","40.635","-0.4228",al,Ζαγκλιβέρι,"111","143",57.6328582763672
"606","23.4301","40.6017","-0.8262",M4-Pli.l,Ζαγκλιβέρι,"411","153",150.00553894043
"607","23.4634","40.6017","5.1673",M4-Pli.l,Ζαγκλιβέρι,"411","149",119.24730682373
"608","23.4301","40.5684","0.3383",M4-Pli.l,Ζαγκλιβέρι,"411","153",144.094177246094
"609","23.4634","40.5684","2.4843",M4-Pli.l,Ζαγκλιβέρι,"411","155",161.246887207031
"610","23.4301","40.5351","-3.5362",M4-Pli.l,Ζαγκλιβέρι -Πολύγυρος,"411","158",189.762390136719
"611","23.4634","40.5351","-3.8278",M4-Pli.l,Ζαγκλιβέρι,"411","167",241.64567565918
"612","23.4301","40.5018","-6.2506",M4-Pli.l,Ζαγκλιβέρι -Πολύγυρος,"411","197",383.789398193359
"613","23.4634","40.5018","-6.1297",M4-Pli.l,Ζαγκλιβέρι -Πολύγυρος,"411","188",354.518280029297
"614","23.2969","40.635","-8.6587",gn2,Ζαγκλιβέρι,"413","186",342.601959228516
"615","23.3302","40.635","-10.0057",gn2,Ζαγκλιβέρι,"413","216",537.962646484375
"616","23.2969","40.6017","-4.6545",gn2,Ζαγκλιβέρι,"413","179",306.918151855469
"617","23.3302","40.6017","-6.8728",γ2,Ζαγκλιβέρι,"222","197",425.334564208984
"618","23.3635","40.635","-10.7089",γ2,Ζαγκλιβέρι,"222","205",473.477111816406
"619","23.3968","40.635","-7.9239",γ2,Ζαγκλιβέρι,"222","185",324.318664550781
"620","23.3635","40.6017","-7.6468",H.lk,Ζαγκλιβέρι,"411","208",456.146301269531
"621","23.3968","40.6017","-5.4627","sch(θ,n)",Ζαγκλιβέρι,"413","172",261.108306884766
"622","23.3302","40.5684","-6.8182",gn2,Ζαγκλιβέρι,"413","163",217.453002929688
"623","23.3635","40.5684","-4.3428",γ2,Ζαγκλιβέρι,"222","172",264.159545898438
"624","23.3968","40.5684","-1.2355",γ2,Ζαγκλιβέρι,"222","164",222.435180664062
"625","23.2636","40.6017","-5.5462","T-Jm,ph",Ζαγκλιβέρι,"323","157",206.85498046875
"626","23.3635","40.5351","-5.0744",M4-Pli.l,Ζαγκλιβέρι,"411","167",234.892074584961
"627","23.3302","40.5351","-6.4935","Tm-s.k,d",Ζαγκλιβέρι,"2211","184",318.939117431641
"628","23.3635","40.5018","-9.6726","T-Jm,mr",Ζαγκλιβέρι -Πολύγυρος,"2111","207",451.156555175781
"629","23.3968","40.5018","-7.8576",Pt-t2.c,Ζαγκλιβέρι,"111","185",324.473114013672
"630","23.3302","40.5018","-8.9379",T-Jm.st,Θέρμη - Ζαγκλιβέρι - Πολύγυρος - Αρναία - Θεσσαλονίκη - Κιλκίς,"323","214",497.705535888672
"631","23.2636","40.6683","-14.9037",Pt.t3.1,Ζαγκλιβέρι,"111","143",90.1373596191406
"632","23.2969","40.6683","-13.7644",Pt.t3.1,Θέρμη - Ζαγκλιβέρι,"111","141",64.0649795532227
"633","23.2303","40.6683","-17.1901",H.l,Θέρμη - Ζαγκλιβέρι,"3","144",79.2568435668945
"634","23.3302","40.6683","-15.4452",H.l,Θέρμη - Ζαγκλιβέρι,"311","138",43.7214584350586
"635","23.2636","40.635","-11.2207",Pt.t3.1,Θέρμη - Ζαγκλιβέρι,"111","152",134.942459106445
"636","23.1637","40.6017","8.7483",T-Jm.st,Θέρμη - Ζαγκλιβέρι - Πολύγυρος - Αρναία - Θεσσαλονίκη - Κιλκίς,"323","203",438.364044189453
"637","23.2303","40.6017","-5.8798",Pt-t2.c,Θέρμη - Ζαγκλιβέρι,"111","164",220.044845581055
"638","23.197","40.5684","6.6958",T-Jm.st,Θέρμη - Ζαγκλιβέρι - Πολύγυρος - Αρναία - Θεσσαλονίκη - Κιλκίς,"323","216",570.007507324219
"639","23.2303","40.5684","-2.751",Pt-t2.c,Θέρμη - Ζαγκλιβέρι,"111","198",364.059814453125
"640","23.2636","40.5684","-6.0439",Pt.t2.c,Θέρμη - Ζαγκλιβέρι,"111","168",232.72721862793
"641","23.2969","40.5684","-6.5365",Pt.t2.c,Θέρμη - Ζαγκλιβέρι,"111","161",207.907348632812
"642","23.2636","40.5351","1.577",T-Jm.st,Θέρμη - Ζαγκλιβέρι - Πολύγυρος - Αρναία - Θεσσαλονίκη - Κιλκίς,"323","216",565.380798339844
"643","23.2969","40.5351","-3.6699",T-Jm.st,Θέρμη - Ζαγκλιβέρι - Πολύγυρος - Αρναία - Θεσσαλονίκη - Κιλκίς,"323","217",573.625183105469
"644","23.1637","40.5351","21.8382","sch,gn",Θέρμη - Πολύγυρος - Βασιλικά - Θεσσαλονίκη - Ζαγκλιβέρι,"222","206",421.621795654297
"645","23.197","40.5351","15.9463","sch,gn",Θέρμη - Πολύγυρος - Βασιλικά - Θεσσαλονίκη - Ζαγκλιβέρι,"222","222",714.3701171875
"646","23.2303","40.5351","8.7116",gn2,Θέρμη - Ζαγκλιβέρι,"223","219",600.414611816406
"647","23.2636","40.5018","6.2765",Ji-m?.ag,Θέρμη - Ζαγκλιβέρι - Πολύγυρος,"413","222",824.968322753906
"648","23.2969","40.5018","-2.9704",T-Jm.st,Θέρμη - Ζαγκλιβέρι - Πολύγυρος - Αρναία - Θεσσαλονίκη - Κιλκίς,"323","216",529.993591308594
"649","23.2969","40.4685","-0.9844",T-Jm.st,Θέρμη - Ζαγκλιβέρι - Πολύγυρος - Αρναία - Θεσσαλονίκη - Κιλκίς,"323","219",651.504821777344
"650","23.3302","40.4685","-6.5636",T-Jm.st,Θέρμη - Ζαγκλιβέρι - Πολύγυρος - Αρναία - Θεσσαλονίκη - Κιλκίς,"323","216",547.589050292969
"651","23.3635","40.4685","-8.6442",T-Jm.st,Θέρμη - Ζαγκλιβέρι - Πολύγυρος - Αρναία - Θεσσαλονίκη - Κιλκίς,"323","209",451.156188964844
"652","23.3968","40.5351","-3.1286",M4-Pli.l,Ζαγκλιβέρι -Πολύγυρος,"411","159",196.884567260742
"653","23.4967","40.5018","-7.0982",γ2,Ζαγκλιβέρι - Πολύγυρος - Αρναία - Σταυρός,"222","199",363.917724609375
"654","23.53","40.5018","-7.5696",γ2,Ζαγκλιβέρι - Πολύγυρος - Αρναία - Σταυρός,"222","196",378.121978759766
"655","23.5633","40.5018","-3.8632",γ2,Ζαγκλιβέρι - Πολύγυρος - Αρναία - Σταυρός,"222","214",511.564361572266
"656","23.53","40.3353","3.4587",T-Jm.st,Θέρμη - Ζαγκλιβέρι - Πολύγυρος - Αρναία - Θεσσαλονίκη - Κιλκίς,"323","187",281.032073974609
"657","23.4967","40.5351","-2.9003",M4-Pli.l,Ζαγκλιβέρι - Σταυρός,"411","163",206.555648803711
"658","23.4967","40.5684","5.4658",γ2,Ζαγκλιβέρι - Πολύγυρος - Αρναία - Σταυρός,"222","162",195.582870483398
"659","23.5966","40.5684","9.4224",gn2,Ζαγκλιβέρι - Σταυρός,"413","197",332.283782958984
"660","23.53","40.5351","-0.4237",γ2,Ζαγκλιβέρι - Πολύγυρος - Αρναία - Σταυρός,"222","185",312.017639160156
"661","23.5633","40.5351","4.2316",γ2,Ζαγκλιβέρι - Πολύγυρος - Αρναία - Σταυρός,"222","192",391.184234619141
"662","23.4967","40.6017","9.3315",M4-Pli.l,Ζαγκλιβέρι - Σταυρός,"411","151",132.358123779297
"663","23.4967","40.635","2.0995",H.lk,Ζαγκλιβέρι - Σταυρός,"411","140",53.9028816223145
"664","23.53","40.635","2.4566",water_surf,Ζαγκλιβέρι - Σταυρός,"0","132",34
"665","23.6632","40.5351","5.1106",gn2,Ζαγκλιβέρι - Σταυρός,"413","219",675.560607910156
"666","23.3635","40.6683","-13.0876",water_surf,Ζαγκλιβέρι - Σταυρός,"0","134",34
"667","23.4967","40.6683","2.9588",water_surf,Ζαγκλιβέρι - Σταυρός,"0","132",34
"668","23.53","40.6683","7.0517",water_surf,Ζαγκλιβέρι - Σταυρός,"0","132",34
"669","23.5633","40.6683","5.5337",water_surf,Ζαγκλιβέρι - Σταυρός,"0","132",34
"670","23.4967","40.7349","31.4426",ab-gn2,Ζαγκλιβέρι - Σταυρός - Σοχός - Σιτοχώριον,"323","216",557.183349609375
"671","23.53","40.7016","25.2229",ab,Ζαγκλιβέρι - Σταυρός,"323","196",441.532653808594
"672","23.5633","40.7016","17.3907",ab,Ζαγκλιβέρι - Σταυρός,"323","202",464.632904052734
"673","23.3968","40.7016","3.5996",Pt.t3.1,Ζαγκλιβέρι - Σταυρός,"111","141",70.0512161254883
"674","23.4301","40.7016","12.017",ab-gn2,Ζαγκλιβέρι - Σταυρός - Σοχός - Σιτοχώριον,"323","144",154.212554931641
"675","23.7631","40.6017","-0.2058",Pt,- Σταυρός - Στρατονίκη,"211","115",14.5964803695679
"676","23.7631","40.5684","-0.9192","gn,bi",- Σταυρός - Στρατονίκη,"323","161",209.407241821289
"677","23.7964","40.5684","-0.3903",(gn)Pz,Στρατονίκη,"323","163",207.159271240234
"678","23.8297","40.5351","7.4224",γ.n,Στρατονίκη,"322","166",213.823440551758
"679","23.7964","40.5351","3.0923","gn,bi",- Σταυρός - Στρατονίκη,"323","218",647.114624023438
"680","23.7964","40.5018","10.9275",gn2,- Στρατονίκη,"413","156",159.744537353516
"681","23.7298","40.5018","3.4524",gn2,- Αρναία - Σταυρός - Ιερισσός - Στρατονίκη,"413","216",528.992797851562
"682","23.7631","40.5018","5.2811",gn2,- Αρναία - Σταυρός - Ιερισσός - Στρατονίκη,"413","185",320.891326904297
"683","23.7964","40.4685","15.4318",gn2,- Αρναία - Σταυρός - Ιερισσός - Στρατονίκη,"413","141",80.5499267578125
"684","23.7298","40.635","-6.4719","gn,bi",- Σταυρός - Στρατονίκη,"323","215",481.243438720703
"685","23.6965","40.6017","-10.0135","gn,bi",- Σταυρός - Στρατονίκη,"323","166",236.518524169922
"686","23.7298","40.5684","0.9201","gn,bi",- Σταυρός - Στρατονίκη,"323","196",383.362060546875
"687","23.7298","40.5351","3.1574","gn,bi",- Σταυρός - Στρατονίκη,"323","218",698.396301269531
"688","23.7631","40.5351","1.8454","gn,bi",- Σταυρός - Στρατονίκη,"323","218",691.173645019531
"689","23.863","40.5351","9.2575","gn,bi",- Σταυρός - Στρατονίκη,"323","192",308.954345703125
"690","23.8963","40.5351","5.8604","gn,bi",- Σταυρός - Στρατονίκη,"323","159",202.571151733398
"691","23.6965","40.2021","-17.7997",γ1.n,Σιθωνία,"222","130",68.2649230957031
"692","23.7631","40.2021","-15.0599",al,Σιθωνία,"311","141",10.1848630905151
"693","23.7631","40.1688","-17.8298",γ1.n,Σιθωνία,"222","172",249.391967773438
"694","23.7964","40.1688","-17.6725",γ1.n,Σιθωνία,"222","187",319.140502929688
"695","23.8297","40.1688","-23.716",γ1.n,Σιθωνία,"222","172",205.508773803711
"696","23.7631","40.1355","-11.2772",al,Σιθωνία,"121","104",7.77156686782837
"697","23.7964","40.1355","-18.7099",T-Jm.st,Σιθωνία,"323","163",116.93717956543
"698","23.8297","40.1355","-24.3489",γ1.n,Σιθωνία,"222","200",411.420471191406
"699","23.7964","40.1022","-7.5046",T-Jm.st,Σιθωνία,"323","146",106.749786376953
"700","23.8297","40.1022","-7.805",γ1.n,Σιθωνία,"222","192",403.367279052734
"701","23.863","40.1688","-29.049",T-Jm.st,Σιθωνία,"223","149",50.2059440612793
"702","23.7298","40.1688","-16.9845",γ1.n,Σιθωνία,"222","146",71.1802215576172
"703","23.863","40.1355","-27.1621",γ1.n,Σιθωνία,"222","218",619.574523925781
"704","23.8963","40.1355","-27.8971",γ1.n,Σιθωνία,"222","210",462.589874267578
"705","23.9296","40.1355","-22.7029",γ1.n,Σιθωνία,"222","148",95.0176773071289
"706","23.863","40.1022","-7.462",γ1.n,Σιθωνία,"222","215",492.883422851562
"707","23.8963","40.1022","-11.408",γ1.n,Σιθωνία,"222","217",589.92626953125
"708","23.9296","40.1022","-17.9214",γ1.n,Σιθωνία,"222","190",404.577331542969
"709","23.9629","40.1022","-17.8998",γ1.n,Σιθωνία,"222","150",155.854705810547
"710","23.8297","40.0689","3.715","T-Jm,ph",Σιθωνία,"413","190",324.778686523438
"711","23.863","40.0689","6.321",γ1.n,Σιθωνία,"222","176",262.048126220703
"712","23.8963","40.0689","5.7176",γ1.n,Σιθωνία,"222","185",344.609069824219
"713","23.9296","40.0689","-2.1667",γ1.n,Σιθωνία,"222","186",375.217926025391
"714","23.9629","40.0689","-10.7766",γ1.n,Σιθωνία,"222","163",174.351745605469
"715","23.9962","40.0689","-6.6565",ab,Σιθωνία,"413","141",37.723804473877
"716","23.8297","40.0356","7.7972","sch,gn",Σιθωνία,"413","142",65.5226669311523
"717","23.863","40.0356","1.4786",γ1.n,Σιθωνία,"222","158",191.867584228516
"718","23.8963","40.0356","-1.0882",γ1.n,Σιθωνία,"222","171",194.412963867188
"719","23.9296","40.0356","-4.8273",γ1.n,Σιθωνία,"222","147",180.642272949219
"720","23.9629","40.0356","-10.06",al,Σιθωνία,"111","113",10.9802703857422
"721","23.8963","40.0023","5.5093",γ1.n,Σιθωνία,"222","144",51.8270034790039
"722","23.9296","40.0023","0.4818",γ1.n,Σιθωνία,"222","156",147.931686401367
"723","23.9629","40.0023","0.3282",γ1.n,Σιθωνία,"222","161",191.118804931641
"724","23.9962","40.0023","7.3385",γ1.n,Σιθωνία,"222","149",89.7236709594727
"725","23.9296","39.969","14.2043","sch,gn",Σιθωνία,"413","140",80.0709686279297
"726","23.9629","39.969","11.5327","sch,gn",Σιθωνία,"413","151",90.2820358276367
"727","23.7964","40.0689","3.6605","T-Jm,ph",Σιθωνία,"413","147",83.9341201782227
"728","23.5966","40.2687","7.509",T-Jm.st,- Αρναία - Νικήτας,"323","171",240.303527832031
"729","23.6299","40.2687","-14.0684",T-Jm.st,- Αρναία - Νικήτας,"323","175",261.305633544922
"730","23.6632","40.2687","-27.179",T-Jm.st,- Αρναία - Νικήτας,"323","158",183.734939575195
"731","23.6299","40.2354","-3.6165",M4-Pli.mk,- Αρναία - Νικήτας,"2211","142",63.8308334350586
"732","23.6632","40.2354","-20.262",M4-Pli.mk,- Αρναία - Νικήτας,"2211","148",92.9089660644531
"733","23.6965","40.2687","-25.6404",M4-Pli.mk,- Αρναία - Νικήτας,"2211","145",104.961067199707
"734","23.6965","40.2354","-26.7944",M4-Pli.mk,- Αρναία - Νικήτας,"2211","157",103.068771362305
"735","23.7298","40.2021","-21.9276",γ1.n,Σιθωνία,"222","150",170.292984008789
"736","24.1294","40.3353","-18.9428",mr2,Καρυές,"2132","157",139.458679199219
"737","24.1627","40.3353","-0.9109",(gn)Pz-gn2,Καρυές,"323","183",297.093963623047
"738","24.1294","40.302","-12.8112","γ,n,απ-sch",Καρυές,"322","161",167.841033935547
"739","24.1627","40.302","-7.2991",mr2,Καρυές,"2132","165",167.491256713867
"740","24.196","40.302","6.4482",gn2,- Καρυές - Άθως,"413","153",145.407562255859
"741","24.2293","40.302","20.1706",gn2,- Καρυές - Άθως,"413","193",303.640502929688
"742","24.196","40.2687","11.5977",ab,Καρυές,"323","186",351.555725097656
"743","24.2293","40.2687","9.5886",gn2,- Καρυές - Άθως,"413","212",541.402587890625
"744","24.2626","40.2687","17.293",(gn)Pz-gn2,Καρυές,"413","161",235.309127807617
"745","24.2293","40.2354","0.6849",γ.bi-sch,- Καρυές - Άθως,"322","210",457.727996826172
"746","24.2626","40.2354","-7.8834",γ.bi-sch,- Καρυές - Άθως,"322","185",451.8271484375
"747","24.2959","40.2354","0.8794",γ.bi-sch,- Καρυές - Άθως,"322","116",140.164459228516
"748","24.2293","40.2021","4.9465",γ.bi-sch,- Καρυές - Άθως,"322","180",259.941436767578
"749","24.2626","40.2021","-16.1433",γ.bi,Άθως,"322","218",766.179626464844
"750","24.2959","40.2021","-28.9697",γ.bi,Άθως,"322","215",531.118591308594
"751","24.3292","40.2021","-9.7803","sch,gn",Άθως,"413","151",141.430679321289
"752","24.2959","40.1688","-21.5327","sch,gn",Άθως,"413","218",636.522399902344
"753","24.3292","40.1688","-18.0518","sch,gn",Άθως,"413","226",1053.34594726562
"754","24.3625","40.1688","-1.1702",Tm-s?.k,Άθως,"2111","226",949.571228027344
"755","24.2959","40.1355","3.3623","sch,gn",Άθως,"413","207",237.905807495117
"756","24.3292","40.1355","-7.7988",Tm-s?.k,Άθως,"2111","215",674.727966308594
"757","24.3625","40.1355","-1.0542",Tm-s?.k,Άθως,"2111","144",138.619415283203
"758","24.0961","40.3353","-25.3552","γ,n,απ",Καρυές,"322","159",192.956268310547
"759","24.0961","40.302","-6.9537","γ,n,απ",Καρυές,"322","160",241.126907348633
"760","22.8973","40.7349","19.7956",θ2,- Θεσσαλονίκη - Κιλκίς,"222","200",386.053466796875
"761","22.9306","40.7349","16.478",gn2,Θεσσαλονίκη,"413","170",258.859375
"762","22.9639","40.7349","10.2914",T-Jm.st,Θέρμη - Ζαγκλιβέρι - Πολύγυρος - Αρναία - Θεσσαλονίκη - Κιλκίς,"323","188",346.378875732422
"763","22.9306","40.7016","21.5463",M4-Pli.l,Θεσσαλονίκη,"411","147",109.19563293457
"764","22.9639","40.7016","17.4099",gn2,Θεσσαλονίκη,"413","157",164.58283996582
"765","22.7641","40.7349","18.2173",M4-Pli.l,Θεσσαλονίκη,"411","138",54.3730354309082
"766","22.7974","40.7349","25.264","Ms-Plι.s,c",- Θέρμη - Θεσσαλονίκη - Κουφάλια - Κιλκίς,"311","141",59.3971481323242
"767","22.7641","40.7016","12.4854",H,- Πλατύ - Θεσσαλονίκη,"111","104",5.38338994979858
"768","22.7974","40.7016","19.5815",H,- Πλατύ - Θεσσαλονίκη,"111","110",8.20548343658447
"769","22.9972","40.7016","8.7459",T-Jm.st,Θέρμη - Ζαγκλιβέρι - Πολύγυρος - Αρναία - Θεσσαλονίκη - Κιλκίς,"323","196",396.45263671875
"770","22.9972","40.6683","22.0519",q,- Θεσσαλονίκη,"322","183",350.958099365234
"771","22.9639","40.6683","30.5299","M4-Pli.st,m",- Θέρμη - Θεσσαλονίκη,"221","151",102.282737731934
"772","22.9306","40.4019","-10.3569","M4-Pli.st,m",- Βασιλικά - Επανωμή - Θεσσαλονίκη,"221","126",28.9342041015625
"773","22.8307","40.6017","4.5411",H,- Πλατύ - Θεσσαλονίκη,"111","99",-0.922943651676178
"774","22.6975","40.6683","-6.3728",water_surf,- Πλατύ,"0","105",4.52863693237305
"775","22.6975","40.635","-14.7725",H,Πλατύ,"111","103",3.3086576461792
"776","22.6975","40.6017","-11.0602",H,Πλατύ,"111","102",1.95477592945099
"777","22.6975","40.5684","-4.332",H,Πλατύ,"111","101",0.488958537578583
"778","22.531","40.7349","-5.1972",H,- Βέροια - Αλεξάνδρεια - Πλατύ - Έδεσσα - Γιαννιτσά - Κουφάλια,"111","105",5.37550687789917
"779","22.5976","40.7349","-5.0921",Ms-Pli.k,- Πλατύ,"411","131",23.4571437835693
"780","22.6309","40.7349","-2.8227",H,- Πλατύ,"111","109",8.44944095611572
"781","22.6642","40.7349","0.0896",H,- Πλατύ,"121","111",9.66896915435791
"782","22.6309","40.7016","-8.7786",H,- Βέροια - Αλεξάνδρεια - Πλατύ - Έδεσσα - Γιαννιτσά - Κουφάλια,"111","106",5.74181270599365
"783","22.6642","40.7016","-4.1129",H,- Βέροια - Αλεξάνδρεια - Πλατύ - Έδεσσα - Γιαννιτσά - Κουφάλια,"111","106",6.66337156295776
"784","22.5643","40.7349","-6.4191",Ms,- Πλατύ - Γιαννιτσά - Κουφάλια,"311","107",10.9861392974854
"785","22.6975","40.7016","1.2383",H,- Πλατύ - Θεσσαλονίκη,"111","107",7.44651174545288
"786","22.6642","40.6683","-8.68",H,Πλατύ,"111","104",4.87941884994507
"787","22.6642","40.635","-15.1291",H,Πλατύ,"111","104",4.07662343978882
"788","22.6642","40.6017","-15.4798",H,Πλατύ,"111","102",2.50077891349792
"789","22.6642","40.5684","-10.2113",H,Πλατύ,"111","100",0.442133128643036
"790","22.5976","40.6683","-10.9763",H,Πλατύ,"111","104",7.26294660568237
"791","22.6309","40.6683","-11.1414",H,Πλατύ,"111","104",3.92584443092346
"792","22.5976","40.635","-11.084",H,Πλατύ,"111","102",1.65292465686798
"793","22.6309","40.635","-13.3617",H,Πλατύ,"111","103",3.01224660873413
"794","22.5976","40.6017","-12.7147",H,Πλατύ,"111","102",2.32887649536133
"795","22.6309","40.6017","-15.6006",H,Πλατύ,"111","103",2.74277639389038
"796","22.5976","40.5684","-14.7434",H,Πλατύ,"111","103",2.9638397693634
"797","22.6309","40.5684","-14.8807",H,Πλατύ,"111","101",0.333837062120438
"798","22.531","40.635","-6.9249",H,- Βέροια - Αλεξάνδρεια - Πλατύ - Έδεσσα - Γιαννιτσά - Κουφάλια,"111","104",3.52242612838745
"799","22.5643","40.635","-8.2371",H,Πλατύ,"111","103",3.00471091270447
"800","22.531","40.6017","-8.1669",H,- Βέροια - Αλεξάνδρεια - Πλατύ - Έδεσσα - Γιαννιτσά - Κουφάλια,"111","105",5.25537729263306
"801","22.5643","40.6017","-9.3612",H,Πλατύ,"111","104",5.88818979263306
"802","22.531","40.5684","-8.6655",H,Πλατύ,"111","105",4.91763687133789
"803","22.5643","40.5684","-11.5405",H,Πλατύ,"111","104",3.89536762237549
"804","22.531","40.5351","-7.5765",H,- Κατερίνη - Κολινδρός - Αλεξάνδρεια - Πλατύ,"111","108",4.58319854736328
"805","22.5643","40.5351","-11.8886",H,- Κατερίνη - Κολινδρός - Αλεξάνδρεια - Πλατύ,"111","103",2.99072647094727
"806","22.5976","40.5351","-13.7452",H,- Πλατύ,"111","102",1.57251131534576
"807","22.6309","40.5351","-12.5257",H,Πλατύ,"111","99",-0.617629945278168
"808","22.6642","40.5351","-8.7594",H,Πλατύ,"111","99",-0.920323967933655
"809","22.7308","40.5684","-1.8602",H,- Πλατύ,"121","100",-0.123678587377071
"810","22.531","40.5018","-5.2079",Ms-Pli.k,- Κατερίνη - Κολινδρός - Αλεξάνδρεια - Πλατύ,"411","131",41.9048385620117
"811","22.5643","40.5018","-8.8507",al,- Κατερίνη - Πλατύ,"111","113",12.6913108825684
"812","22.5976","40.5018","-8.7612",H,- Κατερίνη - Κολινδρός - Αλεξάνδρεια - Πλατύ,"111","102",1.62312054634094
"813","22.7308","40.5351","-4.9925",H,Πλατύ,"311","100",0
"814","22.6309","40.5018","-8.1941",H,- Πλατύ,"121","100",0.321818351745605
"815","22.6975","40.7349","4.3735","Ms-Plι.s,c",- Θέρμη - Θεσσαλονίκη - Κουφάλια - Κιλκίς,"311","133",44.6500854492188
"816","22.7308","40.7349","10.4744","Ms-Plι.s,c",- Θέρμη - Θεσσαλονίκη - Κουφάλια - Κιλκίς,"311","140",40.3212242126465
"817","22.8307","40.7349","28.0681",H,- Πλατύ - Θεσσαλονίκη,"111","130",28.523853302002
"818","22.864","40.7349","24.7235",M4-Pli.l,- Θεσσαλονίκη - Κιλκίς,"411","149",127.560241699219
"819","22.7308","40.7016","6.3302",H,- Πλατύ - Θεσσαλονίκη,"111","106",6.0435209274292
"820","22.8307","40.7016","25.8355",H,- Πλατύ - Θεσσαλονίκη,"111","120",18.6621131896973
"821","22.864","40.7016","27.9744",M4-Pli.l,- Θεσσαλονίκη - Κιλκίς,"411","135",54.8553352355957
"822","22.8973","40.7016","25.1654","M4-Pli.st,m",- Θέρμη - Θεσσαλονίκη,"221","149",115.850730895996
"823","22.7308","40.6683","-2.702",H,- Πλατύ - Θεσσαλονίκη,"111","104",4.08749532699585
"824","22.7641","40.6683","3.1131",H,- Πλατύ - Θεσσαλονίκη,"111","101",1.4425745010376
"825","22.7974","40.6683","8.8785",H,- Πλατύ - Θεσσαλονίκη,"111","105",4.10653400421143
"826","22.8307","40.6683","14.5965",H,- Πλατύ - Θεσσαλονίκη,"111","108",14.4928722381592
"827","22.864","40.6683","19.581",H,- Πλατύ - Θεσσαλονίκη,"111","107",6.43681192398071
"828","22.8973","40.6683","22.7437",H,- Πλατύ - Θεσσαλονίκη,"111","112",25.9039058685303
"829","22.9306","40.6683","27.5525",H,- Πλατύ - Θεσσαλονίκη,"111","136",39.3507995605469
"830","22.7308","40.635","-9.618",H,- Πλατύ - Θεσσαλονίκη,"111","104",3.14217972755432
"831","22.7641","40.635","-3.0292",H,- Πλατύ - Θεσσαλονίκη,"111","102",1.44289326667786
"832","22.7974","40.635","1.1339",H,- Πλατύ - Θεσσαλονίκη,"111","100",0.683468818664551
"833","22.8307","40.635","6.3101",H,- Πλατύ - Θεσσαλονίκη,"111","100",0.179770886898041
"834","22.7308","40.6017","-4.5731",H,- Πλατύ - Θεσσαλονίκη,"111","100",0.0544822327792645
"835","22.7641","40.6017","-1.033",H,- Πλατύ - Θεσσαλονίκη,"111","101",0.707529246807098
"836","22.7974","40.6017","-0.0019",H,- Πλατύ - Θεσσαλονίκη,"111","99",-0.88263738155365
"837","22.7641","40.5684","-2.401",H,- Πλατύ - Θεσσαλονίκη,"111","100",-1.30988848209381
"838","22.7974","40.5684","-2.1324",H,- Πλατύ - Θεσσαλονίκη,"111","100",-0.566511213779449
"839","22.6975","40.5351","-5.7813",H,Πλατύ,"111","99",-1.17008912563324
"840","22.531","40.6683","-5.4879",H,- Βέροια - Αλεξάνδρεια - Πλατύ - Έδεσσα - Γιαννιτσά - Κουφάλια,"111","104",1.92802739143372
"841","22.5643","40.6683","-7.6755",H,- Βέροια - Αλεξάνδρεια - Πλατύ - Έδεσσα - Γιαννιτσά - Κουφάλια,"111","103",3.15835070610046
"842","22.5643","40.4685","-5.1079",Ms-Pli.lm,Κατερίνη,"111","141",50.1428031921387
"843","22.5643","40.4352","-2.4525","Ms-Pli.st,m",Κατερίνη,"211","147",101.128349304199
"844","22.5976","40.4352","-3.9886",Pt,Κατερίνη,"121","141",40.8173370361328
"845","22.5643","40.4019","1.1319","Ms-Pli.s,l",- Κατερίνη - Κολινδρός,"211","146",82.0983123779297
"846","22.5976","40.4019","-3.1344",Ms-Pli.lm,Κατερίνη,"111","134",31.0853843688965
"847","22.531","40.4685","-2.4233",Ms-Pli.k,- Κατερίνη - Κολινδρός - Αλεξάνδρεια - Πλατύ,"411","145",109.43399810791
"848","22.531","40.4352","1.2581","Ms-Pli.st,m",Κατερίνη,"211","161",208.954406738281
"849","22.531","40.3686","9.4478","Ms-Pli.st,l",Κατερίνη,"221","152",127.483848571777
"850","22.5643","40.3686","4.8734","Ms-Pli.st,l",Κατερίνη,"221","141",63.0775032043457
"851","22.5976","40.3686","-0.5396","Ms-Pli.st,l",Κατερίνη,"221","141",60.0201759338379
"852","22.531","40.3353","13.5668","Ms-Pli.st,l",Κατερίνη,"221","148",86.4790725708008
"853","22.5643","40.3353","7.9604","Ms-Pli.st,l",Κατερίνη,"221","141",39.0231094360352
"854","22.5976","40.3353","1.8612",al,- Λιτόχωρο - Κονταριώτισα - Κατερίνη - Κολινδρός,"111","106",4.5714168548584
"855","22.6309","40.3686","-6.4014","H.l,s",Κατερίνη,"411","100",-0.5
"856","22.6309","40.3353","-3.4737","H.l,s",Κατερίνη,"411","100",-0.0511457435786724
"857","22.5976","40.302","4.1339",al,- Λιτόχωρο - Κονταριώτισα - Κατερίνη - Κολινδρός,"111","106",5.98471546173096
"858","22.5976","40.2687","3.666","H.s,lm2",- Κατερίνη,"311","103",9.03211212158203
"859","22.7641","40.968","1.16",el,Κιλκίς,"411","152",114.138374328613
"860","22.9306","40.968","-7.0939",H.t,- Θεσσαλονίκη - Κιλκίς - Χέρσον,"121","157",161.067092895508
"861","22.7974","40.9347","1.3332","T-Jm,ph",Κιλκίς,"413","154",180.634033203125
"862","22.7974","40.9014","4.6621",J13.c,Κιλκίς,"221","153",123.620635986328
"863","22.8973","40.9347","-11.5609","Tm-s.k,d",Κιλκίς,"2111","155",167.453262329102
"864","22.9972","40.9347","-5.547",gn,Θέρμη - Ζαγκλιβέρι - Κιλκίς - Λαχανάς - Σοχός - Χέρσον - Καστανούσα - Κερκίνη - Σιδηρόκαστρο,"323","186",287.711334228516
"865","22.8307","40.9347","-3.7486",Pt.t,- Κιλκίς - Χέρσον - Εύζωνοι,"111","158",194.563171386719
"866","22.864","40.9347","-9.9842",Pt.t2.c,Κιλκίς,"111","154",156.41975402832
"867","22.8307","40.9014","1.8624",Pt.t2.c,Κιλκίς,"111","154",162.519149780273
"868","22.864","40.9014","-2.3825",Pt.t2.c,Κιλκίς,"111","151",130.472579956055
"869","22.8973","40.9014","-6.116",H.t.c,Κιλκίς,"311","150",105.624053955078
"870","22.9306","40.9014","-7.9469",Pt.t3.c,Κιλκίς,"111","162",163.046936035156
"871","22.9306","40.8681","-4.091","Tm-s.k,d",Κιλκίς,"2111","174",281.082855224609
"872","22.9639","40.9014","-8.574",gn,Θέρμη - Ζαγκλιβέρι - Κιλκίς - Λαχανάς - Σοχός - Χέρσον - Καστανούσα - Κερκίνη - Σιδηρόκαστρο,"323","163",202.398452758789
"873","22.9972","40.9014","-8.7872",Pt.t1.c,Κιλκίς,"111","187",320.495788574219
"874","22.9639","40.8681","-7.9187",Pt.t1.c,Κιλκίς,"111","167",231.145080566406
"875","22.9972","40.8681","-11.7185",qt,- Κιλκίς - Λαχανάς,"213","171",228.987838745117
"876","22.8973","40.8681","-0.303",H.t.c,Κιλκίς,"111","145",88.0153656005859
"877","22.8973","40.8348","2.0506",H.t.c,Κιλκίς,"111","144",83.6074981689453
"878","22.7974","40.8681","4.9984","H.l,s",Κιλκίς,"121","148",98.410285949707
"879","22.8307","40.8681","5.2518",Pt.t3.c,Κιλκίς,"111","148",100.091110229492
"880","22.864","40.8681","3.4238",Pt.t3.l,Κιλκίς,"42","150",126.533676147461
"881","22.7641","40.8681","5.922","H.l,s",Κιλκίς,"121","138",45.2230606079102
"882","22.864","40.8348","5.0345",H.t.c,Κιλκίς,"111","142",68.2076873779297
"883","22.7974","40.8348","6.6255",H.lk,Κιλκίς,"411","137",52.0473480224609
"884","22.9306","40.8348","0.4684","Tm-s.k,d",Κιλκίς,"2111","149",141.713760375977
"885","22.9639","40.8348","-4.2688","Tm-s.k,d",Κιλκίς,"2111","178",318.094451904297
"886","22.8307","40.8348","7.8077",Pt.t3.l,Κιλκίς,"42","142",58.3000946044922
"887","22.9306","40.8015","1.9284",T-Jm.st,Κιλκίς,"5","158",204.299774169922
"888","22.9639","40.8015","-1.6594",Pt.t1.c,Κιλκίς,"111","159",193.400985717773
"889","22.8973","40.8015","0.4532",Tm-s?.k,Κιλκίς,"2111","178",288.481109619141
"890","22.9306","40.7682","6.5434",el,Κιλκίς,"42","165",210.638854980469
"891","22.864","40.8015","3.4475",el,Κιλκίς,"42","144",112.602844238281
"892","22.9639","40.7682","2.155",H.t.c,- Θέρμη -Κιλκίς - Λαχανάς,"111","152",144.761184692383
"893","22.8307","40.7682","18.9179",M4-Pli.l,- Θεσσαλονίκη - Κιλκίς,"411","145",70.4819946289062
"894","22.864","40.7682","10.3638",θ2,- Θεσσαλονίκη - Κιλκίς,"222","178",322.014465332031
"895","22.8973","40.7682","6.4965",Ji-m?.ag,- Θεσσαλονίκη - Κιλκίς,"413","209",402.497741699219
"896","23.0971","40.968","0.2119",gn,Θέρμη - Ζαγκλιβέρι - Κιλκίς - Λαχανάς - Σοχός - Χέρσον - Καστανούσα - Κερκίνη - Σιδηρόκαστρο,"323","218",644.171142578125
"897","23.1304","40.968","3.1814",γ2,Λαχανάς,"222","217",629.560302734375
"898","23.197","40.968","13.5168",gn(Pz)-gn2,Λαχανάς,"413","217",581.452514648438
"899","23.0305","40.968","-2.8863",gn,Θέρμη - Ζαγκλιβέρι - Κιλκίς - Λαχανάς - Σοχός - Χέρσον - Καστανούσα - Κερκίνη - Σιδηρόκαστρο,"323","210",462.916961669922
"900","23.0638","40.968","-1.6338",gn,Θέρμη - Ζαγκλιβέρι - Κιλκίς - Λαχανάς - Σοχός - Χέρσον - Καστανούσα - Κερκίνη - Σιδηρόκαστρο,"323","216",563.206359863281
"901","23.0305","40.9347","-5.4481",gn,Θέρμη - Ζαγκλιβέρι - Κιλκίς - Λαχανάς - Σοχός - Χέρσον - Καστανούσα - Κερκίνη - Σιδηρόκαστρο,"323","209",472.412628173828
"902","23.0638","40.9347","-5.1462",ab,Λαχανάς,"323","216",543.742492675781
"903","23.1637","40.968","8.2446",gn,Θέρμη - Ζαγκλιβέρι - Κιλκίς - Λαχανάς - Σοχός - Χέρσον - Καστανούσα - Κερκίνη - Σιδηρόκαστρο,"323","216",559.968444824219
"904","23.2303","40.968","16.7002",ab-gn2,- Λαχανάς - Σοχός - Κερκίνη,"323","217",569.541381835938
"905","23.1637","40.9347","1.4943",Pt.t1.c,- Λαχανάς - Κερκίνη,"111","216",514.370849609375
"906","23.197","40.9347","5.1574",gn(Pz)-gn2,Λαχανάς,"413","217",591.45166015625
"907","23.2303","40.9347","7.6317",γ2,- Λαχανάς - Σοχός,"222","215",466.529266357422
"908","23.0971","40.9347","-4.3015",gn,Θέρμη - Ζαγκλιβέρι - Κιλκίς - Λαχανάς - Σοχός - Χέρσον - Καστανούσα - Κερκίνη - Σιδηρόκαστρο,"323","219",707.841064453125
"909","23.1304","40.9347","-2.1697",ab,Λαχανάς,"323","217",592.624816894531
"910","23.1637","40.9014","-4.4066",gn2,Λαχανάς,"323","211",477.856597900391
"911","23.0638","40.8681","-17.7333",gn,Θέρμη - Ζαγκλιβέρι - Κιλκίς - Λαχανάς - Σοχός - Χέρσον - Καστανούσα - Κερκίνη - Σιδηρόκαστρο,"323","202",436.537200927734
"912","23.0971","40.8681","-17.2821",ab-gn2,Λαχανάς,"5","215",521.669616699219
"913","23.1304","40.8681","-12.3098",gn,Θέρμη - Ζαγκλιβέρι - Κιλκίς - Λαχανάς - Σοχός - Χέρσον - Καστανούσα - Κερκίνη - Σιδηρόκαστρο,"323","201",422.890289306641
"914","23.0638","40.8348","-19.7425",gn,Θέρμη - Ζαγκλιβέρι - Κιλκίς - Λαχανάς - Σοχός - Χέρσον - Καστανούσα - Κερκίνη - Σιδηρόκαστρο,"323","185",312.461029052734
"915","23.0971","40.8348","-19.8282",gn,Θέρμη - Ζαγκλιβέρι - Κιλκίς - Λαχανάς - Σοχός - Χέρσον - Καστανούσα - Κερκίνη - Σιδηρόκαστρο,"323","200",378.302337646484
"916","23.1304","40.8348","-15.4057",gn,Θέρμη - Ζαγκλιβέρι - Κιλκίς - Λαχανάς - Σοχός - Χέρσον - Καστανούσα - Κερκίνη - Σιδηρόκαστρο,"323","212",469.349548339844
"917","23.197","40.8348","-3.1631",H.t.c,Λαχανάς,"311","217",602.004455566406
"918","23.0638","40.8015","-20.7768",Pt.t3.l,Λαχανάς,"42","157",159.165908813477
"919","23.0971","40.8015","-21.9825",Pt.t1.c,Λαχανάς,"111","181",306.824066162109
"920","23.1304","40.8015","-21.0646",gn,Θέρμη - Ζαγκλιβέρι - Κιλκίς - Λαχανάς - Σοχός - Χέρσον - Καστανούσα - Κερκίνη - Σιδηρόκαστρο,"323","188",340.888610839844
"921","23.0638","40.7682","-18.1722",H.l,Θέρμη - Λαχανάς,"111","148",109.991973876953
"922","23.0971","40.7682","-19.6075",Pt.t3.l,Θέρμη - Λαχανάς,"42","152",144.623962402344
"923","23.1304","40.7682","-19.833",gn,Θέρμη - Ζαγκλιβέρι - Κιλκίς - Λαχανάς - Σοχός - Χέρσον - Καστανούσα - Κερκίνη - Σιδηρόκαστρο,"323","157",186.36376953125
"924","23.1637","40.8015","-15.8847",Pt.t1.c,Λαχανάς,"121","200",405.785278320312
"925","23.0305","40.8015","-18.4746",Q.cs2,Λαχανάς,"311","154",150.041076660156
"926","23.197","40.8015","-9.7505",gn,Θέρμη - Ζαγκλιβέρι - Κιλκίς - Λαχανάς - Σοχός - Χέρσον - Καστανούσα - Κερκίνη - Σιδηρόκαστρο,"323","196",420.371337890625
"927","23.197","40.7682","-12.4324",gn,Θέρμη - Ζαγκλιβέρι - Κιλκίς - Λαχανάς - Σοχός - Χέρσον - Καστανούσα - Κερκίνη - Σιδηρόκαστρο,"323","202",393.518188476562
"928","22.9639","40.9347","-6.0423",Pt.t1.c,- Κιλκίς - Λαχανάς - Χέρσον,"111","173",256.712982177734
"929","22.9972","40.968","-2.908",ab-gn2,- Κιλκίς - Λαχανάς,"323","189",357.956115722656
"930","23.0305","40.8681","-15.1821",Pt.t1.c,- Κιλκίς - Λαχανάς,"111","184",297.460968017578
"931","22.9972","40.8348","-11.8846",Pt.t1.c,- Κιλκίς - Λαχανάς,"111","163",219.744552612305
"932","23.0305","40.8348","-17.512",Pt.t1.c,- Κιλκίς - Λαχανάς,"111","165",224.589096069336
"933","22.9972","40.8015","-11.5295",Q.cs1,- Κιλκίς - Λαχανάς,"311","154",144.296051025391
"934","22.9972","40.7682","-8.3833",Q.cs2,- Κιλκίς - Λαχανάς,"121","148",110.872688293457
"935","23.0305","40.7682","-15.9927",H.l,Θέρμη - Λαχανάς,"111","147",101.76488494873
"936","23.2636","40.968","17.5867",gn,Θέρμη - Ζαγκλιβέρι - Κιλκίς - Λαχανάς - Σοχός - Χέρσον - Καστανούσα - Κερκίνη - Σιδηρόκαστρο,"323","195",389.490661621094
"937","23.2636","40.9347","9.4033",gn,Θέρμη - Ζαγκλιβέρι - Κιλκίς - Λαχανάς - Σοχός - Χέρσον - Καστανούσα - Κερκίνη - Σιδηρόκαστρο,"323","206",421.937225341797
"938","23.3302","40.968","15.6192",n.bi,Σοχός,"222","175",271.493927001953
"939","23.3635","40.968","10.8366",Pt.t2.s,- Σοχός - Κερκίνη - Σιδηρόκαστρο,"111","147",96.3565216064453
"940","23.4301","40.968","-4.1323",H.lk,Σοχός,"411","125",25.3399543762207
"941","23.3968","40.9347","15.6196",Pl,- Σοχός - Σιτοχώριον,"211","152",160.204879760742
"942","23.4301","40.9347","13.9064",H.t.s,Σοχός,"111","141",61.588508605957
"943","23.4634","40.9347","8.8824",Pt.t1.s,Σοχός,"121","141",64.9989471435547
"944","23.2969","40.9014","9.4292","n-γ,n",Σοχός,"222","217",545.570007324219
"945","23.3302","40.9014","11.4615",gn,Θέρμη - Ζαγκλιβέρι - Κιλκίς - Λαχανάς - Σοχός - Χέρσον - Καστανούσα - Κερκίνη - Σιδηρόκαστρο,"323","219",668.952758789062
"946","23.3635","40.9014","12.8248",gn,Θέρμη - Ζαγκλιβέρι - Κιλκίς - Λαχανάς - Σοχός - Χέρσον - Καστανούσα - Κερκίνη - Σιδηρόκαστρο,"323","217",641.248962402344
"947","23.2969","40.8681","10.0352",gn2,Σοχός,"413","220",748.766540527344
"948","23.3302","40.8681","11.5562",gn2,Σοχός,"413","220",759.408264160156
"949","23.3635","40.8681","12.1254",gn,Θέρμη - Ζαγκλιβέρι - Κιλκίς - Λαχανάς - Σοχός - Χέρσον - Καστανούσα - Κερκίνη - Σιδηρόκαστρο,"323","218",646.580017089844
"950","23.3968","40.9014","15.2505",ab-gn2,Σοχός,"323","192",348.825469970703
"951","23.4301","40.9014","18.438",(gn)Mz-gn2,Σοχός,"413","161",216.029602050781
"952","23.3968","40.8681","13.2517","n.hb,q",Σοχός,"222","217",597.491577148438
"953","23.3968","40.8348","13.5248",gn2,Σοχός,"413","218",694.212646484375
"954","23.2636","40.9014","6.011",Pt.t3.c,- Σοχός - Λαχανάς,"311","216",575.037170410156
"955","23.2636","40.8681","6.4891",gn,Θέρμη - Ζαγκλιβέρι - Κιλκίς - Λαχανάς - Σοχός - Χέρσον - Καστανούσα - Κερκίνη - Σιδηρόκαστρο,"323","219",774.095886230469
"956","23.4301","40.8681","15.8269",gn2,Σοχός,"413","206",471.243225097656
"957","23.2636","40.8348","4.4915",gn,Θέρμη - Ζαγκλιβέρι - Κιλκίς - Λαχανάς - Σοχός - Χέρσον - Καστανούσα - Κερκίνη - Σιδηρόκαστρο,"323","219",748.470275878906
"958","23.2969","40.8348","6.8599",gn2,Σοχός,"413","223",940.650207519531
"959","23.3302","40.8348","8.4325",gn2,Σοχός,"413","223",839.844543457031
"960","23.3635","40.8348","10.7524",gn2,Σοχός,"323","222",887.986938476562
"961","23.4301","40.8348","14.8506",gn2,Σοχός,"413","217",648.182922363281
"962","23.2636","40.8015","-0.7521",gn2,Σοχός,"413","215",514.521606445312
"963","23.2969","40.8015","1.5681",gn2,Σοχός,"413","216",534.074523925781
"964","23.3302","40.8015","3.6495",gn2,Σοχός,"323","216",545.487548828125
"965","23.3635","40.8015","8.3425",H.t.c,Σοχός,"111","216",553.026550292969
"966","23.3968","40.8015","13.794",γ2,Σοχός,"222","216",550.923156738281
"967","23.4301","40.8015","16.079",Q.cs1,Σοχός,"311","201",384.177032470703
"968","23.4634","40.8681","18.7671",gn2,- Σοχός - Σιτοχώριον,"413","199",358.870880126953
"969","23.4634","40.8348","15.0812",Pt.t2.s,Σοχός,"111","216",560.710815429688
"970","23.4634","40.8015","15.0114",H.l,- Σοχός - Σιτοχώριον,"311","191",349.393646240234
"971","23.2969","40.7682","-3.5371",γ2,Σοχός,"222","201",448.938629150391
"972","23.3302","40.7682","0.1988",γ2,Σοχός,"222","205",409.994140625
"973","23.4301","40.7682","18.2952",Pt.t2.s,Σοχός,"111","200",378.187347412109
"974","23.4634","40.7682","21.8441",H.l,Σοχός,"311","192",358.850250244141
"975","23.4967","40.7682","22.1093",Q.cs2,- Σοχός,"311","189",348.177398681641
"976","23.3968","40.7682","12.7157",gn2,Σοχός,"413","212",478.267639160156
"977","23.1304","40.9014","-9.1465",γ2,- Λαχανάς - Σοχός,"222","216",559.84765625
"978","23.197","40.9014","-0.4041",γ2,- Λαχανάς - Σοχός,"222","217",556.903076171875
"979","23.2303","40.9014","2.6194",γ2,- Λαχανάς - Σοχός,"222","218",636.85107421875
"980","23.2636","40.7682","-6.6013",gn,Θέρμη - Ζαγκλιβέρι - Κιλκίς - Λαχανάς - Σοχός - Χέρσον - Καστανούσα - Κερκίνη - Σιδηρόκαστρο,"323","213",498.980407714844
"981","22.8307","41.2344","5.727",Pt.t-Pt.l.s,- Χέρσον - Εύζωνοι,"111","164",177.153778076172
"982","22.9306","41.2344","17.0673",gn,Θέρμη - Ζαγκλιβέρι - Κιλκίς - Λαχανάς - Σοχός - Χέρσον - Καστανούσα - Κερκίνη - Σιδηρόκαστρο,"323","186",268.779541015625
"983","22.864","41.2344","14.3567",ab,Χέρσον,"413","195",471.660247802734
"984","22.8973","41.2344","19.5706",σ,Χέρσον,"412","216",533.481689453125
"985","22.864","41.2011","12.0491",gn,Θέρμη - Ζαγκλιβέρι - Κιλκίς - Λαχανάς - Σοχός - Χέρσον - Καστανούσα - Κερκίνη - Σιδηρόκαστρο,"323","212",525.761047363281
"986","22.864","41.1678","-0.6311",Pt.t,Χέρσον,"111","198",396.537231445312
"987","22.8973","41.1678","0.8526",H.t,Χέρσον,"121","191",357.607971191406
"988","22.864","41.1345","-7.27",ab,Χέρσον,"413","206",431.931182861328
"989","22.8973","41.1345","-5.4414",H.t,Χέρσον,"121","183",320.809600830078
"990","22.864","41.1012","-3.5871",gn,Θέρμη - Ζαγκλιβέρι - Κιλκίς - Λαχανάς - Σοχός - Χέρσον - Καστανούσα - Κερκίνη - Σιδηρόκαστρο,"323","188",412.756774902344
"991","22.8973","41.1012","-0.8183",qt,Χέρσον,"323","181",297.179443359375
"992","22.864","41.0679","0.6206",gn,Θέρμη - Ζαγκλιβέρι - Κιλκίς - Λαχανάς - Σοχός - Χέρσον - Καστανούσα - Κερκίνη - Σιδηρόκαστρο,"323","173",277.975463867188
"993","22.8973","41.0679","2.1399",qt,Χέρσον,"222","180",303.361877441406
"994","22.7641","41.1678","1.4321",πφ,Χέρσον,"412","159",214.504791259766
"995","22.7641","41.1345","5.6507","Tιsch,p,q",- Χέρσον - Εύζωνοι,"222","155",189.725555419922
"996","22.8307","41.1678","-1.9035",gn,Θέρμη - Ζαγκλιβέρι - Κιλκίς - Λαχανάς - Σοχός - Χέρσον - Καστανούσα - Κερκίνη - Σιδηρόκαστρο,"323","205",388.425109863281
"997","22.9639","41.1345","2.7412",πφ,Χέρσον,"412","210",475.952911376953
"998","22.7974","41.1345","-1.4674",Pt.t,- Κιλκίς - Χέρσον - Εύζωνοι,"111","159",197.51057434082
"999","22.7641","41.1012","3.4603",Pt.t,- Χέρσον - Εύζωνοι,"111","147",108.656143188477
"1000","22.8307","41.1345","-6.9428",gn,Θέρμη - Ζαγκλιβέρι - Κιλκίς - Λαχανάς - Σοχός - Χέρσον - Καστανούσα - Κερκίνη - Σιδηρόκαστρο,"323","173",245.981170654297
"1001","22.8307","41.0679","-2.7095","Tisch.p,qt",Χέρσον,"322","156",168.870971679688
"1002","22.7974","41.0013","-2.4828","H.l,s",- Κιλκίς - Χέρσον,"121","150",118.158912658691
"1003","22.7641","41.0346","-2.6144",Pt.t,- Κιλκίς - Χέρσον - Εύζωνοι,"111","146",82.5046463012695
"1004","22.7974","41.0346","-5.159",Pt.t,- Κιλκίς - Χέρσον - Εύζωνοι,"111","148",109.195602416992
"1005","22.7641","41.0013","-1.5457",el,- Κιλκίς - Χέρσον,"42","148",106.154258728027
"1006","22.8307","41.0013","-4.9942",Ji-m.k,- Κιλκίς - Χέρσον,"2111","171",227.302719116211
"1007","22.8307","41.0346","-4.115",Pt.t,- Κιλκίς - Χέρσον - Εύζωνοι,"111","153",141.851196289062
"1008","22.864","41.0346","-3.3726",Pt.t,- Κιλκίς - Χέρσον - Εύζωνοι,"111","159",195.208801269531
"1009","22.864","41.0013","-9.204",Pt.t,- Κιλκίς - Χέρσον - Εύζωνοι,"111","174",279.771148681641
"1010","22.9306","41.0679","3.0779",gn,Θέρμη - Ζαγκλιβέρι - Κιλκίς - Λαχανάς - Σοχός - Χέρσον - Καστανούσα - Κερκίνη - Σιδηρόκαστρο,"323","178",300.868469238281
"1011","22.9639","41.0679","5.9396",gn,Θέρμη - Ζαγκλιβέρι - Κιλκίς - Λαχανάς - Σοχός - Χέρσον - Καστανούσα - Κερκίνη - Σιδηρόκαστρο,"323","171",251.845031738281
"1012","22.9972","41.0679","8.8207",Pt.t,- Χέρσον - Κερκίνη,"111","184",313.044219970703
"1013","22.8973","41.0346","-4.2253",Pt.t,- Κιλκίς - Χέρσον - Εύζωνοι,"111","169",238.211090087891
"1014","22.9306","41.0346","-4.3341",Pt.t1.s,- Κιλκίς - Χέρσον,"121","173",267.792449951172
"1015","22.9639","41.0346","-2.0807",H.t,- Θεσσαλονίκη - Κιλκίς - Χέρσον,"121","163",217.131652832031
"1016","22.9972","41.0346","2.1074",gn,Θέρμη - Ζαγκλιβέρι - Κιλκίς - Λαχανάς - Σοχός - Χέρσον - Καστανούσα - Κερκίνη - Σιδηρόκαστρο,"323","190",351.232604980469
"1017","22.8973","41.0013","-10.6011",Pt.t,- Κιλκίς - Χέρσον - Εύζωνοι,"111","173",257.483917236328
"1018","22.9306","41.0013","-7.8656",H.t,- Θεσσαλονίκη - Κιλκίς - Χέρσον,"121","158",183.651626586914
"1019","22.9639","41.0013","-4.3359",gn,Θέρμη - Ζαγκλιβέρι - Κιλκίς - Λαχανάς - Σοχός - Χέρσον - Καστανούσα - Κερκίνη - Σιδηρόκαστρο,"323","176",277.631042480469
"1020","22.9972","41.0013","-1.7106",Pt.t1.c,- Κιλκίς - Λαχανάς - Χέρσον,"111","200",411.148101806641
"1021","22.8307","40.968","-5.7431",Pt.t,- Κιλκίς - Χέρσον - Εύζωνοι,"111","156",160.348007202148
"1022","22.864","40.968","-12.4288",Pt.t,- Κιλκίς - Χέρσον - Εύζωνοι,"111","164",225.380661010742
"1023","22.8973","40.968","-12.8045",Pt.t,- Κιλκίς - Χέρσον - Εύζωνοι,"111","168",206.636123657227
"1024","22.9639","40.968","-3.0933",gn,Θέρμη - Ζαγκλιβέρι - Κιλκίς - Λαχανάς - Σοχός - Χέρσον - Καστανούσα - Κερκίνη - Σιδηρόκαστρο,"323","170",256.319732666016
"1025","22.9306","40.9347","-8.4636",Pt.t1.c,- Κιλκίς - Λαχανάς - Χέρσον,"111","164",229.31657409668
"1026","22.8307","40.8015","11.1378","Pt.l,s",- Κουφάλια - Κιλκίς - Εύζωνοι,"111","142",60.3492736816406
"1027","22.9972","40.7349","0.4955",Pt-t3.l,Θέρμη - Θεσσαλονίκη,"111","149",107.512222290039
"1028","22.9306","41.1012","2.8643",gn,Θέρμη - Ζαγκλιβέρι - Κιλκίς - Λαχανάς - Σοχός - Χέρσον - Καστανούσα - Κερκίνη - Σιδηρόκαστρο,"323","189",374.603851318359
"1029","22.9639","41.1012","7.8005",gn,Θέρμη - Ζαγκλιβέρι - Κιλκίς - Λαχανάς - Σοχός - Χέρσον - Καστανούσα - Κερκίνη - Σιδηρόκαστρο,"323","192",357.24658203125
"1030","23.0305","41.2011","12.4069",gn,Θέρμη - Ζαγκλιβέρι - Κιλκίς - Λαχανάς - Σοχός - Χέρσον - Καστανούσα - Κερκίνη - Σιδηρόκαστρο,"323","161",197.081848144531
"1031","23.1637","41.1678","7.9017",gn,Θέρμη - Ζαγκλιβέρι - Κιλκίς - Λαχανάς - Σοχός - Χέρσον - Καστανούσα - Κερκίνη - Σιδηρόκαστρο,"323","160",291.946868896484
"1032","23.1304","41.1678","9.8749",γ,Κερκίνη,"412","186",298.377899169922
"1033","23.0971","41.1678","10.7642",gn,Θέρμη - Ζαγκλιβέρι - Κιλκίς - Λαχανάς - Σοχός - Χέρσον - Καστανούσα - Κερκίνη - Σιδηρόκαστρο,"323","158",169.540466308594
"1034","23.197","41.1678","2.3476",water_surf,Καστανούσα- Πόροια - Κερκίνη,"0","132",33.5
"1035","23.0638","41.1345","8.6628",gn,Θέρμη - Ζαγκλιβέρι - Κιλκίς - Λαχανάς - Σοχός - Χέρσον - Καστανούσα - Κερκίνη - Σιδηρόκαστρο,"323","214",478.057495117188
"1036","23.1637","41.1345","8.3359",ab-gn,Κερκίνη,"413","207",465.046325683594
"1037","23.0305","41.1345","8.2405",gn,Θέρμη - Ζαγκλιβέρι - Κιλκίς - Λαχανάς - Σοχός - Χέρσον - Καστανούσα - Κερκίνη - Σιδηρόκαστρο,"323","217",592.879516601562
"1038","23.1304","41.1345","9.6866",ab,Κερκίνη,"413","220",745.474365234375
"1039","23.0971","41.1012","12.7005",gn,Θέρμη - Ζαγκλιβέρι - Κιλκίς - Λαχανάς - Σοχός - Χέρσον - Καστανούσα - Κερκίνη - Σιδηρόκαστρο,"323","218",671.610534667969
"1040","23.1637","41.1012","8.1556",γ,Κερκίνη,"412","212",595.031555175781
"1041","23.1304","41.1012","11.4823",ab,Κερκίνη,"413","221",770.8779296875
"1042","23.0971","41.0679","10.6603",ab-gn,Κερκίνη,"413","215",505.400177001953
"1043","23.0638","41.0679","10.9404",γ,Κερκίνη,"412","203",446.758026123047
"1044","23.0305","41.0679","9.9543",ab,Κερκίνη,"413","197",384.348449707031
"1045","23.1304","41.0346","3.6289",gn,Θέρμη - Ζαγκλιβέρι - Κιλκίς - Λαχανάς - Σοχός - Χέρσον - Καστανούσα - Κερκίνη - Σιδηρόκαστρο,"323","216",556.157653808594
"1046","23.1637","41.0346","3.1314",γ,Κερκίνη,"412","200",450.99462890625
"1047","23.0971","41.0346","7.1026",γ,Κερκίνη,"412","218",630.27783203125
"1048","23.0305","41.0013","1.1371",gn,Θέρμη - Ζαγκλιβέρι - Κιλκίς - Λαχανάς - Σοχός - Χέρσον - Καστανούσα - Κερκίνη - Σιδηρόκαστρο,"323","203",429.685546875
"1049","23.1304","41.0013","4.9293",gn,Θέρμη - Ζαγκλιβέρι - Κιλκίς - Λαχανάς - Σοχός - Χέρσον - Καστανούσα - Κερκίνη - Σιδηρόκαστρο,"323","220",741.482360839844
"1050","23.1637","41.2344","2.1957","H.s,l",Κερκίνη,"42","132",33.5
"1051","22.9639","41.1678","-1.023",gn,Θέρμη - Ζαγκλιβέρι - Κιλκίς - Λαχανάς - Σοχός - Χέρσον - Καστανούσα - Κερκίνη - Σιδηρόκαστρο,"323","216",514.690551757812
"1052","22.9972","41.1678","1.8148",gn,Θέρμη - Ζαγκλιβέρι - Κιλκίς - Λαχανάς - Σοχός - Χέρσον - Καστανούσα - Κερκίνη - Σιδηρόκαστρο,"323","213",520.150817871094
"1053","22.9972","41.1345","6.5464",gn,Θέρμη - Ζαγκλιβέρι - Κιλκίς - Λαχανάς - Σοχός - Χέρσον - Καστανούσα - Κερκίνη - Σιδηρόκαστρο,"323","201",412.685394287109
"1054","23.1637","41.0013","8.7947",gn,Θέρμη - Ζαγκλιβέρι - Κιλκίς - Λαχανάς - Σοχός - Χέρσον - Καστανούσα - Κερκίνη - Σιδηρόκαστρο,"323","215",479.018249511719
"1055","22.6642","41.1678","5.8253",Js-Ki.st,Ευζώνοι,"221","191",376.156829833984
"1056","22.6642","41.1345","0.7701",Js-Ki.st,Ευζώνοι,"221","161",207.589279174805
"1057","22.6975","41.1345","5.7461",Ts.mr,Ευζώνοι,"2111","195",384.195404052734
"1058","22.6642","41.1012","-8.6875",δ,Ευζώνοι,"222","170",253.746505737305
"1059","22.6975","41.1012","-2.0193",Js-Ki.st,Ευζώνοι,"221","152",154.854476928711
"1060","22.6309","41.1345","-1.7083","Pt.l,s",Ευζώνοι,"111","153",146.035263061523
"1061","22.5643","41.1012","9.8885","Pt.l,s",Ευζώνοι,"111","146",97.0116653442383
"1062","22.5976","41.1012","1.6652","Pt.l,s",Ευζώνοι,"111","147",102.97859954834
"1063","22.6309","41.1012","-7.8588","Pt.l,s",Ευζώνοι,"111","148",117.725036621094
"1064","22.5643","41.0679","8.0747",γ,Ευζώνοι,"322","159",188.119140625
"1065","22.5976","41.0679","0.0405",Ms.c,Ευζώνοι,"311","148",111.54776763916
"1066","22.6309","41.0679","-8.9013",P-T.vol2,Ευζώνοι,"413","150",115.902061462402
"1067","22.6642","41.0679","-9.3352",Hl.s1,- Κουφάλια - Εύζωνοι,"5","127",26.3586883544922
"1068","22.5643","41.0346","9.2217",δ,Ευζώνοι,"222","140",54.3143844604492
"1069","22.5976","41.0346","0.995",δ,Ευζώνοι,"222","151",137.008712768555
"1070","22.6309","41.0346","-3.6075",Hl.s1,- Κουφάλια - Εύζωνοι,"5","121",21.3823471069336
"1071","22.6642","41.0346","-0.9402",Hl.l,- Κουφάλια - Εύζωνοι,"5","120",20.524772644043
"1072","22.7308","41.1345","8.3967",Ts.ph,Ευζώνοι,"413","178",294.160919189453
"1073","22.7308","41.1012","4.768",Ts.ph,Ευζώνοι,"413","153",148.322494506836
"1074","22.531","41.1012","10.4828",H.t,Ευζώνοι,"121","137",42.7376136779785
"1075","22.7308","41.0679","3.58",H.t,- Χέρσον - Εύζωνοι,"121","142",54.1053352355957
"1076","22.531","41.0679","7.2201",o,Ευζώνοι,"412","136",138.785308837891
"1077","22.531","41.0346","11.3677",M4.c,- Εύζωνο- Σκρα,"211","155",166.365524291992
"1078","22.6975","41.0679","-1.6989",Hl.s1,- Κουφάλια - Εύζωνοι,"5","135",38.7072639465332
"1079","22.5976","41.0013","-3.8434",Hl.s1,- Κουφάλια - Εύζωνοι,"5","125",24.5314178466797
"1080","22.6642","41.0013","1.7502","Pt.l,s",- Κουφάλια - Εύζωνοι,"111","147",96.8308258056641
"1081","22.5643","41.0013","1.9631","Pt.l,s",- Εύζωνοι,"121","134",42.4732971191406
"1082","22.7641","41.0679","0.9326",Pt.t,- Κιλκίς - Χέρσον - Εύζωνοι,"111","144",66.99609375
"1083","22.9306","41.1345","-1.4681",gn,Θέρμη - Ζαγκλιβέρι - Κιλκίς - Λαχανάς - Σοχός - Χέρσον - Καστανούσα - Κερκίνη - Σιδηρόκαστρο,"323","206",469.347686767578
"1084","22.7974","41.1012","-2.8811",Pt.t,- Κιλκίς - Χέρσον - Εύζωνοι,"111","149",114.356986999512
"1085","22.8307","41.1012","-5.6433",Pt.t,- Κιλκίς - Χέρσον - Εύζωνοι,"111","157",159.460189819336
"1086","22.7974","41.0679","-3.5148",Pt.t,- Κιλκίς - Χέρσον - Εύζωνοι,"111","147",102.701766967773
"1087","22.7308","41.0346","2.1697",Pt.t,- Κιλκίς - Χέρσον - Εύζωνοι,"111","148",111.5791015625
"1088","22.7308","41.0013","1.2582","Pt.l,s",- Κουφάλια - Κιλκίς - Εύζωνοι,"111","152",138.198760986328
"1089","22.7974","40.968","-0.0297",el,- Κιλκίς - Χέρσον,"42","153",133.304824829102
"1090","22.7641","40.9347","2.7566","Pt.l,s",- Κουφάλια - Κιλκίς - Εύζωνοι,"111","150",119.263153076172
"1091","22.7641","40.9014","6.4717",H.t.c,- Κιλκίς,"111","143",67.9339981079102
"1092","23.1637","40.7682","-16.3831",gn,Θέρμη - Ζαγκλιβέρι - Κιλκίς - Λαχανάς - Σοχός - Χέρσον - Καστανούσα - Κερκίνη - Σιδηρόκαστρο,"323","190",321.193878173828
"1093","23.0305","40.7349","-9.0152",H.l,Θέρμη - Λαχανάς,"111","145",88.395378112793
"1094","23.0638","40.7016","-8.867",H.l,Θέρμη - Λαχανάς,"111","144",76.9414749145508
"1095","23.2303","40.7682","-9.6073",gn,Θέρμη - Ζαγκλιβέρι - Κιλκίς - Λαχανάς - Σοχός - Χέρσον - Καστανούσα - Κερκίνη - Σιδηρόκαστρο,"323","200",420.972534179688
"1096","23.3635","40.7682","6.0422",ab-gn2,Ζαγκλιβέρι - Σοχός,"323","206",459.516387939453
"1097","23.2303","40.7349","-9.3859",gn,Θέρμη - Ζαγκλιβέρι - Κιλκίς - Λαχανάς - Σοχός - Χέρσον - Καστανούσα - Κερκίνη - Σιδηρόκαστρο,"323","189",316.897125244141
"1098","23.2636","40.7349","-7.8056",gn,Θέρμη - Ζαγκλιβέρι - Κιλκίς - Λαχανάς - Σοχός - Χέρσον - Καστανούσα - Κερκίνη - Σιδηρόκαστρο,"323","177",322.931274414062
"1099","23.2969","40.7349","-6.4141",γ2,Ζαγκλιβέρι - Λαχανάς - Σοχός,"222","179",305.410003662109
"1100","23.3302","40.7349","-4.2342",γ2,Ζαγκλιβέρι - Λαχανάς - Σοχός,"222","191",361.195159912109
"1101","23.3635","40.7349","1.7322",ab-gn2,Ζαγκλιβέρι - Σοχός,"323","205",432.266967773438
"1102","23.2969","40.7016","-9.8601",gn,Θέρμη - Ζαγκλιβέρι - Κιλκίς - Λαχανάς - Σοχός - Χέρσον - Καστανούσα - Κερκίνη - Σιδηρόκαστρο,"323","158",209.294525146484
"1103","23.4634","40.7349","26.8039",ab-gn2,Ζαγκλιβέρι - Σταυρός - Σοχός - Σιτοχώριον,"323","216",504.296081542969
"1104","23.3968","40.7349","10.6013",ab-gn2,Ζαγκλιβέρι - Σταυρός - Σοχός - Σιτοχώριον,"323","203",460.557220458984
"1105","22.9639","40.635","35.3428","sch,gn",Θέρμη - Πολύγυρος - Βασιλικά - Θεσσαλονίκη - Ζαγκλιβέρι,"222","144",90.5982818603516
"1106","22.9972","40.635","31.3637","sch,gn",Θέρμη - Πολύγυρος - Βασιλικά - Θεσσαλονίκη - Ζαγκλιβέρι,"222","178",326.351745605469
"1107","22.9639","40.6017","24.1289","M4-Pli.st,m",- Θέρμη - Θεσσαλονίκη,"221","127",32.4477806091309
"1108","22.9972","40.6017","24.9689",M4-Pli.l,Θέρμη - Θεσσαλονίκη,"411","148",113.910079956055
"1109","23.0971","40.6017","21.1603","sch,gn",Θέρμη - Πολύγυρος - Βασιλικά - Θεσσαλονίκη - Ζαγκλιβέρι,"222","219",671.343139648438
"1110","22.9639","40.5684","19.8047","M4-Pli.st,m",- Θέρμη - Θεσσαλονίκη,"221","118",22.0772304534912
"1111","22.9972","40.5684","17.6914",M4-Pli.l,Θέρμη - Θεσσαλονίκη,"411","143",76.1754302978516
"1112","23.0305","40.5684","20.7229",M4-Pli.l,Θέρμη - Θεσσαλονίκη,"411","156",162.943252563477
"1113","22.9972","40.5351","8.551",H,Θέρμη - Θεσσαλονίκη,"111","110",11.4605045318604
"1114","22.9306","40.5018","12.12",H,Θέρμη - Θεσσαλονίκη,"111","123",20.927619934082
"1115","22.9639","40.5018","11.4099",H,Θέρμη - Θεσσαλονίκη,"111","117",16.9724082946777
"1116","22.9972","40.5018","3.921","M4.Pli,l",Πολύγυρος - Βασιλικά - Κασάνδρα - Επανωμή,"42","126",26.0298633575439
"1117","23.0638","40.5018","-5.3298",H.l,Θέρμη - Βασιλικά - Θεσσαλονίκη,"5","123",22.7977504730225
"1118","22.9306","40.4685","4.0666","M4-Pli.st,m",- Βασιλικά - Επανωμή - Θεσσαλονίκη,"221","151",137.193740844727
"1119","22.9639","40.4685","4.7534","M4-Pli.st,m",- Βασιλικά - Επανωμή - Θεσσαλονίκη,"221","148",101.662353515625
"1120","22.9972","40.4685","2.1259","M4-Pli.st,m",- Βασιλικά - Επανωμή - Θεσσαλονίκη,"221","158",177.012466430664
"1121","23.0305","40.4685","-4.6548","M4.Pli,l",Πολύγυρος - Βασιλικά - Κασάνδρα - Επανωμή,"42","151",122.637542724609
"1122","22.9306","40.4352","-14.3368","M4-Pli.st,m",- Βασιλικά - Επανωμή - Θεσσαλονίκη,"221","142",44.6926078796387
"1123","22.9639","40.4352","-10.2073","M4-Pli.st,m",- Βασιλικά - Επανωμή - Θεσσαλονίκη,"221","151",128.170059204102
"1124","22.9972","40.4352","-5.6762","M4-Pli.st,m",- Βασιλικά - Επανωμή - Θεσσαλονίκη,"221","153",149.552215576172
"1125","23.0305","40.4352","-7.4431","M4.Pli,l",Πολύγυρος - Βασιλικά - Κασάνδρα - Επανωμή,"42","167",223.978530883789
"1126","22.9639","40.4019","-11.8181","M4-Pli.st,m",- Βασιλικά - Επανωμή - Θεσσαλονίκη,"221","136",41.3923721313477
"1127","22.9972","40.4019","-7.4182","M4-Pli.st,m",- Βασιλικά - Επανωμή - Θεσσαλονίκη,"221","146",86.3479843139648
"1128","23.0305","40.4019","-7.1718","M4-Pli.st,m",- Βασιλικά - Επανωμή - Θεσσαλονίκη,"221","149",120.352432250977
"1129","23.2303","40.4019","-8.9865","M4.Pli,l",Πολύγυρος - Βασιλικά - Κασάνδρα - Επανωμή,"42","193",340.121978759766
"1130","23.3635","40.4019","9.1971","sch,gn",Θέρμη - Πολύγυρος - Βασιλικά - Θεσσαλονίκη - Ζαγκλιβέρι,"222","204",433.297302246094
"1131","22.9972","40.3686","-12.3735","M4-Pli.st,m",- Βασιλικά - Επανωμή - Θεσσαλονίκη,"221","125",25.3611755371094
"1132","23.0305","40.3686","-11.0105","M4-Pli.st,m",- Βασιλικά - Επανωμή - Θεσσαλονίκη,"221","145",83.3156585693359
"1133","23.3302","40.3686","5.5937","M4.Pli,l",Πολύγυρος - Βασιλικά - Κασάνδρα - Επανωμή,"42","175",238.564010620117
"1134","23.3302","40.3353","12.6143","M4.Pli,l",Πολύγυρος - Βασιλικά - Κασάνδρα - Επανωμή,"42","153",135.968704223633
"1135","22.8973","40.5018","10.1976",H,Θέρμη - Θεσσαλονίκη,"111","105",4.39704561233521
"1136","22.8307","40.5018","-0.8406","M4-Pli.st,m",- Βασιλικά - Επανωμή - Θεσσαλονίκη,"221","136",33.6471862792969
"1137","22.864","40.4685","-3.13","M4-Pli.st,m",- Βασιλικά - Επανωμή - Θεσσαλονίκη,"221","120",21.7188587188721
"1138","22.8973","40.4685","2.6406","M4-Pli.st,m",- Βασιλικά - Επανωμή - Θεσσαλονίκη,"221","148",119.746978759766
"1139","22.8973","40.4352","-12.6118","M4-Pli.st,m",- Βασιλικά - Επανωμή - Θεσσαλονίκη,"221","141",63.0895004272461
"1140","23.2969","40.2354","1.9583","M4.Pli,l",Πολύγυρος - Βασιλικά - Κασάνδρα - Επανωμή,"42","121",19.0015277862549
"1141","22.2646","41.1345","-17.8737",Tm-s-J.sch,- Σκρα - Προμάχοι,"2132","223",913.924682617188
"1142","22.2979","41.1345","-4.2731",Tm-s-J.sch,Σκρα,"2132","219",709.419677734375
"1143","22.3978","41.1345","-3.075",ο,- Σκρα,"222","216",533.5693359375
"1144","22.3645","41.1012","-5.0954",Tm-s-J.sch,- Γιαννιτσά - Σκρα,"323","217",612.22705078125
"1145","22.3978","41.1012","-3.5782",ο,- Σκρα,"222","195",386.372344970703
"1146","22.4311","41.1012","1.8395",ο,- Σκρα,"222","191",339.18408203125
"1147","22.3645","41.0679","-8.9542",Tm-s-J.sch,- Γιαννιτσά - Σκρα,"323","217",597.954040527344
"1148","22.3978","41.0679","-5.9272",ο,- Σκρα,"222","199",424.563751220703
"1149","22.4311","41.0679","-4.8745",ο,- Σκρα,"222","188",337.133697509766
"1150","22.3645","41.0346","-3.0461",Tm-s-J.sch,- Γιαννιτσά - Σκρα,"323","225",1107.01245117188
"1151","22.3978","41.0346","-2.1438",ο,- Σκρα,"222","213",540.738586425781
"1152","22.4311","41.0346","-4.6215",ο,- Σκρα,"222","190",351.816162109375
"1153","22.3645","41.0013","-0.6476","Js-Ks.mr,sch",- Γιαννιτσά - Σκρα,"2132","226",1132.53198242188
"1154","22.3978","41.0013","-0.594",θ,- Γιαννιτσά - Σκρα,"222","218",763.109069824219
"1155","22.4311","41.0013","-1.1516",ο,- Σκρα,"222","200",425.255401611328
"1156","22.2979","41.1012","-4.1491",Tm-s-J.mr,Σκρα,"2132","221",824.066040039062
"1157","22.3312","41.1012","-3.213",Tm-s-J.mr,Σκρα,"2132","225",967.115966796875
"1158","22.2646","41.1012","-9.8273",Pt,Σκρα,"311","216",552.607788085938
"1159","22.2646","41.0679","-5.2452",vol1-sch,- Σκρα,"222","223",912.70751953125
"1160","22.2646","41.0346","2.2474",Js,Σκρα,"323","226",1202.14282226562
"1161","22.4644","41.0346","-3.5612",Ng,Σκρα,"411","182",368.207672119141
"1162","22.2979","41.0346","-2.4173",Tm-s-J.sch,- Γιαννιτσά - Σκρα,"323","226",1198.24499511719
"1163","22.4977","41.0679","-0.0467",γ,- Εύζωνο- Σκρα,"222","178",254.211563110352
"1164","22.4977","41.0346","4.2367",μγ,- Εύζωνο- Σκρα,"223","164",216.762985229492
"1165","22.4977","41.0013","6.9532",Ms.c,- Γιαννιτσά - Κουφάλια - Εύζωνοι - Σκρα,"111","166",201.499771118164
"1166","22.4977","41.1012","7.2707","Pt.l,s",- Σκρα - Ευζώνοι,"111","149",103.199157714844
"1167","22.4644","41.1012","5.3579",γ,- Εύζωνο- Σκρα,"222","165",243.121154785156
"1168","22.4644","41.0679","-4.773",γ,- Εύζωνο- Σκρα,"222","173",327.786865234375
"1169","22.198","41.1345","-10.4798",J.vol,Προμάχοι,"413","228",1620.42321777344
"1170","22.198","41.1012","-15.4518",al1,- Προμάχοι,"111","217",584.756103515625
"1171","22.1647","41.1345","-4.4988","Js.sch,k",Προμάχοι,"323","227",1292.63415527344
"1172","22.1647","41.1012","-12.1424","Js.sch,k",Προμάχοι,"323","222",796.008422851562
"1173","22.2313","41.1345","-17.8097",Tm-s-J.mr,- Σκρα - Προμάχοι,"2132","228",1489.89733886719
"1174","22.0315","41.1345","0.6614",tf,Προμάχοι,"222","227",1479.10913085938
"1175","22.0648","41.1345","-5.0308",tf,Προμάχοι,"222","227",1313.09228515625
"1176","22.0981","41.1345","-5.8607",vol,Προμάχοι,"322","229",1656.48156738281
"1177","22.0315","41.1012","0.6539",K.fl2,Προμάχοι,"221","225",1001.14117431641
"1178","22.0648","41.1012","-3.5612","Ks.k,d",Προμάχοι,"2111","226",1222.19470214844
"1179","22.0981","41.1012","-6.2779",Js.σπ.κφ,Προμάχοι,"412","227",1626.28356933594
"1180","22.1314","41.1012","-8.4387",H.sc,Προμάχοι,"111","229",1500.75463867188
"1181","22.0648","41.0679","2.9033",σ,Προμάχοι,"222","223",847.640686035156
"1182","22.0981","41.0679","-1.1465","Ks.k,d",Προμάχοι,"2111","217",432.133880615234
"1183","22.1314","41.0679","-6.6509","Ks.k,d",Προμάχοι,"2111","222",868.956359863281
"1184","22.2313","41.1012","-15.2119",H.sc,- Προμάχοι,"111","216",564.133483886719
"1185","22.0315","41.0679","5.3879",σ,Προμάχοι,"222","213",548.056457519531
"1186","22.1647","41.0679","-9.836",H.sc,Προμάχοι,"111","197",374.708221435547
"1187","22.198","41.0679","-7.7753","Ks.k,d",Προμάχοι,"2111","210",401.1337890625
"1188","22.0315","41.0346","-0.077",H.sc,Προμάχοι,"311","192",382.152893066406
"1189","22.0648","41.0346","-0.7073",al,- Αρνίσσα - Έδεσσα - Προμάχοι,"111","157",181.431671142578
"1190","22.1647","41.0346","-8.1429",al,- Προμάχοι,"121","159",193.275436401367
"1191","22.1647","41.0013","-10.1068",al,- Αρνίσσα - Έδεσσα - Προμάχοι,"111","154",157.311660766602
"1192","22.0981","41.0346","-3.6134",al,- Αρνίσσα - Έδεσσα - Προμάχοι,"111","157",181.544891357422
"1193","22.198","41.0346","-0.4758",al,- Αρνίσσα - Έδεσσα - Προμάχοι,"111","171",258.899505615234
"1194","22.2313","41.0346","4.8008",T-Ji.mr.sp,- Έδεσσα - Γιαννιτσά - Σκρα - Προμάχοι,"2132","220",771.99658203125
"1195","22.6975","41.0346","3.126","σ, δ",- Κουφάλια - Εύζωνοι,"222","143",69.1040954589844
"1196","22.6975","41.0013","3.7247","σ, δ",- Κουφάλια - Εύζωνοι,"222","154",156.183578491211
"1197","22.6309","41.0013","-3.0762",Hl.l,- Κουφάλια - Εύζωνοι,"5","120",19.770528793335
"1198","22.6975","40.8348","1.098","Pt.l,s",- Κουφάλια - Κιλκίς - Εύζωνοι,"111","140",54.1438751220703
"1199","22.7308","40.8348","3.1519","Ms-Plι.s,c",- Θέρμη - Θεσσαλονίκη - Κουφάλια - Κιλκίς,"311","144",83.6123275756836
"1200","22.7641","40.8348","4.3003","Pt.l,s",- Κουφάλια - Κιλκίς - Εύζωνοι,"111","144",85.1039047241211
"1201","22.6642","40.8015","2.5995","Ms-Plι.s,c",- Θέρμη - Θεσσαλονίκη - Κουφάλια - Κιλκίς,"311","143",74.1437377929688
"1202","22.6975","40.8015","2.148","Ms-Plι.s,c",- Θέρμη - Θεσσαλονίκη - Κουφάλια - Κιλκίς,"311","151",125.677963256836
"1203","22.7308","40.8015","5.2692","Ms-Plι.s,c",- Θέρμη - Θεσσαλονίκη - Κουφάλια - Κιλκίς,"311","155",172.58381652832
"1204","22.7641","40.8015","10.0726","Ms-Plι.s,c",- Θέρμη - Θεσσαλονίκη - Κουφάλια - Κιλκίς,"311","164",229.642608642578
"1205","22.7974","40.8015","13.7341","Ms-Plι.s,c",- Θέρμη - Θεσσαλονίκη - Κουφάλια - Κιλκίς,"311","149",142.266418457031
"1206","22.6642","40.7682","4.3467","Ms-Plι.s,c",- Θέρμη - Θεσσαλονίκη - Κουφάλια - Κιλκίς,"311","147",118.338668823242
"1207","22.6975","40.7682","5.6084","Ms-Plι.s,c",- Θέρμη - Θεσσαλονίκη - Κουφάλια - Κιλκίς,"311","144",66.7436599731445
"1208","22.7308","40.7682","10.7287","Ms-Plι.s,c",- Θέρμη - Θεσσαλονίκη - Κουφάλια - Κιλκίς,"311","147",113.484527587891
"1209","22.7641","40.7682","17.8005","Ms-Plι.s,c",- Θέρμη - Θεσσαλονίκη - Κουφάλια - Κιλκίς,"311","152",164.77815246582
"1210","22.7974","40.7682","22.385","Ms-Plι.s,c",- Θέρμη - Θεσσαλονίκη - Κουφάλια - Κιλκίς,"311","146",120.12174987793
"1211","22.3978","40.968","-2.3967",Js-vol,- Γιαννιτσά - Σκρα,"222","214",500.773529052734
"1212","22.4644","40.968","3.1762",Ms,- Πλατύ - Γιαννιτσά - Κουφάλια,"311","156",176.641235351562
"1213","22.4977","40.968","2.9306",Ms.c,- Γιαννιτσά - Κουφάλια - Εύζωνοι - Σκρα,"111","145",99.5143890380859
"1214","22.4644","40.8348","1.1891",Ms,- Πλατύ - Γιαννιτσά - Κουφάλια,"311","152",144.506927490234
"1215","22.4977","40.8348","-2.6451",Ms,- Πλατύ - Γιαννιτσά - Κουφάλια,"311","154",180.673614501953
"1216","22.4644","40.8015","-2.7157",Ms,- Πλατύ - Γιαννιτσά - Κουφάλια,"311","147",99.1795959472656
"1217","22.4977","40.8015","-3.8542",Ms,- Πλατύ - Γιαννιτσά - Κουφάλια,"311","149",103.629425048828
"1218","22.3645","40.7682","9.3939",H,- Βέροια - Αλεξάνδρεια - Πλατύ - Έδεσσα - Γιαννιτσά - Κουφάλια,"111","104",4.57651042938232
"1219","22.3978","40.7682","1.5417",H,- Βέροια - Αλεξάνδρεια - Πλατύ - Έδεσσα - Γιαννιτσά - Κουφάλια,"111","105",4.91319799423218
"1220","22.3645","40.7349","13.8716",H.lk,- Αλεξάνδρεια - Πλατύ - Γιαννιτσά,"42","102",2.70622968673706
"1221","22.3978","40.7349","5.2649",H.lk,- Αλεξάνδρεια - Πλατύ - Γιαννιτσά,"42","101",0.822770237922668
"1222","22.4311","40.7349","-0.3397",H.lk,- Αλεξάνδρεια - Πλατύ - Γιαννιτσά,"42","101",1.78580331802368
"1223","22.4644","40.7349","-1.5701",H.lk,- Αλεξάνδρεια - Πλατύ - Γιαννιτσά,"42","103",3.06371021270752
"1224","22.4977","40.7349","-2.5868",H,- Βέροια - Αλεξάνδρεια - Πλατύ - Έδεσσα - Γιαννιτσά - Κουφάλια,"111","103",3.71297121047974
"1225","22.2646","40.7349","14.2322",H,- Βέροια - Αλεξάνδρεια - Πλατύ - Έδεσσα - Γιαννιτσά - Κουφάλια,"111","112",12.2730779647827
"1226","22.2979","40.7349","23.949",H,- Βέροια - Αλεξάνδρεια - Πλατύ - Έδεσσα - Γιαννιτσά - Κουφάλια,"111","109",9.11347484588623
"1227","22.3312","40.7349","21.4364",H.lk,- Αλεξάνδρεια - Πλατύ - Γιαννιτσά,"42","106",6.21369171142578
"1228","22.2646","40.7016","10.9797",H,- Βέροια - Αλεξάνδρεια - Πλατύ - Έδεσσα - Γιαννιτσά - Κουφάλια,"111","109",9.78096389770508
"1229","22.2979","40.7016","21.7491",H.lk,- Αλεξάνδρεια - Πλατύ - Γιαννιτσά,"42","107",7.81045341491699
"1230","22.3312","40.7016","19.3336",H.lk,- Αλεξάνδρεια - Πλατύ - Γιαννιτσά,"42","105",5.22065734863281
"1231","22.3645","40.7016","11.7986",H.lk,- Αλεξάνδρεια - Πλατύ - Γιαννιτσά,"42","102",1.39038491249084
"1232","22.3978","40.7016","3.9744",H.lk,- Αλεξάνδρεια - Πλατύ - Γιαννιτσά,"42","102",1.61805784702301
"1233","22.4311","40.7016","-1.3994",H.lk,- Αλεξάνδρεια - Πλατύ - Γιαννιτσά,"42","101",2.19685983657837
"1234","22.4644","40.7016","-3.4684",H.lk,- Αλεξάνδρεια - Πλατύ - Γιαννιτσά,"42","103",3.38035178184509
"1235","22.4977","40.7016","-3.8852",H.lk,- Αλεξάνδρεια - Πλατύ - Γιαννιτσά,"42","102",1.90123963356018
"1236","22.2979","40.6683","17.6371",H.lk,- Αλεξάνδρεια - Πλατύ - Γιαννιτσά,"42","102",2.89854311943054
"1237","22.3312","40.6683","13.0303",H.lk,- Αλεξάνδρεια - Πλατύ - Γιαννιτσά,"42","102",1.87919163703918
"1238","22.3645","40.6683","5.4222",H.lk,- Αλεξάνδρεια - Πλατύ - Γιαννιτσά,"42","103",3.13984417915344
"1239","22.3978","40.6683","-1.3296",H.lk,- Αλεξάνδρεια - Πλατύ - Γιαννιτσά,"42","102",2.39008617401123
"1240","22.4311","40.6683","-5.1511",H.lk,- Αλεξάνδρεια - Πλατύ - Γιαννιτσά,"42","105",3.84457492828369
"1241","22.4644","40.6683","-6.2466",H.lk,- Αλεξάνδρεια - Πλατύ - Γιαννιτσά,"42","104",3.95440578460693
"1242","22.4977","40.6683","-5.8024",H.lk,- Αλεξάνδρεια - Πλατύ - Γιαννιτσά,"42","102",1.16820526123047
"1243","22.2646","40.635","7.4419",H,- Βέροια - Αλεξάνδρεια - Πλατύ - Έδεσσα - Γιαννιτσά - Κουφάλια,"111","104",2.99410319328308
"1244","22.2979","40.635","9.0588",H.lk,- Αλεξάνδρεια - Πλατύ - Γιαννιτσά,"42","103",3.31667494773865
"1245","22.3312","40.635","5.3147",H.lk,- Αλεξάνδρεια - Πλατύ - Γιαννιτσά,"42","103",3.22542428970337
"1246","22.3645","40.635","-1.9395",H.lk,- Αλεξάνδρεια - Πλατύ - Γιαννιτσά,"42","105",4.80521631240845
"1247","22.3978","40.635","-8.6275",H,- Βέροια - Αλεξάνδρεια - Πλατύ - Έδεσσα - Γιαννιτσά - Κουφάλια,"111","106",5.41830396652222
"1248","22.4311","40.635","-11.5518",H,- Βέροια - Αλεξάνδρεια - Πλατύ - Έδεσσα - Γιαννιτσά - Κουφάλια,"111","108",7.08435010910034
"1249","22.4644","40.635","-10.7606",H,- Βέροια - Αλεξάνδρεια - Πλατύ - Έδεσσα - Γιαννιτσά - Κουφάλια,"111","104",4.3200216293335
"1250","22.4977","40.635","-8.3671",H,- Βέροια - Αλεξάνδρεια - Πλατύ - Έδεσσα - Γιαννιτσά - Κουφάλια,"111","105",7.07039070129395
"1251","22.4977","40.5684","-6.9795",H,- Βέροια - Αλεξάνδρεια - Πλατύ - Έδεσσα - Γιαννιτσά - Κουφάλια,"111","106",6.44943523406982
"1252","22.4977","40.5351","-2.1536",Ms-Pli.k,- Κατερίνη - Κολινδρός - Αλεξάνδρεια - Πλατύ,"411","152",161.977661132812
"1253","22.3645","40.5018","3.7993",H,- Κατερίνη - Κολινδρός - Αλεξάνδρεια - Πλατύ,"111","138",45.6316566467285
"1254","22.4311","40.5018","8.0034",Ms-Pli.k,- Κατερίνη - Κολινδρός - Αλεξάνδρεια - Πλατύ,"411","156",198.944961547852
"1255","22.4977","40.5018","1.3652",Ms-Pli.k,- Κατερίνη - Κολινδρός - Αλεξάνδρεια - Πλατύ,"411","143",61.769832611084
"1256","22.4977","40.4685","3.2822",Ms-Pli.k,- Κατερίνη - Κολινδρός - Αλεξάνδρεια - Πλατύ,"411","162",234.56916809082
"1257","22.4977","40.4352","6.1909",M.sq.c,- Κατερίνη - Κολινδρός,"111","148",115.951026916504
"1258","22.4977","40.4019","10.0756","Ms-Pli.s,l",- Κατερίνη - Κολινδρός,"211","164",230.652313232422
"1259","22.531","40.4019","5.2084","Ms-Pli.s,l",- Κατερίνη - Κολινδρός,"211","148",115.828186035156
"1260","22.4977","40.3686","15.2265","Ms-Pli.s,l",- Κατερίνη - Κολινδρός,"211","159",157.571640014648
"1261","22.4977","40.302","12.5337","Ms-Pli.s,l",- Κατερίνη - Κολινδρός,"211","142",64.0759353637695
"1262","22.531","40.302","11.6199",al,- Λιτόχωρο - Κονταριώτισα - Κατερίνη - Κολινδρός,"111","135",38.7144927978516
"1263","22.5643","40.302","8.9241",al,- Λιτόχωρο - Κονταριώτισα - Κατερίνη - Κολινδρός,"111","122",21.3006553649902
"1264","22.4977","40.2687","3.0455",al,- Λιτόχωρο - Κονταριώτισα - Κατερίνη - Κολινδρός,"111","137",39.6995124816895
"1265","22.4644","41.0013","1.6248",γ,- Γιαννιτσά - Σκρα,"222","172",302.257934570312
"1266","22.2979","41.0679","-7.8076",Tm-s-J.sch,- Γιαννιτσά - Σκρα,"323","225",1069.92358398438
"1267","22.3312","41.0679","-9.6322",Tm-s-J.sch,- Γιαννιτσά - Σκρα,"323","225",1055.17565917969
"1268","22.3312","41.0346","-4.4831",Tm-s-J.sch,- Γιαννιτσά - Σκρα,"323","226",1129.82873535156
"1269","22.2646","41.0013","4.0317","J.mr,sch",- Γιαννιτσά - Σκρα,"413","226",1325.81689453125
"1270","22.2979","41.0013","0.9963",Tm-s-J.sch,- Γιαννιτσά - Σκρα,"323","226",1228.998046875
"1271","22.3312","41.0013","-0.8841",Tm-s-J.sch,- Γιαννιτσά - Σκρα,"323","226",1319.2802734375
"1272","22.198","41.0013","-1.5683",K5-9.k.d,- Έδεσσα - Γιαννιτσά - Προμάχοι,"2111","218",676.221496582031
"1273","22.2313","41.0013","3.9134",T-Ji.mr.sp,- Έδεσσα - Γιαννιτσά - Σκρα - Προμάχοι,"2132","226",1222.01647949219
"1274","22.198","40.968","-3.1513",K5-9.k.d,- Έδεσσα - Γιαννιτσά - Προμάχοι,"2111","217",658.77197265625
"1275","22.2313","40.968","-3.691",K5-9.k.d,- Έδεσσα - Γιαννιτσά - Προμάχοι,"2111","225",1032.45703125
"1276","22.2313","40.9347","-9.4157",K5-9.k.d,- Έδεσσα - Γιαννιτσά - Προμάχοι,"2111","219",768.32958984375
"1277","22.2313","40.9014","-3.8101",K5-9.k.d,- Έδεσσα - Γιαννιτσά - Προμάχοι,"2111","205",395.116088867188
"1278","22.2646","40.9014","-7.413",K5-9.k.d,- Έδεσσα - Γιαννιτσά - Προμάχοι,"2111","223",801.779418945312
"1279","21.9649","41.0346","-7.6572",tf,Βιτολίστε,"412","227",1463.01196289062
"1280","21.9982","41.0346","-2.4551",T-J.sch,- Βιτολίστε - Προμάχοι,"413","215",622.490112304688
"1281","22.1314","41.0346","-8.0537",al,- Αρνίσσα - Έδεσσα - Προμάχοι,"111","153",153.632049560547
"1282","21.9649","41.0013","-4.637",Pz?-T.gn,- Αρνίσσα - Βιτολίστε,"413","217",584.696655273438
"1283","21.9982","41.0013","-6.6108",al,- Αρνίσσα - Βιτολίστε - Προμάχοι _,"311","178",298.931640625
"1284","22.0315","41.0013","-12.2448",al,- Αρνίσσα - Έδεσσα - Προμάχοι,"111","154",162.913284301758
"1285","22.0648","41.0013","-14.0972",al,- Αρνίσσα - Έδεσσα - Προμάχοι,"111","151",134.74739074707
"1286","22.0981","41.0013","-12.6024",al,- Αρνίσσα - Έδεσσα - Προμάχοι,"111","151",126.393692016602
"1287","22.1314","41.0013","-12.2747",al,- Αρνίσσα - Έδεσσα - Προμάχοι,"111","151",134.81689453125
"1288","22.2313","41.0679","-4.7685","σπ,κφ",- Σκρα - Προμάχοι,"222","218",641.513977050781
"1289","22.531","41.0013","7.8679",Ms.c,- Γιαννιτσά - Κουφάλια - Εύζωνοι - Σκρα,"111","150",120.501876831055
"1290","22.198","40.8015","15.3952",H,- Βέροια - Αλεξάνδρεια - Πλατύ - Έδεσσα - Γιαννιτσά - Κουφάλια,"111","129",27.4161052703857
"1291","22.1314","40.7682","7.5724",H,- Βέροια - Αλεξάνδρεια - Πλατύ - Έδεσσα - Γιαννιτσά - Κουφάλια,"111","137",44.1208915710449
"1292","22.1647","40.7682","3.9494",H,- Βέροια - Αλεξάνδρεια - Πλατύ - Έδεσσα - Γιαννιτσά - Κουφάλια,"111","129",30.4288024902344
"1293","22.198","40.7682","4.8338",H,- Βέροια - Αλεξάνδρεια - Πλατύ - Έδεσσα - Γιαννιτσά - Κουφάλια,"111","123",23.3705921173096
"1294","22.2313","40.7682","14.5027",H,- Βέροια - Αλεξάνδρεια - Πλατύ - Έδεσσα - Γιαννιτσά - Κουφάλια,"111","119",19.2703094482422
"1295","22.2646","40.7682","23.1429",H,- Βέροια - Αλεξάνδρεια - Πλατύ - Έδεσσα - Γιαννιτσά - Κουφάλια,"111","116",16.9066600799561
"1296","22.2979","40.7682","22.7589",H,- Βέροια - Αλεξάνδρεια - Πλατύ - Έδεσσα - Γιαννιτσά - Κουφάλια,"111","111",11.3070554733276
"1297","22.3312","40.7682","16.9041",H,- Βέροια - Αλεξάνδρεια - Πλατύ - Έδεσσα - Γιαννιτσά - Κουφάλια,"111","107",7.04671382904053
"1298","22.198","40.7349","-19.602",H,- Βέροια - Αλεξάνδρεια - Πλατύ - Έδεσσα - Γιαννιτσά - Κουφάλια,"111","118",17.1060924530029
"1299","22.2313","40.7349","-6.7729",H,- Βέροια - Αλεξάνδρεια - Πλατύ - Έδεσσα - Γιαννιτσά - Κουφάλια,"111","114",14.1406087875366
"1300","22.198","40.7016","-26.6352",H,- Βέροια - Αλεξάνδρεια - Πλατύ - Έδεσσα - Γιαννιτσά - Κουφάλια,"111","115",14.5235118865967
"1301","22.2313","40.7016","-11.9865",H,- Βέροια - Αλεξάνδρεια - Πλατύ - Έδεσσα - Γιαννιτσά - Κουφάλια,"111","112",11.8566217422485
"1302","22.531","40.7016","-4.5718",H,- Βέροια - Αλεξάνδρεια - Πλατύ - Έδεσσα - Γιαννιτσά - Κουφάλια,"111","104",4.35639095306396
"1303","22.5643","40.7016","-6.8562",H,- Βέροια - Αλεξάνδρεια - Πλατύ - Έδεσσα - Γιαννιτσά - Κουφάλια,"111","105",5.9660439491272
"1304","22.5976","40.7016","-9.4986",H,- Βέροια - Αλεξάνδρεια - Πλατύ - Έδεσσα - Γιαννιτσά - Κουφάλια,"111","107",8.65017890930176
"1305","22.2646","40.6017","-0.4698",H,- Βέροια - Αλεξάνδρεια - Πλατύ - Έδεσσα - Γιαννιτσά - Κουφάλια,"111","109",9.1767635345459
"1306","22.2979","40.6017","3.4688",H,- Βέροια - Αλεξάνδρεια - Πλατύ - Έδεσσα - Γιαννιτσά - Κουφάλια,"111","107",6.81633472442627
"1307","22.3312","40.6017","1.876",H,- Βέροια - Αλεξάνδρεια - Πλατύ - Έδεσσα - Γιαννιτσά - Κουφάλια,"111","109",8.92286682128906
"1308","22.4977","40.6017","-9.6715",H,- Βέροια - Αλεξάνδρεια - Πλατύ - Έδεσσα - Γιαννιτσά - Κουφάλια,"111","107",6.43485116958618
"1309","22.0648","40.5018","-1.082",T-Ji.k,- Βελβεντός - Κοζάνη - Βέροια,"2111","225",1070.15002441406
"1310","22.1647","40.5018","2.4834",Ks.k,- Βελβεντός - Βέροια,"2211","209",414.427062988281
"1311","22.6975","40.8681","4.2811","Pt.l,s",- Κουφάλια - Κιλκίς - Εύζωνοι,"111","127",26.4211292266846
"1312","22.7308","40.8681","7.3771","Pt.l,s",- Κουφάλια - Κιλκίς - Εύζωνοι,"111","132",33.9285736083984
"1313","23.3968","41.2344","-0.9166","Pl.st,l",Σιδηρόκαστρο,"311","152",107.482162475586
"1314","23.4634","41.2011","10.4382",gn-μν,- Αχλαδοχώριον - Νέο Πετρίτσιον - Σιδηρόκαστρο - Σέρραι,"222","219",610.44775390625
"1315","23.3635","41.2011","-12.4133",H.al,- Σοχός - Σιτοχώριον - Ροδολίβος - Νέο Πετρίτσιον - Πόροια -  - Σιδηρόκαστρο - Κερκίνη - Σέρραι - Προσοτσάνη,"111","135",41.5708351135254
"1316","23.3968","41.2011","-3.5185","Pl.st,l",Σιδηρόκαστρο,"121","148",108.910766601562
"1317","23.4301","41.2011","5.9828","Pl.c,st",Σιδηρόκαστρο,"121","176",213.700775146484
"1318","23.4301","41.1678","-2.9335","Pl.st,l",Σιδηρόκαστρο,"121","154",189.424987792969
"1319","23.4634","41.1678","2.2158","Pl.c,st",- Σιδηρόκαστρο - Σέρραι,"111","182",283.377655029297
"1320","23.4301","41.1345","-10.8341",H.al,Σιδηρόκαστρο,"121","140",51.0235481262207
"1321","23.4634","41.1345","-3.5284","M-Pl.st,l,k",Σιδηρόκαστρο,"221","154",144.147552490234
"1322","23.3968","41.1678","-10.6222","H.cs,sc",Σιδηρόκαστρο,"311","131",35.096794128418
"1323","23.3302","41.1345","-18.006",H.al,- Σοχός - Σιτοχώριον - Ροδολίβος - Νέο Πετρίτσιον - Πόροια -  - Σιδηρόκαστρο - Κερκίνη - Σέρραι - Προσοτσάνη,"111","127",27.6646709442139
"1324","23.3968","41.1345","-18.2042","H.s,l",Σιδηρόκαστρο,"121","124",24.6164493560791
"1325","23.4967","41.1012","-1.0519","Pt.cs,sc2",Σιδηρόκαστρο,"311","142",64.2369537353516
"1326","23.4634","41.0679","-22.6473",H.s.l,Σιδηρόκαστρο,"121","114",14.5107765197754
"1327","23.2636","41.0346","20.0233",gn,Θέρμη - Ζαγκλιβέρι - Κιλκίς - Λαχανάς - Σοχός - Χέρσον - Καστανούσα - Κερκίνη - Σιδηρόκαστρο,"323","169",231.189453125
"1328","23.197","41.0013","15.9183",gn,Θέρμη - Ζαγκλιβέρι - Κιλκίς - Λαχανάς - Σοχός - Χέρσον - Καστανούσα - Κερκίνη - Σιδηρόκαστρο,"323","216",566.787170410156
"1329","23.2303","41.0013","21.9322",ab-gn2,- Λαχανάς - Σοχός - Κερκίνη,"323","202",385.411682128906
"1330","21.9316","41.1012","-2.4851",vol,Βιτολίστε,"222","228",1717.81591796875
"1331","21.9649","41.1012","-0.0523",vol,Βιτολίστε,"222","225",1125.84069824219
"1332","21.9316","41.0679","-13.6556",vol,Βιτολίστε,"222","226",1185.70715332031
"1333","21.9649","41.0679","-8.4412",tf,- Προμάχοι - Βιτολίστε,"222","226",1203.2177734375
"1334","21.9316","41.0346","-12.3743",Js-Ki.st,Βιτολίστε,"223","227",1464.48547363281
"1335","21.8983","41.0346","-12.1087",tf,Βιτολίστε,"412","229",1711.31518554688
"1336","21.9316","41.0013","-7.414",T-Js.sch,- Αρνίσσα - Βιτολίστε,"322","221",772.760864257812
"1337","21.865","41.0013","-5.1683",T-Js?mr1d,- Αρνίσσα - Βιτολίστε,"2132","225",1177.89270019531
"1338","21.8983","41.0013","-8.8899",Ki.st,- Βιτολίστε,"311","226",1222.34777832031
"1339","21.9982","41.1012","2.6691",vol,- Προμάχοι - Βιτολίστε,"222","224",929.870239257812
"1340","21.9982","41.0679","-0.6808","Js,sch",- Προμάχοι - Βιτολίστε,"413","226",1283.64086914062
"1341","22.7974","41.3343","-5.0135",γ,Καστανούσα - Πόροια,"222","227",1362.49523925781
"1342","22.7641","41.301","-1.3311",γ,Καστανούσα - Πόροια,"222","215",542.830871582031
"1343","22.7974","41.301","-8.6272",γ,Καστανούσα - Πόροια,"222","208",525.673645019531
"1344","22.8307","41.301","-9.1766",Q.cs4,Καστανούσα - Πόροια,"221","195",400.851196289062
"1345","22.8973","41.3343","6.0723",ab,Καστανούσα - Πόροια,"323","228",1575.48803710938
"1346","22.864","41.301","-2.6979",Q.cs3,Καστανούσα - Πόροια,"42","200",425.614440917969
"1347","22.9306","41.301","0.7457",Q.cs3,Καστανούσα - Πόροια,"42","198",420.439880371094
"1348","23.1637","41.301","3.2638",gn2,- Νέο Πετρίτσιον - Καστανούσα - Πόροια,"323","223",969.91796875
"1349","23.0305","41.301","-5.6467",ab,Καστανούσα - Πόροια,"413","222",915.290283203125
"1350","23.197","41.301","9.7855",gn2,- Νέο Πετρίτσιον - Καστανούσα - Πόροια,"323","223",842.554443359375
"1351","23.1637","41.2677","-5.2953",Q.cs2,Καστανούσα - Πόροια,"111","146",116.715766906738
"1352","23.197","41.2677","-5.0612",Q.cs2,Καστανούσα - Πόροια,"111","146",123.186828613281
"1353","23.1304","41.2677","-3.8663",Q.cs3,Καστανούσα - Πόροια,"42","148",137.203323364258
"1354","23.0971","41.2677","-0.6523",Q.cs3,Καστανούσα - Πόροια,"42","152",168.091888427734
"1355","23.0971","41.2344","10.8237",H.al,- Χέρσον - Κερκίνη,"111","131",32.4339981079102
"1356","23.1304","41.2344","6.4658","H.s,l",Καστανούσα - Πόροια - Κερκίνη,"42","132",33.5
"1357","23.197","41.2344","-1.7075",H.al,- Σοχός - Σιτοχώριον - Ροδολίβος - Νέο Πετρίτσιον - Πόροια -  - Σιδηρόκαστρο - Κερκίνη - Σέρραι - Προσοτσάνη,"111","131",31.0798683166504
"1358","23.2303","41.2344","-5.8987",H.al,- Σοχός - Σιτοχώριον - Ροδολίβος - Νέο Πετρίτσιον - Πόροια -  - Σιδηρόκαστρο - Κερκίνη - Σέρραι - Προσοτσάνη,"111","132",34.3866119384766
"1359","23.0971","41.2011","17.9179",water_surf,Καστανούσα- Πόροια - Κερκίνη,"0","132",33.5
"1360","23.1304","41.2011","13.9468",water_surf,Καστανούσα- Πόροια - Κερκίνη,"0","132",33.5
"1361","23.1637","41.2011","9.3366",water_surf,Καστανούσα- Πόροια - Κερκίνη,"0","132",33.5
"1362","23.197","41.2011","3.1385",H.al,- Σοχός - Σιτοχώριον - Ροδολίβος - Νέο Πετρίτσιον - Πόροια -  - Σιδηρόκαστρο - Κερκίνη - Σέρραι - Προσοτσάνη,"111","130",30.3031482696533
"1363","23.2303","41.2011","-4.465",H.al,- Σοχός - Σιτοχώριον - Ροδολίβος - Νέο Πετρίτσιον - Πόροια -  - Σιδηρόκαστρο - Κερκίνη - Σέρραι - Προσοτσάνη,"111","132",34.0223541259766
"1364","23.2303","41.1678","-5.5694",H.al,- Σοχός - Σιτοχώριον - Ροδολίβος - Νέο Πετρίτσιον - Πόροια -  - Σιδηρόκαστρο - Κερκίνη - Σέρραι - Προσοτσάνη,"111","129",28.8936405181885
"1365","22.8973","41.301","2.3621",Q.cs2,Καστανούσα - Πόροια,"111","201",418.421508789062
"1366","22.9639","41.301","-4.2774",Q.cs2,Καστανούσα - Πόροια,"111","194",393.730743408203
"1367","22.9972","41.301","-6.1897",gn2,- Νέο Πετρίτσιον - Καστανούσα - Πόροια,"323","215",575.720642089844
"1368","23.0638","41.301","-6.0109",gn2,- Νέο Πετρίτσιον - Καστανούσα - Πόροια,"323","221",807.630126953125
"1369","23.0971","41.301","-6.3965",gn2,- Νέο Πετρίτσιον - Καστανούσα - Πόροια,"323","224",1098.82458496094
"1370","23.1304","41.301","-3.6298",gn2,- Νέο Πετρίτσιον - Καστανούσα - Πόροια,"323","224",1116.57397460938
"1371","22.7974","41.2677","-3.8015",Q.cs1,Καστανούσα - Πόροια,"111","159",194.227767944336
"1372","22.8307","41.2677","-4.5893",Q.cs1,Καστανούσα - Πόροια,"111","160",205.989685058594
"1373","22.864","41.2677","1.7537",Q.cs1,Καστανούσα - Πόροια,"111","162",219.691848754883
"1374","22.8973","41.2677","8.7141",gn,Θέρμη - Ζαγκλιβέρι - Κιλκίς - Λαχανάς - Σοχός - Χέρσον - Καστανούσα - Κερκίνη - Σιδηρόκαστρο,"323","176",308.385650634766
"1375","22.9306","41.2677","10.2988",Q.cs1,Καστανούσα - Πόροια,"111","153",147.132629394531
"1376","22.9639","41.2677","7.1946",Q.cs1,Καστανούσα - Πόροια,"111","149",128.723098754883
"1377","22.9972","41.2677","5.1309",Q.cs2,Καστανούσα - Πόροια,"111","147",108.162673950195
"1378","23.0305","41.2677","4.4101",Q.cs2,Καστανούσα - Πόροια,"111","155",185.347152709961
"1379","23.0638","41.2677","2.6466",Q.cs2,Καστανούσα - Πόροια,"111","147",112.722732543945
"1380","23.2303","41.2677","-5.7074",Q.cs2,- Νέο Πετρίτσιον - Πόροια,"121","139",54.3718757629395
"1381","23.2636","41.2677","-6.8119",Q.cs2,- Νέο Πετρίτσιον - Πόροια,"121","137",52.4887657165527
"1382","23.2969","41.2677","-6.1626",Q.cs2,- Νέο Πετρίτσιον - Πόροια,"121","140",57.731372833252
"1383","23.3302","41.2677","-4.1758",H.al,- Σοχός - Σιτοχώριον - Ροδολίβος - Νέο Πετρίτσιον - Πόροια -  - Σιδηρόκαστρο - Κερκίνη - Σέρραι - Προσοτσάνη,"111","139",45
"1384","23.3635","41.2677","-1.8409","Pl.st,l",- Νέο Πετρίτσιον - Σιδηρόκαστρο,"121","146",106.123779296875
"1385","23.3968","41.2677","2.1534","Pl.st,l",- Νέο Πετρίτσιον - Σιδηρόκαστρο,"121","160",211.461822509766
"1386","22.7974","41.2344","-0.4291","H.l,s",- Χέρσον - Καστανούσα,"121","154",153.639831542969
"1387","22.9639","41.2344","9.4796",gn,Θέρμη - Ζαγκλιβέρι - Κιλκίς - Λαχανάς - Σοχός - Χέρσον - Καστανούσα - Κερκίνη - Σιδηρόκαστρο,"323","189",298.462524414062
"1388","22.9972","41.2344","7.8159",gn,Θέρμη - Ζαγκλιβέρι - Κιλκίς - Λαχανάς - Σοχός - Χέρσον - Καστανούσα - Κερκίνη - Σιδηρόκαστρο,"323","150",108.236770629883
"1389","23.0305","41.2344","11.4759",H.al,- Χέρσον - Κερκίνη,"111","141",55.5425338745117
"1390","23.0638","41.2344","13.2811",H.al,- Χέρσον - Κερκίνη,"111","136",43.6464004516602
"1391","23.2636","41.2344","-10.2135",H.al,- Σοχός - Σιτοχώριον - Ροδολίβος - Νέο Πετρίτσιον - Πόροια -  - Σιδηρόκαστρο - Κερκίνη - Σέρραι - Προσοτσάνη,"111","134",37.1994552612305
"1392","23.2969","41.2344","-13.2389",H.al,- Σοχός - Σιτοχώριον - Ροδολίβος - Νέο Πετρίτσιον - Πόροια -  - Σιδηρόκαστρο - Κερκίνη - Σέρραι - Προσοτσάνη,"111","136",41.1398429870605
"1393","23.3302","41.2344","-13.4732",H.al,- Σοχός - Σιτοχώριον - Ροδολίβος - Νέο Πετρίτσιον - Πόροια -  - Σιδηρόκαστρο - Κερκίνη - Σέρραι - Προσοτσάνη,"111","137",44.0294342041016
"1394","23.3635","41.2344","-9.4122",H.al,- Σοχός - Σιτοχώριον - Ροδολίβος - Νέο Πετρίτσιον - Πόροια -  - Σιδηρόκαστρο - Κερκίνη - Σέρραι - Προσοτσάνη,"111","141",60.835319519043
"1395","22.7974","41.2011","-1.6609",Pt.t-Pt.l.s,- Χέρσον - Εύζωνοι,"111","156",164.148635864258
"1396","22.8307","41.2011","4.9266",gn,Θέρμη - Ζαγκλιβέρι - Κιλκίς - Λαχανάς - Σοχός - Χέρσον - Καστανούσα - Κερκίνη - Σιδηρόκαστρο,"323","190",335.4794921875
"1397","22.8973","41.2011","14.7141",gn,Θέρμη - Ζαγκλιβέρι - Κιλκίς - Λαχανάς - Σοχός - Χέρσον - Καστανούσα - Κερκίνη - Σιδηρόκαστρο,"323","216",529.221740722656
"1398","22.9306","41.2011","9.9095",gn,Θέρμη - Ζαγκλιβέρι - Κιλκίς - Λαχανάς - Σοχός - Χέρσον - Καστανούσα - Κερκίνη - Σιδηρόκαστρο,"323","215",610.538146972656
"1399","22.9639","41.2011","3.5308",gn,Θέρμη - Ζαγκλιβέρι - Κιλκίς - Λαχανάς - Σοχός - Χέρσον - Καστανούσα - Κερκίνη - Σιδηρόκαστρο,"323","208",399.867736816406
"1400","22.9972","41.2011","4.5987",gn,Θέρμη - Ζαγκλιβέρι - Κιλκίς - Λαχανάς - Σοχός - Χέρσον - Καστανούσα - Κερκίνη - Σιδηρόκαστρο,"323","185",372.269012451172
"1401","23.0638","41.2011","18.4391",gn,Θέρμη - Ζαγκλιβέρι - Κιλκίς - Λαχανάς - Σοχός - Χέρσον - Καστανούσα - Κερκίνη - Σιδηρόκαστρο,"323","148",168.436141967773
"1402","23.2636","41.2011","-11.3204",H.al,- Σοχός - Σιτοχώριον - Ροδολίβος - Νέο Πετρίτσιον - Πόροια -  - Σιδηρόκαστρο - Κερκίνη - Σέρραι - Προσοτσάνη,"111","132",34.3309020996094
"1403","23.2969","41.2011","-15.7875",H.al,- Σοχός - Σιτοχώριον - Ροδολίβος - Νέο Πετρίτσιον - Πόροια -  - Σιδηρόκαστρο - Κερκίνη - Σέρραι - Προσοτσάνη,"111","133",37.2970695495605
"1404","23.3302","41.2011","-16.6606",H.al,- Σοχός - Σιτοχώριον - Ροδολίβος - Νέο Πετρίτσιον - Πόροια -  - Σιδηρόκαστρο - Κερκίνη - Σέρραι - Προσοτσάνη,"111","134",37.4409294128418
"1405","22.7974","41.1678","-1.1233",Pt.t-Pt.l.s,- Χέρσον - Εύζωνοι,"111","160",185.830825805664
"1406","22.9306","41.1678","0.0722",gn,Θέρμη - Ζαγκλιβέρι - Κιλκίς - Λαχανάς - Σοχός - Χέρσον - Καστανούσα - Κερκίνη - Σιδηρόκαστρο,"323","213",501.539337158203
"1407","23.0305","41.1678","7.1852",gn,Θέρμη - Ζαγκλιβέρι - Κιλκίς - Λαχανάς - Σοχός - Χέρσον - Καστανούσα - Κερκίνη - Σιδηρόκαστρο,"323","216",554.643615722656
"1408","23.0638","41.1678","10.6516",gn,Θέρμη - Ζαγκλιβέρι - Κιλκίς - Λαχανάς - Σοχός - Χέρσον - Καστανούσα - Κερκίνη - Σιδηρόκαστρο,"323","187",277.849578857422
"1409","23.2636","41.1678","-11.7319",H.al,- Σοχός - Σιτοχώριον - Ροδολίβος - Νέο Πετρίτσιον - Πόροια -  - Σιδηρόκαστρο - Κερκίνη - Σέρραι - Προσοτσάνη,"111","130",30.3691120147705
"1410","23.2969","41.1678","-15.6686",H.al,- Σοχός - Σιτοχώριον - Ροδολίβος - Νέο Πετρίτσιον - Πόροια -  - Σιδηρόκαστρο - Κερκίνη - Σέρραι - Προσοτσάνη,"111","131",31.8463039398193
"1411","23.3302","41.1678","-17.9567",H.al,- Σοχός - Σιτοχώριον - Ροδολίβος - Νέο Πετρίτσιον - Πόροια -  - Σιδηρόκαστρο - Κερκίνη - Σέρραι - Προσοτσάνη,"111","131",33.7700157165527
"1412","23.3635","41.1678","-16.6676",H.al,- Σοχός - Σιτοχώριον - Ροδολίβος - Νέο Πετρίτσιον - Πόροια -  - Σιδηρόκαστρο - Κερκίνη - Σέρραι - Προσοτσάνη,"111","131",33.1123733520508
"1413","23.0971","41.1345","9.2674",gn,Θέρμη - Ζαγκλιβέρι - Κιλκίς - Λαχανάς - Σοχός - Χέρσον - Καστανούσα - Κερκίνη - Σιδηρόκαστρο,"323","220",775.891784667969
"1414","23.197","41.1345","3.9802",gn,Θέρμη - Ζαγκλιβέρι - Κιλκίς - Λαχανάς - Σοχός - Χέρσον - Καστανούσα - Κερκίνη - Σιδηρόκαστρο,"323","174",361.372436523438
"1415","23.2303","41.1345","-1.3088",water_surf,- Σοχός - Σιτοχώριο - Ροδολίβος - Κερκίνη - Σιδηρόκαστρο - Προσοτσάνη,"0","132",24.5
"1416","23.2636","41.1345","-6.0985",H.al,- Σοχός - Σιτοχώριον - Ροδολίβος - Νέο Πετρίτσιον - Πόροια -  - Σιδηρόκαστρο - Κερκίνη - Σέρραι - Προσοτσάνη,"111","125",26.2441024780273
"1417","23.2969","41.1345","-11.8333",H.al,- Σοχός - Σιτοχώριον - Ροδολίβος - Νέο Πετρίτσιον - Πόροια -  - Σιδηρόκαστρο - Κερκίνη - Σέρραι - Προσοτσάνη,"111","127",27.0481472015381
"1418","23.3635","41.1345","-21.0665",H.al,- Σοχός - Σιτοχώριον - Ροδολίβος - Νέο Πετρίτσιον - Πόροια -  - Σιδηρόκαστρο - Κερκίνη - Σέρραι - Προσοτσάνη,"111","127",27.512638092041
"1419","22.9972","41.1012","10.9882",gn,Θέρμη - Ζαγκλιβέρι - Κιλκίς - Λαχανάς - Σοχός - Χέρσον - Καστανούσα - Κερκίνη - Σιδηρόκαστρο,"323","195",384.638031005859
"1420","23.0305","41.1012","11.2466",gn,Θέρμη - Ζαγκλιβέρι - Κιλκίς - Λαχανάς - Σοχός - Χέρσον - Καστανούσα - Κερκίνη - Σιδηρόκαστρο,"323","204",421.711669921875
"1421","23.0638","41.1012","11.5702",gn,Θέρμη - Ζαγκλιβέρι - Κιλκίς - Λαχανάς - Σοχός - Χέρσον - Καστανούσα - Κερκίνη - Σιδηρόκαστρο,"323","215",541.693115234375
"1422","23.197","41.1012","5.4441",gn,Θέρμη - Ζαγκλιβέρι - Κιλκίς - Λαχανάς - Σοχός - Χέρσον - Καστανούσα - Κερκίνη - Σιδηρόκαστρο,"323","163",243.622650146484
"1423","23.2303","41.1012","5.5418",gn,Θέρμη - Ζαγκλιβέρι - Κιλκίς - Λαχανάς - Σοχός - Χέρσον - Καστανούσα - Κερκίνη - Σιδηρόκαστρο,"323","176",296.454284667969
"1424","23.2636","41.1012","3.2373",Pt.t2.s,- Σοχός - Κερκίνη - Σιδηρόκαστρο,"111","141",50.2232704162598
"1425","23.2969","41.1012","-4.917",H.al,- Σοχός - Σιτοχώριον - Ροδολίβος - Νέο Πετρίτσιον - Πόροια -  - Σιδηρόκαστρο - Κερκίνη - Σέρραι - Προσοτσάνη,"111","123",23.313570022583
"1426","23.3302","41.1012","-14.1523",H.al,- Σοχός - Σιτοχώριον - Ροδολίβος - Νέο Πετρίτσιον - Πόροια -  - Σιδηρόκαστρο - Κερκίνη - Σέρραι - Προσοτσάνη,"111","123",22.5707530975342
"1427","23.3635","41.1012","-20.8232",H.al,- Σοχός - Σιτοχώριον - Ροδολίβος - Νέο Πετρίτσιον - Πόροια -  - Σιδηρόκαστρο - Κερκίνη - Σέρραι - Προσοτσάνη,"111","123",22.5420265197754
"1428","23.3968","41.1012","-23.0162",H.al,- Σοχός - Σιτοχώριον - Ροδολίβος - Νέο Πετρίτσιον - Πόροια -  - Σιδηρόκαστρο - Κερκίνη - Σέρραι - Προσοτσάνη,"111","120",20.2646598815918
"1429","23.1304","41.0679","6.8976",gn,Θέρμη - Ζαγκλιβέρι - Κιλκίς - Λαχανάς - Σοχός - Χέρσον - Καστανούσα - Κερκίνη - Σιδηρόκαστρο,"323","218",649.709411621094
"1430","23.1637","41.0679","3.0798",gn,Θέρμη - Ζαγκλιβέρι - Κιλκίς - Λαχανάς - Σοχός - Χέρσον - Καστανούσα - Κερκίνη - Σιδηρόκαστρο,"323","202",441.677642822266
"1431","23.197","41.0679","6.2528",gn,Θέρμη - Ζαγκλιβέρι - Κιλκίς - Λαχανάς - Σοχός - Χέρσον - Καστανούσα - Κερκίνη - Σιδηρόκαστρο,"323","200",284.843902587891
"1432","23.2303","41.0679","13.3519",gn,Θέρμη - Ζαγκλιβέρι - Κιλκίς - Λαχανάς - Σοχός - Χέρσον - Καστανούσα - Κερκίνη - Σιδηρόκαστρο,"323","177",283.688842773438
"1433","23.2636","41.0679","13.3471",gn,Θέρμη - Ζαγκλιβέρι - Κιλκίς - Λαχανάς - Σοχός - Χέρσον - Καστανούσα - Κερκίνη - Σιδηρόκαστρο,"323","156",132.085922241211
"1434","23.2969","41.0679","4.022",Pt.t2.s,- Σοχός - Κερκίνη - Σιδηρόκαστρο,"111","135",36.8347473144531
"1435","23.3302","41.0679","-6.7684",H.al,- Σοχός - Σιτοχώριον - Ροδολίβος - Νέο Πετρίτσιον - Πόροια -  - Σιδηρόκαστρο - Κερκίνη - Σέρραι - Προσοτσάνη,"111","120",19.5353393554688
"1436","23.3635","41.0679","-15.9183",H.al,- Σοχός - Σιτοχώριον - Ροδολίβος - Νέο Πετρίτσιον - Πόροια -  - Σιδηρόκαστρο - Κερκίνη - Σέρραι - Προσοτσάνη,"111","120",19.3889064788818
"1437","23.3968","41.0679","-23.1915",H.al,- Σοχός - Σιτοχώριον - Ροδολίβος - Νέο Πετρίτσιον - Πόροια -  - Σιδηρόκαστρο - Κερκίνη - Σέρραι - Προσοτσάνη,"111","118",17.1670684814453
"1438","23.0305","41.0346","6.1131",gn,Θέρμη - Ζαγκλιβέρι - Κιλκίς - Λαχανάς - Σοχός - Χέρσον - Καστανούσα - Κερκίνη - Σιδηρόκαστρο,"323","215",493.639099121094
"1439","23.0638","41.0346","8.4535",gn,Θέρμη - Ζαγκλιβέρι - Κιλκίς - Λαχανάς - Σοχός - Χέρσον - Καστανούσα - Κερκίνη - Σιδηρόκαστρο,"323","213",495.714324951172
"1440","23.197","41.0346","10.9977",gn,Θέρμη - Ζαγκλιβέρι - Κιλκίς - Λαχανάς - Σοχός - Χέρσον - Καστανούσα - Κερκίνη - Σιδηρόκαστρο,"323","206",349.253479003906
"1441","23.2303","41.0346","19.4449",gn,Θέρμη - Ζαγκλιβέρι - Κιλκίς - Λαχανάς - Σοχός - Χέρσον - Καστανούσα - Κερκίνη - Σιδηρόκαστρο,"323","216",439.445495605469
"1442","23.2969","41.0346","11.9574",gn,Θέρμη - Ζαγκλιβέρι - Κιλκίς - Λαχανάς - Σοχός - Χέρσον - Καστανούσα - Κερκίνη - Σιδηρόκαστρο,"323","152",122.177406311035
"1443","23.3302","41.0346","1.9157",H.al,- Σοχός - Σιτοχώριον - Ροδολίβος - Κερκίνη - Σιδηρόκαστρο,"111","133",28.0171432495117
"1444","23.3635","41.0346","-8.9706",H.al,- Σοχός - Σιτοχώριον - Ροδολίβος - Κερκίνη - Σιδηρόκαστρο,"111","118",17.8305644989014
"1445","23.3968","41.0346","-18.6976",H.al,- Σοχός - Σιτοχώριον - Ροδολίβος - Νέο Πετρίτσιον - Πόροια -  - Σιδηρόκαστρο - Κερκίνη - Σέρραι - Προσοτσάνη,"111","117",16.5040416717529
"1446","23.0638","41.0013","3.5478",gn,Θέρμη - Ζαγκλιβέρι - Κιλκίς - Λαχανάς - Σοχός - Χέρσον - Καστανούσα - Κερκίνη - Σιδηρόκαστρο,"323","217",599.681091308594
"1447","23.0971","41.0013","4.3236",gn,Θέρμη - Ζαγκλιβέρι - Κιλκίς - Λαχανάς - Σοχός - Χέρσον - Καστανούσα - Κερκίνη - Σιδηρόκαστρο,"323","219",660.2041015625
"1448","23.2636","41.0013","20.6298",gn,Θέρμη - Ζαγκλιβέρι - Κιλκίς - Λαχανάς - Σοχός - Χέρσον - Καστανούσα - Κερκίνη - Σιδηρόκαστρο,"323","211",508.822937011719
"1449","23.2969","41.0013","17.4693",gn,Θέρμη - Ζαγκλιβέρι - Κιλκίς - Λαχανάς - Σοχός - Χέρσον - Καστανούσα - Κερκίνη - Σιδηρόκαστρο,"323","186",371.122314453125
"1450","23.3302","41.0013","10.7253",gn,Θέρμη - Ζαγκλιβέρι - Κιλκίς - Λαχανάς - Σοχός - Χέρσον - Καστανούσα - Κερκίνη - Σιδηρόκαστρο,"323","156",160.330978393555
"1451","23.3635","41.0013","-0.0137",Pt.t2.s,- Σοχός - Κερκίνη - Σιδηρόκαστρο,"111","139",47.6435279846191
"1452","23.3968","41.0013","-11.0503",H.al,- Σοχός - Σιτοχώριον - Ροδολίβος - Κερκίνη - Σιδηρόκαστρο,"111","115",15.4482975006104
"1453","23.2969","40.968","17.3902",gn,Θέρμη - Ζαγκλιβέρι - Κιλκίς - Λαχανάς - Σοχός - Χέρσον - Καστανούσα - Κερκίνη - Σιδηρόκαστρο,"323","193",340.825500488281
"1454","23.3968","40.968","3.6559",Pt.t2.s,- Σοχός - Κερκίνη - Σιδηρόκαστρο,"111","140",50.9625549316406
"1455","23.2969","40.9347","11.4976",gn,Θέρμη - Ζαγκλιβέρι - Κιλκίς - Λαχανάς - Σοχός - Χέρσον - Καστανούσα - Κερκίνη - Σιδηρόκαστρο,"323","205",416.260406494141
"1456","23.3302","40.9347","13.5748",gn,Θέρμη - Ζαγκλιβέρι - Κιλκίς - Λαχανάς - Σοχός - Χέρσον - Καστανούσα - Κερκίνη - Σιδηρόκαστρο,"323","166",370.423217773438
"1457","23.3635","40.9347","15.0703",gn,Θέρμη - Ζαγκλιβέρι - Κιλκίς - Λαχανάς - Σοχός - Χέρσον - Καστανούσα - Κερκίνη - Σιδηρόκαστρο,"323","180",283.436706542969
"1458","23.0305","40.9014","-9.841",gn,Θέρμη - Ζαγκλιβέρι - Κιλκίς - Λαχανάς - Σοχός - Χέρσον - Καστανούσα - Κερκίνη - Σιδηρόκαστρο,"323","208",416.553863525391
"1459","23.0638","40.9014","-11.6477",gn,Θέρμη - Ζαγκλιβέρι - Κιλκίς - Λαχανάς - Σοχός - Χέρσον - Καστανούσα - Κερκίνη - Σιδηρόκαστρο,"323","216",544.468078613281
"1460","23.0971","40.9014","-12.0184",gn,Θέρμη - Ζαγκλιβέρι - Κιλκίς - Λαχανάς - Σοχός - Χέρσον - Καστανούσα - Κερκίνη - Σιδηρόκαστρο,"323","217",632.496826171875
"1461","23.1637","40.8681","-4.9291",gn,Θέρμη - Ζαγκλιβέρι - Κιλκίς - Λαχανάς - Σοχός - Χέρσον - Καστανούσα - Κερκίνη - Σιδηρόκαστρο,"323","216",507.096313476562
"1462","23.197","40.8681","-0.3621",gn,Θέρμη - Ζαγκλιβέρι - Κιλκίς - Λαχανάς - Σοχός - Χέρσον - Καστανούσα - Κερκίνη - Σιδηρόκαστρο,"323","219",686.747619628906
"1463","23.2303","40.8681","2.6874",gn,Θέρμη - Ζαγκλιβέρι - Κιλκίς - Λαχανάς - Σοχός - Χέρσον - Καστανούσα - Κερκίνη - Σιδηρόκαστρο,"323","221",799.828369140625
"1464","23.1637","40.8348","-8.5534",gn,Θέρμη - Ζαγκλιβέρι - Κιλκίς - Λαχανάς - Σοχός - Χέρσον - Καστανούσα - Κερκίνη - Σιδηρόκαστρο,"323","216",536.539916992188
"1465","23.2303","40.8348","0.7884",gn,Θέρμη - Ζαγκλιβέρι - Κιλκίς - Λαχανάς - Σοχός - Χέρσον - Καστανούσα - Κερκίνη - Σιδηρόκαστρο,"323","219",665.103454589844
"1466","23.2303","40.8015","-4.7733",gn,Θέρμη - Ζαγκλιβέρι - Κιλκίς - Λαχανάς - Σοχός - Χέρσον - Καστανούσα - Κερκίνη - Σιδηρόκαστρο,"323","201",436.172790527344
"1467","22.7641","41.2677","1.9705",H.al,- Χέρσον - Καστανούσα,"111","157",189.619583129883
"1468","22.7641","41.2344","-0.9078",land,Χέρσον,"0","152",142.5
"1469","22.7641","41.2011","-4.0723",land,Χέρσον,"0","152",142.5
"1470","23.4301","41.4009","9.4796","Pt.l,s",Νέο Πετρίτσιον,"111","163",224.238967895508
"1471","23.4634","41.4009","6.8584","Pt.l,s",Νέο Πετρίτσιον,"111","198",373.620849609375
"1472","23.4967","41.4009","4.1056","Pt.l,s",Νέο Πετρίτσιον,"111","217",594.409240722656
"1473","23.3968","41.3676","2.0465","Pt.l,s",Νέο Πετρίτσιον,"111","171",274.991577148438
"1474","23.4301","41.3676","5.0765","Pt.l,s",Νέο Πετρίτσιον,"111","171",281.657928466797
"1475","23.4634","41.3676","9.7101","Pt.cs,sc2",Νέο Πετρίτσιον,"121","195",399.238647460938
"1476","23.4967","41.3676","11.66",mr,- Αχλαδοχώριον - Νέο Πετρίτσιον,"2132","217",719.634521484375
"1477","23.3635","41.3676","0.242","M-Pl.s,l",Νέο Πετρίτσιον,"121","144",86.93896484375
"1478","23.3302","41.3676","-4.7521",gn2,- Νέο Πετρίτσιον - Καστανούσα - Πόροια,"323","155",110.216110229492
"1479","23.3302","41.3343","6.7561",gn2,- Νέο Πετρίτσιον - Καστανούσα - Πόροια,"323","199",376.788269042969
"1480","23.3302","41.301","9.3101",water_surf,- Νέο Πετρίτσιον,"0","146",51
"1481","23.2969","41.3676","-13.7312",gn2,- Νέο Πετρίτσιον - Καστανούσα - Πόροια,"323","188",400.040954589844
"1482","23.2636","41.3343","8.0134",gn2,- Νέο Πετρίτσιον - Καστανούσα - Πόροια,"323","219",617.51806640625
"1483","23.2969","41.3343","4.9635",gn-mu,Νέο Πετρίτσιον,"413","221",754.367736816406
"1484","23.2636","41.301","8.7307",gn2,- Νέο Πετρίτσιον - Καστανούσα - Πόροια,"323","222",945.072021484375
"1485","23.2969","41.301","8.3862",gn-mu,Νέο Πετρίτσιον,"413","208",402.082427978516
"1486","23.3635","41.3343","6.274","gn,bi",Νέο Πετρίτσιον,"413","153",184.386917114258
"1487","23.3968","41.3343","4.9736","mr,sp",Νέο Πετρίτσιον,"323","206",480.439331054688
"1488","23.4301","41.3343","6.6733",gn,Νέο Πετρίτσιον,"323","225",1028.82678222656
"1489","23.3635","41.301","7.3919",ρ,Νέο Πετρίτσιον,"322","201",487.594482421875
"1490","23.3968","41.301","6.8217",gn-sch,Νέο Πετρίτσιον,"413","216",615.933776855469
"1491","23.4301","41.301","8.104","Pl.c,st",Νέο Πετρίτσιον,"411","217",540.326904296875
"1492","23.4634","41.3343","10.3208",mr,- Αχλαδοχώριον - Νέο Πετρίτσιον,"2132","225",908.14794921875
"1493","23.4301","41.2677","6.7177","Pl.st,l",- Νέο Πετρίτσιον - Σιδηρόκαστρο,"121","179",281.734344482422
"1494","23.4634","41.2677","5.7752","Ms.c,l,st",Νέο Πετρίτσιον,"121","204",442.411376953125
"1495","23.2969","41.4009","-8.539",gn2,- Νέο Πετρίτσιον - Καστανούσα - Πόροια,"323","178",309.484680175781
"1496","23.2303","41.3676","-8.4452",gn2,- Νέο Πετρίτσιον - Καστανούσα - Πόροια,"323","222",834.936645507812
"1497","23.2636","41.3676","-17.9292",gn2,- Νέο Πετρίτσιον - Καστανούσα - Πόροια,"323","218",625.919982910156
"1498","22.864","41.3343","6.9929",gn2,- Νέο Πετρίτσιον - Καστανούσα - Πόροια,"323","228",1489.91625976562
"1499","22.9306","41.3343","-1.2252",gn2,- Νέο Πετρίτσιον - Καστανούσα - Πόροια,"323","229",1585.51159667969
"1500","23.2303","41.3343","12.9206",gn2,- Νέο Πετρίτσιον - Καστανούσα - Πόροια,"323","227",1183.86303710938
"1501","23.2303","41.301","10.7788",gn2,- Νέο Πετρίτσιον - Καστανούσα - Πόροια,"323","224",963.851806640625
"1502","23.4301","41.2344","7.6004","Ms.c,st",- Νέο Πετρίτσιον - Σιδηρόκαστρο,"111","192",373.788238525391
"1503","23.4634","41.2344","9.6313",gn-μν,- Αχλαδοχώριον - Νέο Πετρίτσιον - Σιδηρόκαστρο - Σέρραι,"222","219",623.114990234375
"1504","22.1314","40.4685","11.4152",T-Ji.k,- Βελβεντός - Κοζάνη - Βέροια,"2111","220",647.004455566406
"1505","22.1647","40.4685","6.4695",Ks.k,- Βελβεντός - Βέροια,"2211","215",486.229278564453
"1506","22.1314","40.4352","9.9547",T-Ji.k,- Βελβεντός - Κοζάνη - Βέροια,"2111","226",1128.72216796875
"1507","22.1647","40.4352","11.3553","Pl-Pt.l,st",Βελβεντός,"211","217",594.64453125
"1508","22.2313","40.4685","-5.9526",Ki-s.ph,Βελβεντός,"223","176",240.202499389648
"1509","22.198","40.4685","-2.4351",Ki-s.k,Βελβεντός,"2211","215",494.452087402344
"1510","22.198","40.4352","5.0825",πρ,Βελβεντός,"413","184",267.399047851562
"1511","22.2313","40.4352","0.8209",Ki-s.k,Βελβεντός,"2111","212",566.063354492188
"1512","22.0315","40.4685","1.5475",T-Ji.k,- Βελβεντός - Κοζάνη - Βέροια,"2111","227",1368.59387207031
"1513","22.1647","40.4019","9.87",Pzi-C.sch-mi,Βελβεντός,"413","218",632.440246582031
"1514","22.198","40.4019","3.1443","Pl-Pt.l,st",Βελβεντός,"221","188",384.307037353516
"1515","22.2313","40.4019","1.3084",Ki-s.k,Βελβεντός,"2111","221",825.473571777344
"1516","22.1647","40.3686","8.1716","Q.sc,cs",Βελβεντός,"311","152",195.058364868164
"1517","22.198","40.3686","-1.8231",o,Βελβεντός,"412","216",511.829315185547
"1518","22.2313","40.3686","-3.286","H.sc,cs",Βελβεντός,"121","217",596.638793945312
"1519","22.0981","40.4019","5.3167",Tm-Ji.k2,Βελβεντός,"2232","227",1268.61706542969
"1520","22.1314","40.4019","10.4814",Pzi-C.sch-gn,Βελβεντός,"323","225",1042.74426269531
"1521","22.1314","40.3686","15.7339",mγ,Βελβεντός,"323","203",388.07275390625
"1522","22.1314","40.3353","13.764",Pzi-C.sch-gn,Βελβεντός,"413","165",230.089889526367
"1523","22.1647","40.3353","8.4903",Pl-Pt.m,Βελβεντός,"411","216",589.716674804688
"1524","22.198","40.3353","0.6049",Pzi-C.sch-gn,Βελβεντός,"323","222",863.115295410156
"1525","22.2313","40.3353","-2.6324",Pzi-C.sch-gn,Βελβεντός,"323","226",1150.92651367188
"1526","22.1647","40.302","4.539","Q.sc,cs",Βελβεντός,"311","226",1356.1513671875
"1527","22.198","40.302","-0.1339","Q.sc,cs",- Βελβεντός,"121","228",1779.34057617188
"1528","22.2313","40.302","-6.5036","Pz,gn",- Κονταριώτισα - Λειβάδιον - Κολινδρός - Βελβεντός,"323","227",1421.88623046875
"1529","22.198","40.2687","-0.3274","Q.sc,cs",Βελβεντός,"311","228",1739.51940917969
"1530","22.2313","40.2687","-9.8791","Pz,gn",- Κονταριώτισα - Λειβάδιον - Κολινδρός - Βελβεντός,"323","227",1196.03149414062
"1531","22.0981","40.4685","4.6446",T-Ji.k,- Βελβεντός - Κοζάνη - Βέροια,"2111","226",1179.24829101562
"1532","21.9982","40.4685","7.5476",T-Ji.k,- Βελβεντός - Κοζάνη - Βέροια,"2111","229",1727.32873535156
"1533","22.0648","40.4685","-1.4665",T-Ji.k,- Βελβεντός - Κοζάνη - Βέροια,"2111","226",1259.02221679688
"1534","22.0981","40.4352","2.5181",T-Ji.k,- Βελβεντός - Κοζάνη - Βέροια,"2111","228",1584.86376953125
"1535","22.3312","40.2354","7.309",M.sq.c,Κονταριώτισα,"111","159",190.872787475586
"1536","22.3645","40.2354","8.4442",M.sq.c,Κονταριώτισα,"111","168",243.463439941406
"1537","22.3978","40.2354","5.8202",M.sq.c,Κονταριώτισα,"111","159",183.971878051758
"1538","22.4311","40.2354","1.6671",M.sq.c,Κονταριώτισα,"111","153",143.303024291992
"1539","22.4644","40.2354","-0.7048",M.sq.c,Κονταριώτισα,"111","146",96.1356964111328
"1540","22.4977","40.2354","-0.5585",al,- Λιτόχωρο - Κονταριώτισα - Κατερίνη - Κολινδρός,"111","121",26.253360748291
"1541","22.531","40.2354","0.4438",al,- Λιτόχωρο - Κονταριώτισα - Κατερίνη - Κολινδρός,"111","115",13.4363069534302
"1542","22.5643","40.2354","1.3811",al,- Λιτόχωρο - Κονταριώτισα - Κατερίνη - Κολινδρός,"111","106",4.81675624847412
"1543","22.3312","40.2021","12.854","Pt.sc,cs",- Λιτόχωρο - Κονταριώτισα,"111","178",318.871826171875
"1544","22.3645","40.2021","14.5659","Pt.sc,cs",- Λιτόχωρο - Κονταριώτισα,"111","177",292.718872070312
"1545","22.3978","40.2021","11.6732","Pt.sc,cs",- Λιτόχωρο - Κονταριώτισα,"111","152",158.349655151367
"1546","22.4311","40.2021","5.0384",al,- Λιτόχωρο - Κονταριώτισα - Κατερίνη - Κολινδρός,"111","146",93.6354522705078
"1547","22.4644","40.2021","1.1434",al,- Λιτόχωρο - Κονταριώτισα - Κατερίνη - Κολινδρός,"111","131",30.9601345062256
"1548","22.4977","40.2021","0.6196",al,- Λιτόχωρο - Κονταριώτισα - Κατερίνη - Κολινδρός,"111","109",10.3594751358032
"1549","22.531","40.2021","-0.7425",al,- Λιτόχωρο - Κονταριώτισα - Κατερίνη - Κολινδρός,"111","108",7.50400590896606
"1550","22.5643","40.2021","-2.1101",al,- Λιτόχωρο - Κονταριώτισα - Κατερίνη - Κολινδρός,"111","101",1.59263062477112
"1551","22.3645","40.1688","7.0435","Pt.sc,cs",- Λιτόχωρο - Κονταριώτισα,"111","218",546.450439453125
"1552","22.3978","40.1688","10.3358","Pt.sc,cs",- Λιτόχωρο - Κονταριώτισα,"111","196",378.356964111328
"1553","22.4311","40.1688","9.898","Pt.sc,cs",- Λιτόχωρο - Κονταριώτισα,"111","162",223.910888671875
"1554","22.4644","40.1688","9.424","Pt.sc,cs",- Λιτόχωρο - Κονταριώτισα,"111","147",102.935264587402
"1555","22.4977","40.1688","9.5455",al,- Λιτόχωρο - Κονταριώτισα - Κατερίνη - Κολινδρός,"111","108",3.31028819084167
"1556","22.531","40.1688","4.3391",al,- Λιτόχωρο - Κονταριώτισα - Κατερίνη - Κολινδρός,"111","99",-0.172502562403679
"1557","22.3978","40.1355","-2.8904",J.k,- Λιτόχωρο - Κονταριώτισα,"2211","225",1323.28173828125
"1558","22.4311","40.1355","0.2195",T.k,- Λιτόχωρο - Κονταριώτισα,"2211","225",941.102722167969
"1559","22.4644","40.1355","7.4286",T.k,- Λιτόχωρο - Κονταριώτισα,"2211","204",427.703063964844
"1560","22.4977","40.1355","16.8593","Pt.sc,cs",- Λιτόχωρο - Κονταριώτισα,"111","156",139.350296020508
"1561","22.531","40.1355","15.0171","Pt.sc,cs",- Λιτόχωρο - Κονταριώτισα,"111","134",36.2393417358398
"1562","22.3978","40.1022","-5.5286",J.k,- Λιτόχωρο - Κονταριώτισα,"2211","231",2160.77099609375
"1563","22.4311","40.1022","-8.5269",T.k,- Λιτόχωρο - Κονταριώτισα,"2211","226",1357.66870117188
"1564","22.4644","40.1022","-4.04",T.k,- Λιτόχωρο - Κονταριώτισα,"2211","217",843.663940429688
"1565","22.4977","40.1022","8.5048","Pt.sc,cs",- Λιτόχωρο - Κονταριώτισα,"111","193",333.489349365234
"1566","22.531","40.1022","15.3876","Pt.sc,cs",- Λιτόχωρο - Κονταριώτισα,"111","154",145.044662475586
"1567","22.5643","40.1022","4.0149",al,- Λιτόχωρο - Κονταριώτισα - Κατερίνη - Κολινδρός,"111","115",0
"1568","22.3645","40.0689","1.6648",J.k,- Λιτόχωρο - Κονταριώτισα,"2211","232",2481.82373046875
"1569","22.3978","40.0689","-0.2367",T.k,- Λιτόχωρο - Κονταριώτισα,"2211","229",1947.33447265625
"1570","22.4311","40.0689","-3.3832",T.k,- Λιτόχωρο - Κονταριώτισα,"2211","230",2021.68237304688
"1571","22.4644","40.0689","-6.7958",T.k,- Λιτόχωρο - Κονταριώτισα,"2211","225",967.659362792969
"1572","22.4977","40.0689","-4.0966",T.k,- Λιτόχωρο - Κονταριώτισα,"2211","220",668.505737304688
"1573","22.531","40.0689","2.5814","Pt.sc,cs",- Λιτόχωρο - Κονταριώτισα,"111","160",175.801391601562
"1574","22.5643","40.0689","1.5907",al,- Λιτόχωρο - Κονταριώτισα - Κατερίνη - Κολινδρός,"111","111",4.33550500869751
"1575","22.4644","40.0356","-3.2559",J.k,- Λιτόχωρο - Κονταριώτισα,"2211","226",1268.638671875
"1576","22.4977","40.0356","-4.5676",J.k,- Λιτόχωρο - Κονταριώτισα,"2211","217",497.324493408203
"1577","22.531","40.0356","-3.1038","Pt.sc,cs",- Λιτόχωρο - Κονταριώτισα,"111","162",219.169616699219
"1578","22.5643","40.0356","0.1025","Pt.sc,cs",- Λιτόχωρο - Κονταριώτισα,"111","132",31.5364036560059
"1579","22.2979","40.2021","9.9019","Pz,gn",- Κονταριώτισα - Λειβάδιον - Κολινδρός - Βελβεντός,"323","216",586.490173339844
"1580","22.2646","40.1688","5.8165","Pz,gn",- Κονταριώτισα - Λειβάδιον - Κολινδρός - Βελβεντός,"323","225",1026.71630859375
"1581","22.4977","40.0023","2.1972",sh,- Λιτόχωρο - Κονταριώτισα,"413","221",652.807312011719
"1582","22.2313","40.1355","4.7147","Pz,gn",- Κονταριώτισα - Λειβάδιον - Κολινδρός - Βελβεντός,"323","224",986.612060546875
"1583","22.531","40.0023","-2.1882",ab-sch,Λιτόχωρο,"323","218",653.269714355469
"1584","22.5643","40.0023","-6.7048",ab-sch,Λιτόχωρο,"323","167",193.534408569336
"1585","22.5976","40.0023","-6.1649","σ,π",Λιτόχωρο,"412","144",81.3792877197266
"1586","22.198","40.2354","5.5566","Pz,gn",- Κονταριώτισα - Λειβάδιον - Κολινδρός - Βελβεντός,"323","229",1842.41967773438
"1587","22.2979","40.2354","2.4963",M.sq.c,Κονταριώτισα,"111","205",359.992065429688
"1588","22.531","40.2687","4.675",al,- Λιτόχωρο - Κονταριώτισα - Κατερίνη - Κολινδρός,"111","127",25.4453830718994
"1589","22.5643","40.2687","5.7673",al,- Λιτόχωρο - Κονταριώτισα - Κατερίνη - Κολινδρός,"111","112",10.5771436691284
"1590","22.2313","40.2354","1.7724","Pz,gn",- Κονταριώτισα - Λειβάδιον - Κολινδρός - Βελβεντός,"323","227",1400.66772460938
"1591","22.2646","40.2354","-0.5768","Pz,gn",- Κονταριώτισα - Λειβάδιον - Κολινδρός - Βελβεντός,"323","226",1102.99389648438
"1592","22.1314","40.2021","4.8763",ab,- Κονταριώτισα - Λειβάδιον,"323","227",1473.81762695312
"1593","22.1647","40.2021","7.8099",ab,- Κονταριώτισα - Λειβάδιον,"323","226",1342.95971679688
"1594","22.198","40.2021","9.8117",ab,- Κονταριώτισα - Λειβάδιον,"323","224",1156.32934570312
"1595","22.2313","40.2021","10.7584",ab,- Κονταριώτισα - Λειβάδιον,"323","219",736.73291015625
"1596","22.2646","40.2021","8.3233",ab,- Κονταριώτισα - Λειβάδιον,"323","226",1008.79565429688
"1597","22.2313","40.1688","6.3327","Pz,gn",- Κονταριώτισα - Λειβάδιον - Κολινδρός - Βελβεντός,"323","225",961.846801757812
"1598","22.2646","40.2687","-14.1616","Pz,gn",- Κονταριώτισα - Λειβάδιον - Κολινδρός - Βελβεντός,"323","221",806.889770507812
"1599","24.0295","41.0679","-9.7389",al,- Προσοτσάνη - Δράμα - Κρηνίδες,"111","140",51.5874137878418
"1600","24.0295","41.0346","7.1674",al,- Προσοτσάνη - Δράμα - Κρηνίδες,"111","143",50.9113540649414
"1601","24.0295","41.0013","14.1439",Pt.lm,Δράμα,"422","151",127.148513793945
"1602","23.53","41.3343","12.2593",Pt.br,Αχλαδοχώριον,"212","215",510.736083984375
"1603","23.5633","41.3343","7.3049",al,Αχλαδοχώριον,"111","218",638.394287109375
"1604","23.5966","41.301","1.9545",γ,Αχλαδοχώριον,"222","220",706.824829101562
"1605","23.6299","41.301","8.9655",γ,Αχλαδοχώριον,"222","225",1096.69104003906
"1606","23.53","41.301","-1.8948",Q.lk2,Αχλαδοχώριον,"121","215",471.751068115234
"1607","23.6965","41.2677","5.6048",γ,- Κάτω Νεροκόπι - Αχλαδοχώριον,"222","224",1032.91455078125
"1608","23.6632","41.301","8.2772",γ,- Κάτω Νεροκόπι - Αχλαδοχώριον,"222","226",1166.93371582031
"1609","23.6965","41.301","-1.3532",γ,- Κάτω Νεροκόπι - Αχλαδοχώριον,"222","225",1125.54113769531
"1610","23.6632","41.2677","7.4416",μν1,- Αχλαδοχώριον - Σιδηρόκαστρο - Σέρραι,"222","226",1184.22863769531
"1611","23.8297","41.1012","11.0189",sch.mi,- Σέρραι - Προσοτσάνη,"413","220",719.115539550781
"1612","23.863","41.1012","10.419",M.c,Προσοτσάνη,"211","223",853.333801269531
"1613","23.8963","41.1012","7.0941","M.c,m",Προσοτσάνη,"111","218",639.553955078125
"1614","23.8297","41.0679","12.1213",Pl.tr,- Ροδολίβος - Σέρραι - Προσοτσάνη,"221","208",453.145080566406
"1615","23.863","41.0679","12.9679",Pl.tr,- Ροδολίβος - Σέρραι - Προσοτσάνη,"221","214",477.097503662109
"1616","23.8963","41.0679","11.5834","M.c,m",Προσοτσάνη,"111","216",548.034301757812
"1617","23.9296","41.0679","8.5393","M.c,m",Προσοτσάνη,"111","196",417.235382080078
"1618","23.9629","41.0679","4.381","M.c,m",Προσοτσάνη,"111","174",274.112701416016
"1619","23.8963","41.0346","7.1462",Pt,Προσοτσάνη,"111","175",281.000640869141
"1620","23.9296","41.0346","11.8973",M.m,Προσοτσάνη,"42","155",132.331924438477
"1621","23.9629","41.0346","15.1485",mr,- Προσοτσάνη - Δράμα,"2132","149",134.437210083008
"1622","23.7631","41.0679","11.9428","Ms-Pl.m,s",- Προσοτσάνη,"211","173",264.431640625
"1623","23.7964","41.0679","11.1813","Ms-Pl.m,s",- Προσοτσάνη,"211","190",341.039428710938
"1624","23.8297","41.0013","-6.8515",Pl.s2,- Ροδολίβος - Προσοτσάνη,"111","151",135.165634155273
"1625","23.9296","41.0013","13.9526","M.c,m",- Προσοτσάνη,"311","132",46.7328987121582
"1626","23.9962","41.1012","-17.8158",al,- Προσοτσάνη - Δράμα - Κρηνίδες,"111","142",60.8333702087402
"1627","23.9962","41.0679","-1.3922",Pt.lm,- Προσοτσάνη - Δράμα,"42","145",77.8702545166016
"1628","23.6632","41.2344","6.4101","gn,mr",Σέρραι,"2132","224",912.321899414062
"1629","23.5633","41.2344","-1.933",μν1,- Αχλαδοχώριον - Σιδηρόκαστρο - Σέρραι,"222","227",1393.65490722656
"1630","23.5966","41.2344","-0.3074",μν1,- Αχλαδοχώριον - Σιδηρόκαστρο - Σέρραι,"222","225",1129.94384765625
"1631","23.6299","41.2344","2.614",gn-μν,- Αχλαδοχώριον - Νέο Πετρίτσιον - Σιδηρόκαστρο - Σέρραι,"222","225",928.637512207031
"1632","23.6965","41.2344","12.0799","gn,mr",- Σέρραι,"2132","225",1029.21704101562
"1633","23.5633","41.2011","12.3326",gn-γ,Σέρραι,"323","220",779.495056152344
"1634","23.5966","41.2011","10.4258","Ms.c,st",- Σιδηρόκαστρο - Σέρραι,"111","220",735.304443359375
"1635","23.6299","41.2011","3.2563","gn,mr",- Σέρραι,"2132","220",781.370361328125
"1636","23.6632","41.2011","-1.7587",mr,- Ποταμοί - Κάτω Νευροκόπι - Σέρραι - Προσοτσάνη - Δράμα,"2132","223",922.142211914062
"1637","23.6965","41.2011","0.363",mr,- Ποταμοί - Κάτω Νευροκόπι - Σέρραι - Προσοτσάνη - Δράμα,"2132","228",1578.84533691406
"1638","23.6299","41.1678","1.1416",mr,Σέρραι,"2132","221",834.584716796875
"1639","23.5966","41.1678","11.7857","Ms.c,st",- Σιδηρόκαστρο - Σέρραι,"111","216",631.603698730469
"1640","23.5966","41.1345","13.3182",μν,Σέρραι,"222","211",491.457489013672
"1641","23.6299","41.1345","6.2284",mr,- Ποταμοί - Κάτω Νευροκόπι - Σέρραι - Προσοτσάνη - Δράμα,"2132","216",588.118530273438
"1642","23.6965","41.1678","-12.1937",mr,- Ποταμοί - Κάτω Νευροκόπι - Σέρραι - Προσοτσάνη - Δράμα,"2132","228",1633.06237792969
"1643","23.5633","41.1678","13.8375","Ms.c,st",- Σιδηρόκαστρο - Σέρραι,"111","216",612.127685546875
"1644","23.6632","41.1345","-2.5233",mr,- Ποταμοί - Κάτω Νευροκόπι - Σέρραι - Προσοτσάνη - Δράμα,"2132","225",991.343505859375
"1645","23.6965","41.1345","-10.6627",mr,- Ποταμοί - Κάτω Νευροκόπι - Σέρραι - Προσοτσάνη - Δράμα,"2132","222",883.315185546875
"1646","23.53","41.1345","8.071","Pl.c,st",- Σιδηρόκαστρο - Σέρραι,"111","173",310.760650634766
"1647","23.53","41.1012","5.5716",H.al,- Σοχός - Σιτοχώριον - Ροδολίβος - Νέο Πετρίτσιον - Πόροια -  - Σιδηρόκαστρο - Κερκίνη - Σέρραι - Προσοτσάνη,"111","147",94.3904190063477
"1648","23.5633","41.1012","10.2972",Ng.l1,Σέρραι,"411","146",145.342895507812
"1649","23.6299","41.1012","12.4722",Pt.t3,Σέρραι,"311","152",139.153182983398
"1650","23.6632","41.1012","12.683",Q.cs2,Σέρραι,"121","170",263.122192382812
"1651","23.5966","41.1012","12.2617",Pt.t3,Σέρραι,"121","142",66.8169937133789
"1652","23.5966","41.0679","-2.4008",Ng.l2,Σέρραι,"411","141",69.2402572631836
"1653","23.6299","41.0679","2.8973",Pt.t3,- Σέρραι,"121","146",93.2246398925781
"1654","23.6632","41.0679","8.5355",Ng.c2,Σέρραι,"221","151",136.558624267578
"1655","23.6965","41.0679","12.3505",Ng.c2,Σέρραι,"221","154",160.985595703125
"1656","23.7298","41.0679","12.9024",Ng.c2,Σέρραι,"221","161",206.826293945312
"1657","23.6299","41.0346","-10.2043",Pt.t3,- Σέρραι,"121","125",27.5426750183105
"1658","23.6632","41.0346","-6.2792",Ng.l2,Σέρραι,"411","141",56.9643898010254
"1659","23.6965","41.0346","-2.4969",Ng.l2,Σέρραι,"411","143",67.7396392822266
"1660","23.7298","41.0346","-0.2771",Pt.t3,- Σέρραι,"121","144",79.8660125732422
"1661","23.6299","41.0013","-21.3875",Ng.l2,Σέρραι,"411","120",11.1130437850952
"1662","23.6632","41.0013","-18.5741",H.al,- Σοχός - Σιτοχώριον - Ροδολίβος - Νέο Πετρίτσιον - Πόροια -  - Σιδηρόκαστρο - Κερκίνη - Σέρραι - Προσοτσάνη,"111","107",6.74113178253174
"1663","23.6965","41.0013","-14.9434",H.al,- Σοχός - Σιτοχώριον - Ροδολίβος - Νέο Πετρίτσιον - Πόροια -  - Σιδηρόκαστρο - Κερκίνη - Σέρραι - Προσοτσάνη,"111","139",60.902774810791
"1664","23.7298","41.0013","-11.5097",H.al,- Σοχός - Σιτοχώριον - Ροδολίβος - Νέο Πετρίτσιον - Πόροια -  - Σιδηρόκαστρο - Κερκίνη - Σέρραι - Προσοτσάνη,"111","143",82.8590774536133
"1665","23.7298","41.1345","-16.0953",mr.d,- Σέρραι - Προσοτσάνη,"2132","218",633.60791015625
"1666","23.7631","41.1345","-13.905",mr,- Ποταμοί - Κάτω Νευροκόπι - Σέρραι - Προσοτσάνη - Δράμα,"2132","224",958.969848632812
"1667","23.7964","41.1345","-8.465",mr,- Ποταμοί - Κάτω Νευροκόπι - Σέρραι - Προσοτσάνη - Δράμα,"2132","225",1047.841796875
"1668","23.6965","41.1012","10.9314",sch.mi,- Σέρραι - Προσοτσάνη,"413","199",391.579956054688
"1669","23.7298","41.1012","7.2466",mr,- Ποταμοί - Κάτω Νευροκόπι - Σέρραι - Προσοτσάνη - Δράμα,"2132","216",538.278503417969
"1670","23.7631","41.1012","6.5213",sch.mi,- Σέρραι - Προσοτσάνη,"413","217",610.850830078125
"1671","23.7964","41.1012","8.5361",sch.mi,- Σέρραι - Προσοτσάνη,"413","220",731.522277832031
"1672","24.0295","40.968","9.8339",Pl.c,Νικησιάνη,"411","168",246.147994995117
"1673","24.0295","40.9014","-13.0724",mr-sch,Νικησιάνη,"2132","225",1071.74291992188
"1674","23.9962","41.0346","13.5626",mr,- Προσοτσάνη - Δράμα,"2132","156",175.347305297852
"1675","24.0961","41.0013","10.881",al,- Νικησιάνη - Δράμα,"111","140",51.9973602294922
"1676","24.0628","41.0013","12.2762","Q.sc,cs",- Ροδολίβος - Νικησιάνη - Δράμα,"111","146",95.4273376464844
"1677","23.8297","40.968","-8.9684",Pl.s2,- Ροδολίβος - Προσοτσάνη,"111","131",31.5682048797607
"1678","23.9296","40.968","9.5255",Pl.m,Ροδολίβος,"221","157",168.404922485352
"1679","23.9629","40.968","11.3379",Pl.tr,Ροδολίβος,"221","161",192.249389648438
"1680","23.9296","40.9347","6.6748",Pl.tr,Ροδολίβος,"221","169",251.003662109375
"1681","23.9629","40.9347","9.078",Pl.tr,Ροδολίβος,"5","175",281.772430419922
"1682","23.9962","40.968","10.8714",Pl.tr,Ροδολίβος,"5","162",224.919555664062
"1683","23.863","40.968","-2.8334",H.t3,Ροδολίβος,"121","112",13.8599910736084
"1684","23.8963","40.968","4.4638",H.t3,Ροδολίβος,"311","117",14.8137502670288
"1685","23.7964","40.968","-13.4669",Pl.s2,- Ροδολίβος - Προσοτσάνη,"111","118",18.9609546661377
"1686","23.7964","40.9347","-18.505",al,Ροδολίβος,"111","104",3.57365226745605
"1687","23.7631","40.9347","-19.9828",al,Ροδολίβος,"121","102",1
"1688","23.863","40.9347","-9.6047",Pl.s2,Ροδολίβος,"111","137",49.9830360412598
"1689","23.8963","40.9347","-1.6778",Pl.tr,Ροδολίβος,"221","156",192.739822387695
"1690","23.863","40.9014","-13.524",Pl.tr,Ροδολίβος,"5","142",75.0519714355469
"1691","23.8963","40.9014","-3.9567",Pl.tr,Ροδολίβος,"221","156",151.386871337891
"1692","23.9296","40.9014","9.5242",Pl.tr,Ροδολίβος,"5","163",212.010269165039
"1693","23.9629","40.9014","9.9168",mr,- Ροδολίβος - Νικησιάνη,"2132","181",359.732116699219
"1694","23.8297","40.9347","-14.6508",al,Ροδολίβος,"121","109",8.87648010253906
"1695","23.9962","40.9347","2.9868",Ms-Pl.c,Ροδολίβος,"221","181",308.771453857422
"1696","23.8297","40.9014","-15.469",Pt-t1,Ροδολίβος,"111","123",34.2576141357422
"1697","23.7964","40.9014","-16.3889",al,Ροδολίβος,"111","105",5.16869640350342
"1698","23.7964","40.8681","-6.2409",Pt.t2,Ροδολίβος,"111","116",21.9710254669189
"1699","23.8297","40.8681","-5.039",al,Ροδολίβος,"111","101",0
"1700","23.863","40.8681","-4.5575",Pl.s1,Ροδολίβος,"111","133",14.6345481872559
"1701","23.8963","40.8681","4.5368",Pl.tr,Ροδολίβος,"5","151",121.514305114746
"1702","23.9296","40.8681","17.8059",mr,- Ροδολίβος - Νικησιάνη,"2132","169",233.140823364258
"1703","23.8297","40.8348","5.3311",al,- Σιτοχώριον - Ροδολίβος,"121","119",14.5408029556274
"1704","23.863","40.8348","6.1469","gn,bi",Ροδολίβος,"223","144",64.5986251831055
"1705","23.8963","40.8348","10.3869",al,Ροδολίβος,"121","157",155.701583862305
"1706","23.9296","40.8348","16.7965",H.sc,Ροδολίβος,"311","198",381.481719970703
"1707","23.9629","40.8681","15.3151",sch-mr,Ροδολίβος,"413","217",575.516723632812
"1708","23.7631","40.8681","-8.1498",al.c,- Σιτοχώριον - Ροδολίβος,"121","137",45.0743141174316
"1709","23.7964","40.8348","1.8167",Ms-Pl.s.m,Ροδολίβος,"111","137",82.0639724731445
"1710","23.7964","40.8015","1.7341",Pl.mk.st,Ροδολίβος,"2111","179",260.637847900391
"1711","23.8297","40.8015","3.0317",Ms,Ροδολίβος,"111","152",109.765769958496
"1712","23.7631","40.8015","0.8238",Ms-Pl.s.m,Ροδολίβος,"111","184",315.295288085938
"1713","23.863","40.8015","2.8678",H.sq,Ροδολίβος,"111","104",1.12786984443665
"1714","23.7631","40.7682","0.4465","gn,bi",- Σταυρός - Σιτοχώριον - Ροδολίβος,"323","150",167.367172241211
"1715","23.9962","41.0013","16.1617","M.c,m",- Ροδολίβος - Προσοτσάνη,"121","150",145.762985229492
"1716","24.0628","40.968","10.0247",mr,- Ροδολίβος - Νικησιάνη,"2132","200",362.28564453125
"1717","24.0961","40.968","11.6614",mr,- Ροδολίβος - Νικησιάνη,"2132","216",552.64697265625
"1718","24.0295","40.9347","-4.9626",mr,- Ροδολίβος - Νικησιάνη,"2132","216",651.553344726562
"1719","24.0628","40.9347","-5.7205",mr,- Ροδολίβος - Νικησιάνη,"2132","225",1023.79498291016
"1720","23.9629","41.0013","16.9195","Ms-Pl.m,s",- Ροδολίβος - Προσοτσάνη,"221","149",90.8652648925781
"1721","23.7631","41.0346","-1.3154",H.al,- Σοχός - Σιτοχώριον - Ροδολίβος - Νέο Πετρίτσιον - Πόροια -  - Σιδηρόκαστρο - Κερκίνη - Σέρραι - Προσοτσάνη,"111","148",107.227233886719
"1722","23.7964","41.0346","-3.157",Pl.tr,- Ροδολίβος - Σέρραι - Προσοτσάνη,"221","169",250.171295166016
"1723","23.8297","41.0346","-1.8284",Pl.tr,- Ροδολίβος - Σέρραι - Προσοτσάνη,"221","178",292.292602539062
"1724","23.863","41.0346","2.3376",Pl.tr,- Ροδολίβος - Σέρραι - Προσοτσάνη,"221","178",278.969665527344
"1725","23.7631","41.0013","-9.9207",H.al,- Σοχός - Σιτοχώριον - Ροδολίβος - Νέο Πετρίτσιον - Πόροια -  - Σιδηρόκαστρο - Κερκίνη - Σέρραι - Προσοτσάνη,"111","138",46.6885948181152
"1726","23.7964","41.0013","-9.3741",Pl.s2,- Ροδολίβος - Προσοτσάνη,"111","145",85.2608947753906
"1727","23.863","41.0013","-0.9722",Pl.tr,- Ροδολίβος - Σέρραι - Προσοτσάνη,"221","157",166.104156494141
"1728","23.9962","40.8681","1.9344",γ,- Ροδολίβος - Νικησιάνη,"222","223",985.193176269531
"1729","23.9962","40.9014","-3.6656",sch-mr,- Ροδολίβος - Νικησιάνη,"413","220",862.336791992188
"1730","24.0628","40.9014","-10.331",mr,- Ροδολίβος - Νικησιάνη,"2132","227",1452.70849609375
"1731","23.8963","41.0013","7.0202","Ms-Pl.m,s",- Ροδολίβος - Προσοτσάνη,"211","141",66.7423095703125
"1732","23.7298","40.968","-19.1454",Pl-M-s,- Σιτοχώριον - Ροδολίβος,"111","126",24.38747215271
"1733","23.53","40.9347","-3.1557",dl-s,Σιτοχώριον,"111","115",21.0660381317139
"1734","23.53","40.9014","9.2326",Pl,- Σοχός - Σιτοχώριον,"211","144",84.8168258666992
"1735","23.6299","40.9014","-2.9311",Pl.M-st,Σιτοχώριον,"111","124",34.0559196472168
"1736","23.6632","40.9014","-8.1695",Pl-M-m.k.c.,Σιτοχώριον,"411","140",46.4408721923828
"1737","23.6965","40.9014","-10.5728",Pl-M-m.k.c.,Σιτοχώριον,"411","116",22.4166603088379
"1738","23.6632","40.8681","-1.621",Pl.M-st,Σιτοχώριον,"111","143",80.9729156494141
"1739","23.6965","40.8681","-5.4609",al-c,- Σιτοχώριον - Ροδολίβος,"121","140",50.4745597839355
"1740","23.5966","40.9014","2.0475",H.al,- Σοχός - Σιτοχώριον,"111","132",36.9906005859375
"1741","23.5633","40.8681","13.3032",o,Σιτοχώριον,"222","169",324.153076171875
"1742","23.5966","40.8681","10.2576",Pl-M-m,Σιτοχώριον,"221","158",205.591598510742
"1743","23.6299","40.8681","4.8811",Pl-M-m.k.c.,Σιτοχώριον,"411","148",122.185958862305
"1744","23.53","40.8681","16.778",o,Σιτοχώριον,"222","166",287.737518310547
"1745","23.53","40.8348","15.2384",o,Σιτοχώριον,"222","216",611.673950195312
"1746","23.5633","40.8348","11.9063",m-sch,Σιτοχώριον,"413","193",338.881225585938
"1747","23.5966","40.8348","6.0845",bgn,Σιτοχώριον,"323","189",375.830291748047
"1748","23.6299","40.8348","1.0852",mr2,Σιτοχώριον,"2132","188",462.129028320312
"1749","23.5966","40.8015","2.3201",bgn,Σιτοχώριον,"323","219",731.221618652344
"1750","23.6299","40.8015","-0.4325",ggn,Σιτοχώριον,"222","220",788.0859375
"1751","23.5966","40.7682","3.0065",al-lo,Σιτοχώριον,"311","212",530.812133789062
"1752","23.6299","40.7682","-0.2855",mr2,Σιτοχώριον,"2132","224",972.205749511719
"1753","23.5633","40.8015","6.7496",m-sch,Σιτοχώριον,"413","218",689.105590820312
"1754","23.5633","40.7682","8.712",ab,Σιτοχώριον,"413","198",421.212249755859
"1755","23.6965","40.8348","-1.3228",H.t3,- Σιτοχώριον - Ροδολίβος,"121","157",174.366729736328
"1756","23.7298","40.8348","-1.5694",Pl.M-c.s,Σιτοχώριον,"111","165",237.941864013672
"1757","23.53","40.8015","11.1239",Q-sc2,Σιτοχώριον,"111","216",485.738464355469
"1758","23.6632","40.8348","-1.3786",Ms.c,Σιτοχώριον,"311","162",273.553100585938
"1759","23.6965","40.8015","-0.2019",ggn,Σιτοχώριον,"322","213",548.251708984375
"1760","23.6632","40.8015","-1.1618","gn,bi",- Σταυρός - Σιτοχώριον - Ροδολίβος,"323","218",630.09765625
"1761","23.7298","40.8015","0.6935","gn,bi",- Σταυρός - Σιτοχώριον - Ροδολίβος,"323","188",368.947937011719
"1762","23.6632","40.7682","-3.1305",mr2,Σιτοχώριον,"2132","224",935.147888183594
"1763","23.6965","40.7682","-4.5064",mr2,Σιτοχώριον,"2132","218",782.132080078125
"1764","23.7298","40.7682","-2.5358","gn,bi",- Σταυρός - Σιτοχώριον - Ροδολίβος,"323","182",413.382843017578
"1765","23.53","40.7682","16.8329",water_surf,- Σοχός - Σιτοχώριον,"0","187",337.461181640625
"1766","23.7631","40.8348","-1.4228",Pl.s1,- Σιτοχώριον - Ροδολίβος,"111","154",119.133071899414
"1767","23.7298","40.9014","-12.8239",Pl.s2,- Σιτοχώριον - Ροδολίβος,"111","132",52.0368843078613
"1768","23.7631","40.9014","-15.8776",H.t3,- Σιτοχώριον - Ροδολίβος,"121","115",17.9573726654053
"1769","23.7298","40.8681","-7.4227",Pl-M-m.k.c.,- Σιτοχώριον - Ροδολίβος,"411","141",53.2451095581055
"1770","23.6965","40.968","-21.0503",H.al,- Σοχός - Σιτοχώριον - Ροδολίβος - Νέο Πετρίτσιον - Πόροια -  - Σιδηρόκαστρο - Κερκίνη - Σέρραι - Προσοτσάνη,"111","102",1.65271711349487
"1771","23.7631","40.968","-16.8191",Pl-M-s,- Σιτοχώριον - Ροδολίβος,"111","133",34.040111541748
"1772","23.4967","40.8681","19.4733",gn2,- Σοχός - Σιτοχώριον,"413","172",301.990570068359
"1773","23.4967","40.8348","16.0205",gn2,- Σοχός - Σιτοχώριον,"413","210",475.850952148438
"1774","23.4634","40.9014","19.458",Pt.s,- Σοχός - Σιτοχώριον,"121","150",149.285186767578
"1775","23.4967","40.9014","15.6161",Pt.s,- Σοχός - Σιτοχώριον,"121","146",98.390251159668
"1776","23.4967","40.9347","2.6713",H.al,- Σοχός - Σιτοχώριον,"111","127",29.6229572296143
"1777","23.5633","40.9347","-7.9471",H.al,- Σοχός - Σιτοχώριον,"111","112",16.2796478271484
"1778","23.5966","40.9347","-12.0181",H.al,- Σοχός - Σιτοχώριον - Ροδολίβος - Κερκίνη - Σιδηρόκαστρο,"111","108",6.96551322937012
"1779","23.6299","40.9347","-15.5579",H.al,- Σοχός - Σιτοχώριον,"111","105",6.041184425354
"1780","23.5633","40.9014","4.8267",H.al,- Σοχός - Σιτοχώριον,"111","137",51.141773223877
"1781","23.4967","41.3343","13.2112",mr,- Αχλαδοχώριον - Νέο Πετρίτσιον,"2132","220",763.894348144531
"1782","23.5966","41.3343","5.0265",μν1,- Αχλαδοχώριον - Σιδηρόκαστρο - Σέρραι,"222","225",1112.92834472656
"1783","23.6299","41.3343","7.4845",mr,- Αχλαδοχώριον - Νέο Πετρίτσιον,"2132","226",1103.25854492188
"1784","23.4967","41.301","5.0454","H.cs,sc",- Αχλαδοχώριον - Νέο Πετρίτσιον,"311","191",368.488952636719
"1785","23.5633","41.301","-3.9556",μν1,- Αχλαδοχώριον - Σιδηρόκαστρο - Σέρραι,"222","219",619.636169433594
"1786","23.4967","41.2677","-2.5894",gn-μν,- Αχλαδοχώριον - Νέο Πετρίτσιον - Σιδηρόκαστρο - Σέρραι,"222","218",568.453796386719
"1787","23.53","41.2677","-9.8439",gn-μν,- Αχλαδοχώριον - Νέο Πετρίτσιον - Σιδηρόκαστρο - Σέρραι,"222","226",1060.34826660156
"1788","23.5633","41.2677","-10.6628",μν1,- Αχλαδοχώριον - Σιδηρόκαστρο - Σέρραι,"222","227",1286.89489746094
"1789","23.5966","41.2677","-4.2706",μν1,- Αχλαδοχώριον - Σιδηρόκαστρο - Σέρραι,"222","228",1502.56091308594
"1790","23.6299","41.2677","3.5157",μν1,- Αχλαδοχώριον - Σιδηρόκαστρο - Σέρραι,"222","225",1122.07739257812
"1791","23.4967","41.2344","5.08",gn-μν,- Αχλαδοχώριον - Νέο Πετρίτσιον - Σιδηρόκαστρο - Σέρραι,"222","225",963.484375
"1792","23.53","41.2344","-0.209",μν1,- Αχλαδοχώριον - Σιδηρόκαστρο - Σέρραι,"222","227",1296.95495605469
"1793","23.53","41.4009","1.7254",mr,- Αχλαδοχώριον - Νέο Πετρίτσιον,"2132","226",1125.98754882812
"1794","23.53","41.3676","9.0149",mr,- Αχλαδοχώριον - Νέο Πετρίτσιον,"2132","226",917.827270507812
"1795","23.5633","41.3676","2.6705",mr,- Αχλαδοχώριον - Νέο Πετρίτσιον,"2132","226",952.752502441406
"1796","23.5966","41.3676","-2.0406",mr,- Αχλαδοχώριον - Νέο Πετρίτσιον,"2132","229",1460.92321777344
"1797","23.4634","41.301","9.1134","Pt.cs,sc2",- Αχλαδοχώριον - Νέο Πετρίτσιον,"121","196",423.249816894531
"1798","23.4967","41.1345","2.0217",γ-br,- Σιδηρόκαστρο,"221","174",270.116638183594
"1799","23.4967","41.1678","5.2641","Ms.c,st",- Σιδηρόκαστρο - Σέρραι,"111","203",440.092926025391
"1800","23.53","41.1678","9.4036","Ms.c,st",- Σιδηρόκαστρο - Σέρραι,"111","212",481.887420654297
"1801","23.5633","41.1345","13.6854","Ms.c,st",- Σιδηρόκαστρο - Σέρραι,"111","182",321.356719970703
"1802","23.4967","41.2011","11.8322",gn-μν,- Αχλαδοχώριον - Νέο Πετρίτσιον - Σιδηρόκαστρο - Σέρραι,"222","220",773.200439453125
"1803","23.53","41.2011","11.74",gn-μν,- Αχλαδοχώριον - Νέο Πετρίτσιον - Σιδηρόκαστρο - Σέρραι,"222","221",851.332092285156
"1804","23.4967","40.8015","13.604",δ,- Σοχός - Σιτοχώριον,"412","196",391.884429931641
"1805","23.6632","41.1678","-8.5495",mr,- Ποταμοί - Κάτω Νευροκόπι - Σέρραι - Προσοτσάνη - Δράμα,"2132","226",1108.048828125
"1806","23.7298","41.1678","-13.8609",mr,- Ποταμοί - Κάτω Νευροκόπι - Σέρραι - Προσοτσάνη - Δράμα,"2132","228",1664.51745605469
"1807","23.7631","41.1678","-13.6128",mr,- Ποταμοί - Κάτω Νευροκόπι - Σέρραι - Προσοτσάνη - Δράμα,"2132","226",1252.994140625
"1808","23.4301","41.1012","-18.8141",H.al,- Σοχός - Σιτοχώριον - Ροδολίβος - Νέο Πετρίτσιον - Πόροια -  - Σιδηρόκαστρο - Κερκίνη - Σέρραι - Προσοτσάνη,"111","120",19.6244354248047
"1809","23.4634","41.1012","-9.9109",H.al,- Σοχός - Σιτοχώριον - Ροδολίβος - Νέο Πετρίτσιον - Πόροια -  - Σιδηρόκαστρο - Κερκίνη - Σέρραι - Προσοτσάνη,"111","128",26.6884059906006
"1810","23.4301","41.0679","-25.4973",H.al,- Σοχός - Σιτοχώριον - Ροδολίβος - Νέο Πετρίτσιον - Πόροια -  - Σιδηρόκαστρο - Κερκίνη - Σέρραι - Προσοτσάνη,"111","116",15.6429882049561
"1811","23.4967","41.0679","-18.0327",H.al,- Σοχός - Σιτοχώριον - Ροδολίβος - Νέο Πετρίτσιον - Πόροια -  - Σιδηρόκαστρο - Κερκίνη - Σέρραι - Προσοτσάνη,"111","114",14.3898258209229
"1812","23.53","41.0679","-13.0712",H.al,- Σοχός - Σιτοχώριον - Ροδολίβος - Νέο Πετρίτσιον - Πόροια -  - Σιδηρόκαστρο - Κερκίνη - Σέρραι - Προσοτσάνη,"111","119",19.3795833587646
"1813","23.5633","41.0679","-7.6369",H.al,- Σοχός - Σιτοχώριον - Ροδολίβος - Νέο Πετρίτσιον - Πόροια -  - Σιδηρόκαστρο - Κερκίνη - Σέρραι - Προσοτσάνη,"111","128",29.0099468231201
"1814","23.4301","41.0346","-24.1809",H.al,- Σοχός - Σιτοχώριον - Ροδολίβος - Νέο Πετρίτσιον - Πόροια -  - Σιδηρόκαστρο - Κερκίνη - Σέρραι - Προσοτσάνη,"111","115",14.4049663543701
"1815","23.4634","41.0346","-26.6115",H.al,- Σοχός - Σιτοχώριον - Ροδολίβος - Νέο Πετρίτσιον - Πόροια -  - Σιδηρόκαστρο - Κερκίνη - Σέρραι - Προσοτσάνη,"111","113",13.122688293457
"1816","23.4967","41.0346","-27.6694",H.al,- Σοχός - Σιτοχώριον - Ροδολίβος - Νέο Πετρίτσιον - Πόροια -  - Σιδηρόκαστρο - Κερκίνη - Σέρραι - Προσοτσάνη,"111","112",12.0859327316284
"1817","23.53","41.0346","-25.8696",H.al,- Σοχός - Σιτοχώριον - Ροδολίβος - Νέο Πετρίτσιον - Πόροια -  - Σιδηρόκαστρο - Κερκίνη - Σέρραι - Προσοτσάνη,"111","111",10.7667951583862
"1818","23.5633","41.0346","-20.7256",H.al,- Σοχός - Σιτοχώριον - Ροδολίβος - Νέο Πετρίτσιον - Πόροια -  - Σιδηρόκαστρο - Κερκίνη - Σέρραι - Προσοτσάνη,"111","113",13.1690816879272
"1819","23.5966","41.0346","-14.8537",H.al,- Σοχός - Σιτοχώριον - Ροδολίβος - Νέο Πετρίτσιον - Πόροια -  - Σιδηρόκαστρο - Κερκίνη - Σέρραι - Προσοτσάνη,"111","114",13.6973686218262
"1820","23.4301","41.0013","-18.5695",H.al,- Σοχός - Σιτοχώριον - Ροδολίβος - Κερκίνη - Σιδηρόκαστρο,"111","115",14.8183698654175
"1821","23.4634","41.0013","-23.7502",H.al,- Σοχός - Σιτοχώριον - Ροδολίβος - Νέο Πετρίτσιον - Πόροια -  - Σιδηρόκαστρο - Κερκίνη - Σέρραι - Προσοτσάνη,"111","114",14.4665412902832
"1822","23.4967","41.0013","-27.1728",H.al,- Σοχός - Σιτοχώριον - Ροδολίβος - Νέο Πετρίτσιον - Πόροια -  - Σιδηρόκαστρο - Κερκίνη - Σέρραι - Προσοτσάνη,"111","111",11.9795379638672
"1823","23.53","41.0013","-27.9067",H.al,- Σοχός - Σιτοχώριον - Ροδολίβος - Νέο Πετρίτσιον - Πόροια -  - Σιδηρόκαστρο - Κερκίνη - Σέρραι - Προσοτσάνη,"111","110",10.5509424209595
"1824","23.5633","41.0013","-26.4486",H.al,- Σοχός - Σιτοχώριον - Ροδολίβος - Νέο Πετρίτσιον - Πόροια -  - Σιδηρόκαστρο - Κερκίνη - Σέρραι - Προσοτσάνη,"111","109",9.56089782714844
"1825","23.5966","41.0013","-24.0393",H.al,- Σοχός - Σιτοχώριον - Ροδολίβος - Νέο Πετρίτσιον - Πόροια -  - Σιδηρόκαστρο - Κερκίνη - Σέρραι - Προσοτσάνη,"111","109",8.75296020507812
"1826","23.4634","40.968","-11.6307",H.al,- Σοχός - Σιτοχώριον - Ροδολίβος - Κερκίνη - Σιδηρόκαστρο,"111","114",19.2245254516602
"1827","23.4967","40.968","-16.7904",H.al,- Σοχός - Σιτοχώριον - Ροδολίβος - Κερκίνη - Σιδηρόκαστρο,"111","112",11.8719005584717
"1828","23.53","40.968","-19.6271",H.al,- Σοχός - Σιτοχώριον - Ροδολίβος - Κερκίνη - Σιδηρόκαστρο,"111","110",9.67730236053467
"1829","23.5633","40.968","-21.92",H.al,- Σοχός - Σιτοχώριον - Ροδολίβος - Κερκίνη - Σιδηρόκαστρο,"111","107",7.74591970443726
"1830","23.5966","40.968","-23.5457",H.al,- Σοχός - Σιτοχώριον - Ροδολίβος - Κερκίνη - Σιδηρόκαστρο,"111","107",6.36401033401489
"1831","23.6299","40.968","-23.6374",H.al,- Σοχός - Σιτοχώριον - Ροδολίβος - Νέο Πετρίτσιον - Πόροια -  - Σιδηρόκαστρο - Κερκίνη - Σέρραι - Προσοτσάνη,"111","105",4.36654376983643
"1832","23.6632","40.968","-22.5581",H.al,- Σοχός - Σιτοχώριον - Ροδολίβος - Νέο Πετρίτσιον - Πόροια -  - Σιδηρόκαστρο - Κερκίνη - Σέρραι - Προσοτσάνη,"111","104",4.02364110946655
"1833","23.6632","40.9347","-17.3089",H.al,- Σοχός - Σιτοχώριον - Ροδολίβος - Κερκίνη - Σιδηρόκαστρο,"111","104",4.14940309524536
"1834","23.6965","40.9347","-17.4678",H.al,- Σοχός - Σιτοχώριον - Ροδολίβος - Κερκίνη - Σιδηρόκαστρο,"111","106",4.13423013687134
"1835","23.7298","40.9347","-18.5582",H.al,- Σοχός - Σιτοχώριον - Ροδολίβος - Νέο Πετρίτσιον - Πόροια -  - Σιδηρόκαστρο - Κερκίνη - Σέρραι - Προσοτσάνη,"111","102",2.96085286140442
