   20.200000   42.300000      5.2346
   20.233300   42.300000      9.2335
   20.266600   42.300000     14.0217
   20.299900   42.300000     16.1662
   20.333200   42.300000     13.8260
   20.366500   42.300000      9.3823
   20.399800   42.300000      9.6856
   20.433100   42.300000     14.8825
   20.466400   42.300000     15.8898
   20.499700   42.300000     10.2366
   20.533000   42.300000     -5.1352
   20.566300   42.300000    -14.2240
   20.599600   42.300000    -13.0539
   20.632900   42.300000    -12.7160
   20.666200   42.300000    -19.5797
   20.699500   42.300000    -25.2963
   20.732800   42.300000    -22.0463
   20.766100   42.300000    -16.9834
   20.799400   42.300000    -17.0872
   20.832700   42.300000    -13.2601
   20.866000   42.300000      5.1068
   20.899300   42.300000     23.9764
   20.932600   42.300000     17.5229
   20.965900   42.300000    -12.6235
   20.999200   42.300000    -33.9923
   21.032500   42.300000    -26.0911
   21.065800   42.300000     -1.2152
   21.099100   42.300000     22.0312
   21.132400   42.300000     23.0407
   21.165700   42.300000      7.6833
   21.199000   42.300000     -3.2683
   21.232300   42.300000     -4.4237
   21.265600   42.300000      0.2490
   21.298900   42.300000      4.5548
   21.332200   42.300000      3.2454
   21.365500   42.300000     -0.6002
   21.398800   42.300000      1.7051
   21.432100   42.300000      8.5622
   21.465400   42.300000     11.3642
   21.498700   42.300000      6.6507
   21.532000   42.300000      1.6402
   21.565300   42.300000      0.0664
   21.598600   42.300000     -2.4336
   21.631900   42.300000     -5.9379
   21.665200   42.300000     -7.3267
   21.698500   42.300000     -3.4742
   21.731800   42.300000     -0.2396
   21.765100   42.300000      1.3681
   21.798400   42.300000      3.5691
   21.831700   42.300000      3.8703
   21.865000   42.300000     -4.0727
   21.898300   42.300000    -14.2811
   21.931600   42.300000    -20.3629
   21.964900   42.300000    -17.1556
   21.998200   42.300000     -7.0454
   22.031500   42.300000      3.5141
   22.064800   42.300000      9.1206
   22.098100   42.300000     11.7155
   22.131400   42.300000     14.7344
   22.164700   42.300000     15.9367
   22.198000   42.300000     13.6391
   22.231300   42.300000      5.8485
   22.264600   42.300000     -1.5073
   22.297900   42.300000     -4.5279
   22.331200   42.300000     -4.9984
   22.364500   42.300000     -4.8605
   22.397800   42.300000      0.3887
   22.431100   42.300000     14.2987
   22.464400   42.300000     27.9751
   22.497700   42.300000     33.3483
   22.531000   42.300000     20.4252
   22.564300   42.300000      6.1842
   22.597600   42.300000     -0.0659
   22.630900   42.300000      3.3262
   22.664200   42.300000     15.8055
   22.697500   42.300000     30.8241
   22.730800   42.300000     35.7046
   22.764100   42.300000     15.9515
   22.797400   42.300000    -22.4437
   22.830700   42.300000    -52.1872
   22.864000   42.300000    -53.1888
   22.897300   42.300000    -34.5309
   22.930600   42.300000    -27.1627
   22.963900   42.300000    -34.0843
   22.997200   42.300000    -33.1253
   23.030500   42.300000      1.4987
   23.063800   42.300000     47.9054
   23.097100   42.300000     67.4683
   23.130400   42.300000     34.7646
   23.163700   42.300000    -30.3812
   23.197000   42.300000    -86.9043
   23.230300   42.300000   -108.0102
   23.263600   42.300000    -85.3971
   23.296900   42.300000    -32.9681
   23.330200   42.300000      8.9721
   23.363500   42.300000      1.8790
   23.396800   42.300000    -38.4246
   23.430100   42.300000    -69.9998
   23.463400   42.300000    -39.9075
   23.496700   42.300000     58.4313
   23.530000   42.300000    164.5288
   23.563300   42.300000    200.1610
   23.596600   42.300000    136.4556
   23.629900   42.300000     43.5622
   23.663200   42.300000     -8.7006
   23.696500   42.300000     13.1143
   23.729800   42.300000     84.9488
   23.763100   42.300000    142.4094
   23.796400   42.300000    131.9255
   23.829700   42.300000     56.0341
   23.863000   42.300000    -37.1725
   23.896300   42.300000    -88.3864
   23.929600   42.300000    -75.7967
   23.962900   42.300000    -26.0910
   23.996200   42.300000     28.7709
   24.029500   42.300000     57.4422
   24.062800   42.300000     42.4074
   24.096100   42.300000     -3.1750
   24.129400   42.300000    -45.2443
   24.162700   42.300000    -52.9659
   24.196000   42.300000    -23.8697
   24.229300   42.300000     23.8703
   24.262600   42.300000     58.5197
   24.295900   42.300000     58.8434
   24.329200   42.300000     23.4244
   24.362500   42.300000    -29.1331
   24.395800   42.300000    -71.9408
   24.429100   42.300000    -85.7349
   24.462400   42.300000    -64.6332
   24.495700   42.300000    -20.6583
   24.529000   42.300000     23.6133
   24.562300   42.300000     46.9483
   24.595600   42.300000     39.2635
   24.628900   42.300000      6.1974
   24.662200   42.300000    -34.8660
   24.695500   42.300000    -62.5154
   24.728800   42.300000    -62.7938
   24.762100   42.300000    -35.6311
   24.795400   42.300000      3.9698
   24.828700   42.300000     34.6222
   24.862000   42.300000     39.8164
   24.895300   42.300000     17.1804
   24.928600   42.300000    -20.0543
   24.961900   42.300000    -51.0257
   24.995200   42.300000    -59.2212
   25.028500   42.300000    -42.3631
   25.061800   42.300000    -11.5579
   25.095100   42.300000     15.8558
   25.128400   42.300000     25.7895
   25.161700   42.300000     14.1576
   25.195000   42.300000    -12.7765
   25.228300   42.300000    -41.2893
   25.261600   42.300000    -57.0485
   25.294900   42.300000    -53.1982
   25.328200   42.300000    -30.1387
   25.361500   42.300000      0.6655
   25.394800   42.300000     29.8166
   25.428100   42.300000     46.9511
   25.461400   42.300000     47.3314
   25.494700   42.300000     31.9424
   25.528000   42.300000      7.8066
   25.561300   42.300000    -16.1934
   25.594600   42.300000    -31.6895
   20.200000   42.266700     -9.0993
   20.233300   42.266700      1.1309
   20.266600   42.266700     14.3606
   20.299900   42.266700     21.5264
   20.333200   42.266700     19.6103
   20.366500   42.266700     16.8521
   20.399800   42.266700     24.1622
   20.433100   42.266700     29.1890
   20.466400   42.266700     19.8737
   20.499700   42.266700      1.3302
   20.533000   42.266700    -24.3054
   20.566300   42.266700    -26.7511
   20.599600   42.266700     -9.3205
   20.632900   42.266700      2.0058
   20.666200   42.266700     -7.0296
   20.699500   42.266700    -23.2481
   20.732800   42.266700    -25.2671
   20.766100   42.266700    -18.0533
   20.799400   42.266700    -18.3145
   20.832700   42.266700    -16.1428
   20.866000   42.266700     -0.4665
   20.899300   42.266700     22.1315
   20.932600   42.266700     24.7819
   20.965900   42.266700     -2.0187
   20.999200   42.266700    -38.0629
   21.032500   42.266700    -46.6252
   21.065800   42.266700    -14.5126
   21.099100   42.266700     14.1046
   21.132400   42.266700     18.8784
   21.165700   42.266700      7.7171
   21.199000   42.266700     -3.2507
   21.232300   42.266700     -6.4127
   21.265600   42.266700     -1.7906
   21.298900   42.266700      4.0225
   21.332200   42.266700      3.0842
   21.365500   42.266700     -3.2769
   21.398800   42.266700     -3.9931
   21.432100   42.266700      3.5342
   21.465400   42.266700     12.0409
   21.498700   42.266700     14.2853
   21.532000   42.266700     14.6371
   21.565300   42.266700     13.5131
   21.598600   42.266700     11.0629
   21.631900   42.266700      5.6404
   21.665200   42.266700      0.2680
   21.698500   42.266700     -2.8797
   21.731800   42.266700     -2.4480
   21.765100   42.266700      1.5533
   21.798400   42.266700      7.1354
   21.831700   42.266700      9.2571
   21.865000   42.266700      2.6532
   21.898300   42.266700     -7.7824
   21.931600   42.266700    -14.9408
   21.964900   42.266700    -14.7413
   21.998200   42.266700     -8.2872
   22.031500   42.266700     -0.9472
   22.064800   42.266700      3.2082
   22.098100   42.266700      4.0158
   22.131400   42.266700      3.6530
   22.164700   42.266700      3.0735
   22.198000   42.266700      0.8356
   22.231300   42.266700     -1.5782
   22.264600   42.266700     -0.4977
   22.297900   42.266700      2.9671
   22.331200   42.266700      3.1849
   22.364500   42.266700      2.4190
   22.397800   42.266700     10.3875
   22.431100   42.266700     25.1857
   22.464400   42.266700     37.3363
   22.497700   42.266700     29.4428
   22.531000   42.266700      9.3461
   22.564300   42.266700     -6.0793
   22.597600   42.266700    -11.0698
   22.630900   42.266700    -10.7774
   22.664200   42.266700    -12.5723
   22.697500   42.266700    -15.3382
   22.730800   42.266700    -19.8929
   22.764100   42.266700    -30.7033
   22.797400   42.266700    -45.2563
   22.830700   42.266700    -40.0794
   22.864000   42.266700     -0.3571
   22.897300   42.266700     43.1663
   22.930600   42.266700     47.3405
   22.963900   42.266700      9.4043
   22.997200   42.266700    -25.5188
   23.030500   42.266700    -15.2560
   23.063800   42.266700     24.8655
   23.097100   42.266700     41.6403
   23.130400   42.266700     15.6298
   23.163700   42.266700    -21.6338
   23.197000   42.266700    -36.5169
   23.230300   42.266700    -23.5694
   23.263600   42.266700      4.8578
   23.296900   42.266700     43.3200
   23.330200   42.266700     66.8523
   23.363500   42.266700     47.0974
   23.396800   42.266700    -23.9971
   23.430100   42.266700    -97.5018
   23.463400   42.266700   -112.6936
   23.496700   42.266700    -36.0351
   23.530000   42.266700     57.5844
   23.563300   42.266700     78.6158
   23.596600   42.266700     15.7802
   23.629900   42.266700    -78.8169
   23.663200   42.266700   -125.1337
   23.696500   42.266700    -80.9015
   23.729800   42.266700     10.7306
   23.763100   42.266700     89.6891
   23.796400   42.266700    109.1747
   23.829700   42.266700     66.0373
   23.863000   42.266700     -7.4848
   23.896300   42.266700    -54.9737
   23.929600   42.266700    -52.4870
   23.962900   42.266700    -18.7293
   23.996200   42.266700     14.9988
   24.029500   42.266700     27.5140
   24.062800   42.266700      7.2817
   24.096100   42.266700    -30.0684
   24.129400   42.266700    -55.4933
   24.162700   42.266700    -54.3799
   24.196000   42.266700    -20.8490
   24.229300   42.266700     23.1826
   24.262600   42.266700     55.5524
   24.295900   42.266700     58.1441
   24.329200   42.266700     31.8156
   24.362500   42.266700     -8.6811
   24.395800   42.266700    -43.8758
   24.429100   42.266700    -58.1463
   24.462400   42.266700    -47.3601
   24.495700   42.266700    -19.1948
   24.529000   42.266700     11.7074
   24.562300   42.266700     31.4001
   24.595600   42.266700     32.2994
   24.628900   42.266700     16.0098
   24.662200   42.266700     -7.9090
   24.695500   42.266700    -25.9290
   24.728800   42.266700    -27.6488
   24.762100   42.266700    -10.9217
   24.795400   42.266700     16.1670
   24.828700   42.266700     39.7441
   24.862000   42.266700     47.6958
   24.895300   42.266700     36.4873
   24.928600   42.266700     13.6863
   24.961900   42.266700     -6.6906
   24.995200   42.266700    -13.0248
   25.028500   42.266700     -3.1851
   25.061800   42.266700     15.4311
   25.095100   42.266700     31.3520
   25.128400   42.266700     35.5662
   25.161700   42.266700     24.1686
   25.195000   42.266700      0.7808
   25.228300   42.266700    -27.0226
   25.261600   42.266700    -48.6449
   25.294900   42.266700    -56.3890
   25.328200   42.266700    -47.5371
   25.361500   42.266700    -25.8184
   25.394800   42.266700      0.6017
   25.428100   42.266700     22.7093
   25.461400   42.266700     34.6014
   25.494700   42.266700     33.4680
   25.528000   42.266700     19.5653
   25.561300   42.266700     -2.7884
   25.594600   42.266700    -23.4158
   20.200000   42.233400    -29.2125
   20.233300   42.233400    -31.3173
   20.266600   42.233400    -23.3276
   20.299900   42.233400    -11.7680
   20.333200   42.233400     -1.5771
   20.366500   42.233400     10.8776
   20.399800   42.233400     25.3984
   20.433100   42.233400     30.0613
   20.466400   42.233400     14.9260
   20.499700   42.233400     -8.5036
   20.533000   42.233400    -22.3350
   20.566300   42.233400    -22.4821
   20.599600   42.233400     -6.8423
   20.632900   42.233400      5.4301
   20.666200   42.233400     -1.9283
   20.699500   42.233400    -16.3606
   20.732800   42.233400    -17.0470
   20.766100   42.233400     -7.1860
   20.799400   42.233400     -7.1189
   20.832700   42.233400    -11.7872
   20.866000   42.233400     -5.2254
   20.899300   42.233400     12.9524
   20.932600   42.233400     26.8350
   20.965900   42.233400     20.8526
   20.999200   42.233400     -4.4873
   21.032500   42.233400    -13.8001
   21.065800   42.233400      2.0815
   21.099100   42.233400     16.2213
   21.132400   42.233400     14.2851
   21.165700   42.233400      5.6143
   21.199000   42.233400     -2.7238
   21.232300   42.233400     -4.7220
   21.265600   42.233400     -1.0749
   21.298900   42.233400      3.0485
   21.332200   42.233400      2.6299
   21.365500   42.233400     -3.2793
   21.398800   42.233400     -7.1607
   21.432100   42.233400     -4.8208
   21.465400   42.233400     -0.2040
   21.498700   42.233400      5.4107
   21.532000   42.233400     10.3337
   21.565300   42.233400     11.6117
   21.598600   42.233400      9.9683
   21.631900   42.233400      6.8563
   21.665200   42.233400      2.9385
   21.698500   42.233400     -1.8111
   21.731800   42.233400     -4.0849
   21.765100   42.233400     -0.0798
   21.798400   42.233400      7.9427
   21.831700   42.233400     13.4373
   21.865000   42.233400     10.7489
   21.898300   42.233400      3.3087
   21.931600   42.233400     -2.9745
   21.964900   42.233400     -5.6108
   21.998200   42.233400     -5.4207
   22.031500   42.233400     -4.8428
   22.064800   42.233400     -5.4224
   22.098100   42.233400     -5.8335
   22.131400   42.233400     -4.0486
   22.164700   42.233400     -3.8949
   22.198000   42.233400     -7.0844
   22.231300   42.233400     -6.3782
   22.264600   42.233400      0.6225
   22.297900   42.233400      7.0040
   22.331200   42.233400      3.9331
   22.364500   42.233400     -3.2819
   22.397800   42.233400      0.8155
   22.431100   42.233400     12.8453
   22.464400   42.233400     16.0536
   22.497700   42.233400      0.9155
   22.531000   42.233400    -17.7555
   22.564300   42.233400    -27.1765
   22.597600   42.233400    -19.6852
   22.630900   42.233400    -11.9556
   22.664200   42.233400    -10.1856
   22.697500   42.233400    -17.6298
   22.730800   42.233400    -21.0194
   22.764100   42.233400    -22.6922
   22.797400   42.233400    -21.0235
   22.830700   42.233400     -1.9927
   22.864000   42.233400     41.2537
   22.897300   42.233400     78.5445
   22.930600   42.233400     71.5074
   22.963900   42.233400     27.5801
   22.997200   42.233400     -8.9998
   23.030500   42.233400     -6.8509
   23.063800   42.233400     16.7897
   23.097100   42.233400     16.1509
   23.130400   42.233400    -12.7520
   23.163700   42.233400    -23.1146
   23.197000   42.233400     -2.2428
   23.230300   42.233400     23.2013
   23.263600   42.233400     40.0187
   23.296900   42.233400     65.8897
   23.330200   42.233400     91.5949
   23.363500   42.233400     93.7693
   23.396800   42.233400     42.3621
   23.430100   42.233400    -31.0141
   23.463400   42.233400    -60.0018
   23.496700   42.233400    -30.0904
   23.530000   42.233400     10.7886
   23.563300   42.233400     12.0225
   23.596600   42.233400    -34.9430
   23.629900   42.233400   -101.0486
   23.663200   42.233400   -124.4320
   23.696500   42.233400    -87.2910
   23.729800   42.233400    -22.0276
   23.763100   42.233400     36.4758
   23.796400   42.233400     60.1692
   23.829700   42.233400     35.8868
   23.863000   42.233400     -0.1813
   23.896300   42.233400    -18.3724
   23.929600   42.233400    -10.0942
   23.962900   42.233400     11.4398
   23.996200   42.233400     24.7837
   24.029500   42.233400     26.6420
   24.062800   42.233400     11.7845
   24.096100   42.233400     -9.9426
   24.129400   42.233400    -26.1028
   24.162700   42.233400    -27.7942
   24.196000   42.233400    -13.9379
   24.229300   42.233400      7.5090
   24.262600   42.233400     24.6947
   24.295900   42.233400     29.7358
   24.329200   42.233400     22.6812
   24.362500   42.233400      8.5951
   24.395800   42.233400     -5.4724
   24.429100   42.233400    -13.3476
   24.462400   42.233400    -12.3568
   24.495700   42.233400     -4.6919
   24.529000   42.233400      4.8485
   24.562300   42.233400     11.9061
   24.595600   42.233400     13.7177
   24.628900   42.233400      9.7527
   24.662200   42.233400      2.1524
   24.695500   42.233400     -4.7096
   24.728800   42.233400     -6.6543
   24.762100   42.233400     -1.9873
   24.795400   42.233400      7.1920
   24.828700   42.233400     15.9763
   24.862000   42.233400     19.4167
   24.895300   42.233400     15.6803
   24.928600   42.233400      7.3122
   24.961900   42.233400     -0.3559
   24.995200   42.233400     -2.6137
   25.028500   42.233400      1.2972
   25.061800   42.233400      8.2447
   25.095100   42.233400     14.2368
   25.128400   42.233400     16.4259
   25.161700   42.233400     13.7868
   25.195000   42.233400      6.5313
   25.228300   42.233400     -3.0717
   25.261600   42.233400    -11.7991
   25.294900   42.233400    -17.0664
   25.328200   42.233400    -17.0328
   25.361500   42.233400    -11.4953
   25.394800   42.233400     -3.2547
   25.428100   42.233400      3.9035
   25.461400   42.233400      8.0198
   25.494700   42.233400      8.6547
   25.528000   42.233400      4.1376
   25.561300   42.233400     -5.5169
   25.594600   42.233400    -14.9089
   20.200000   42.200100    -48.0941
   20.233300   42.200100    -69.6778
   20.266600   42.200100    -71.4964
   20.299900   42.200100    -59.2243
   20.333200   42.200100    -30.4326
   20.366500   42.200100     -3.3473
   20.399800   42.200100     12.6177
   20.433100   42.200100     12.7031
   20.466400   42.200100      2.8681
   20.499700   42.200100     -4.7222
   20.533000   42.200100     -6.4543
   20.566300   42.200100     -2.4768
   20.599600   42.200100     -0.5980
   20.632900   42.200100     -3.5653
   20.666200   42.200100     -8.0145
   20.699500   42.200100    -12.2659
   20.732800   42.200100    -12.8310
   20.766100   42.200100     -8.6654
   20.799400   42.200100     -8.5384
   20.832700   42.200100    -13.0456
   20.866000   42.200100    -11.4165
   20.899300   42.200100      1.2727
   20.932600   42.200100     24.2088
   20.965900   42.200100     40.0481
   20.999200   42.200100     37.0933
   21.032500   42.200100     28.3234
   21.065800   42.200100     24.3756
   21.099100   42.200100     21.4378
   21.132400   42.200100     13.9487
   21.165700   42.200100      3.2210
   21.199000   42.200100     -3.2895
   21.232300   42.200100     -2.8374
   21.265600   42.200100     -1.5204
   21.298900   42.200100     -1.1536
   21.332200   42.200100     -0.0403
   21.365500   42.200100      1.6702
   21.398800   42.200100      1.8558
   21.432100   42.200100      1.6295
   21.465400   42.200100      3.9689
   21.498700   42.200100      9.3271
   21.532000   42.200100     13.9221
   21.565300   42.200100     10.6512
   21.598600   42.200100      3.4499
   21.631900   42.200100     -0.4162
   21.665200   42.200100     -0.4527
   21.698500   42.200100     -0.6235
   21.731800   42.200100     -2.0666
   21.765100   42.200100      0.9093
   21.798400   42.200100      8.7651
   21.831700   42.200100     14.3790
   21.865000   42.200100     11.7152
   21.898300   42.200100      4.2451
   21.931600   42.200100     -1.1556
   21.964900   42.200100     -2.4299
   21.998200   42.200100     -1.8572
   22.031500   42.200100     -2.1320
   22.064800   42.200100     -3.5592
   22.098100   42.200100     -3.9787
   22.131400   42.200100     -3.4308
   22.164700   42.200100     -5.2706
   22.198000   42.200100     -7.7082
   22.231300   42.200100     -3.3029
   22.264600   42.200100      8.8676
   22.297900   42.200100     15.4057
   22.331200   42.200100      5.3562
   22.364500   42.200100    -10.0479
   22.397800   42.200100    -13.2957
   22.431100   42.200100     -4.9169
   22.464400   42.200100      1.2448
   22.497700   42.200100     -3.4961
   22.531000   42.200100    -13.3177
   22.564300   42.200100    -12.2946
   22.597600   42.200100     -2.1515
   22.630900   42.200100      9.7435
   22.664200   42.200100     13.8282
   22.697500   42.200100      5.5678
   22.730800   42.200100     -1.4296
   22.764100   42.200100     -4.1265
   22.797400   42.200100     -3.5170
   22.830700   42.200100      4.1409
   22.864000   42.200100     21.8068
   22.897300   42.200100     36.2511
   22.930600   42.200100     33.6787
   22.963900   42.200100     15.7145
   22.997200   42.200100      4.9562
   23.030500   42.200100     10.1861
   23.063800   42.200100     15.1249
   23.097100   42.200100     -5.2792
   23.130400   42.200100    -24.5093
   23.163700   42.200100    -12.7400
   23.197000   42.200100     13.3963
   23.230300   42.200100     33.1484
   23.263600   42.200100     34.4145
   23.296900   42.200100     32.7963
   23.330200   42.200100     37.0798
   23.363500   42.200100     42.5942
   23.396800   42.200100     28.2913
   23.430100   42.200100      4.2688
   23.463400   42.200100     -4.0560
   23.496700   42.200100      7.3233
   23.530000   42.200100     29.0795
   23.563300   42.200100     32.8806
   23.596600   42.200100      5.9594
   23.629900   42.200100    -29.7107
   23.663200   42.200100    -37.1510
   23.696500   42.200100    -22.7082
   23.729800   42.200100      8.5462
   23.763100   42.200100     29.0263
   23.796400   42.200100     24.7968
   23.829700   42.200100      8.4355
   23.863000   42.200100     -6.1779
   23.896300   42.200100     -3.7913
   23.929600   42.200100     10.6777
   23.962900   42.200100     22.6999
   23.996200   42.200100     21.6204
   24.029500   42.200100     14.9137
   24.062800   42.200100     11.2088
   24.096100   42.200100     11.7575
   24.129400   42.200100      9.8490
   24.162700   42.200100      3.9294
   24.196000   42.200100     -1.4338
   24.229300   42.200100     -2.4720
   24.262600   42.200100     -0.2501
   24.295900   42.200100      3.0992
   24.329200   42.200100      6.8035
   24.362500   42.200100      9.5060
   24.395800   42.200100      9.3539
   24.429100   42.200100      6.8251
   24.462400   42.200100      3.8744
   24.495700   42.200100      1.6822
   24.529000   42.200100      0.5829
   24.562300   42.200100      0.7520
   24.595600   42.200100      1.5941
   24.628900   42.200100      1.8124
   24.662200   42.200100      0.6494
   24.695500   42.200100     -1.5233
   24.728800   42.200100     -3.8359
   24.762100   42.200100     -5.5241
   24.795400   42.200100     -6.2468
   24.828700   42.200100     -6.2936
   24.862000   42.200100     -6.2563
   24.895300   42.200100     -6.6598
   24.928600   42.200100     -7.7410
   24.961900   42.200100     -9.1955
   24.995200   42.200100    -10.0535
   25.028500   42.200100     -9.5220
   25.061800   42.200100     -7.6783
   25.095100   42.200100     -5.0147
   25.128400   42.200100     -2.0569
   25.161700   42.200100      0.4197
   25.195000   42.200100      2.0609
   25.228300   42.200100      3.7539
   25.261600   42.200100      5.9187
   25.294900   42.200100      7.0171
   25.328200   42.200100      6.2990
   25.361500   42.200100      5.1277
   25.394800   42.200100      3.9198
   25.428100   42.200100      1.3877
   25.461400   42.200100     -2.1154
   25.494700   42.200100     -4.4882
   25.528000   42.200100     -5.6993
   25.561300   42.200100     -6.5031
   25.594600   42.200100     -5.3373
   20.200000   42.166800    -24.0928
   20.233300   42.166800    -58.3454
   20.266600   42.166800    -65.8459
   20.299900   42.166800    -48.3718
   20.333200   42.166800    -24.0406
   20.366500   42.166800     -5.2315
   20.399800   42.166800      1.6744
   20.433100   42.166800      1.8441
   20.466400   42.166800     -0.2646
   20.499700   42.166800     -0.6902
   20.533000   42.166800      4.3235
   20.566300   42.166800      1.3516
   20.599600   42.166800    -14.8511
   20.632900   42.166800    -25.0416
   20.666200   42.166800    -19.1980
   20.699500   42.166800     -9.7731
   20.732800   42.166800    -10.7513
   20.766100   42.166800    -15.4715
   20.799400   42.166800    -19.2387
   20.832700   42.166800    -23.4372
   20.866000   42.166800    -28.5984
   20.899300   42.166800    -24.2760
   20.932600   42.166800     -4.6665
   20.965900   42.166800     15.0146
   20.999200   42.166800     23.1850
   21.032500   42.166800     23.0862
   21.065800   42.166800     21.2670
   21.099100   42.166800     19.6643
   21.132400   42.166800     11.5450
   21.165700   42.166800      2.6961
   21.199000   42.166800      1.1411
   21.232300   42.166800      3.8153
   21.265600   42.166800      0.7132
   21.298900   42.166800     -7.8503
   21.332200   42.166800     -8.3116
   21.365500   42.166800     -0.8299
   21.398800   42.166800      6.4518
   21.432100   42.166800      9.3928
   21.465400   42.166800     12.3172
   21.498700   42.166800     16.0984
   21.532000   42.166800     19.9580
   21.565300   42.166800     18.4442
   21.598600   42.166800      7.4551
   21.631900   42.166800      0.7664
   21.665200   42.166800     -0.3425
   21.698500   42.166800     -1.5020
   21.731800   42.166800     -3.4836
   21.765100   42.166800     -0.9708
   21.798400   42.166800      6.6248
   21.831700   42.166800     12.1349
   21.865000   42.166800     10.0522
   21.898300   42.166800      3.2722
   21.931600   42.166800     -0.9139
   21.964900   42.166800     -0.6552
   21.998200   42.166800      1.9041
   22.031500   42.166800      4.3850
   22.064800   42.166800      5.1596
   22.098100   42.166800      2.2361
   22.131400   42.166800     -3.4920
   22.164700   42.166800     -7.9453
   22.198000   42.166800     -5.1575
   22.231300   42.166800      6.2707
   22.264600   42.166800     17.6275
   22.297900   42.166800     16.8631
   22.331200   42.166800      2.8081
   22.364500   42.166800    -12.5117
   22.397800   42.166800    -18.7901
   22.431100   42.166800    -10.6692
   22.464400   42.166800     -2.1044
   22.497700   42.166800      1.5512
   22.531000   42.166800      2.1014
   22.564300   42.166800      7.8536
   22.597600   42.166800     18.1908
   22.630900   42.166800     27.5989
   22.664200   42.166800     31.1475
   22.697500   42.166800     21.8164
   22.730800   42.166800     14.9119
   22.764100   42.166800     11.1301
   22.797400   42.166800      9.5908
   22.830700   42.166800      9.4413
   22.864000   42.166800      9.4363
   22.897300   42.166800      9.8907
   22.930600   42.166800     10.7566
   22.963900   42.166800     13.3555
   22.997200   42.166800     16.1045
   23.030500   42.166800     12.7224
   23.063800   42.166800      3.1482
   23.097100   42.166800     -7.2252
   23.130400   42.166800     -4.4469
   23.163700   42.166800     19.7349
   23.197000   42.166800     46.9608
   23.230300   42.166800     56.8323
   23.263600   42.166800     43.2377
   23.296900   42.166800     27.7206
   23.330200   42.166800     18.3761
   23.363500   42.166800     11.4547
   23.396800   42.166800      1.3703
   23.430100   42.166800      0.3058
   23.463400   42.166800     14.4627
   23.496700   42.166800     38.2156
   23.530000   42.166800     58.2682
   23.563300   42.166800     75.0976
   23.596600   42.166800     59.0246
   23.629900   42.166800     43.6594
   23.663200   42.166800     35.8612
   23.696500   42.166800     37.0804
   23.729800   42.166800     35.9488
   23.763100   42.166800     30.3363
   23.796400   42.166800     12.9214
   23.829700   42.166800     -3.8821
   23.863000   42.166800    -14.5647
   23.896300   42.166800     -5.9516
   23.929600   42.166800      6.7556
   23.962900   42.166800     13.0283
   23.996200   42.166800      5.1860
   24.029500   42.166800     -3.7566
   24.062800   42.166800     -4.6092
   24.096100   42.166800      6.0829
   24.129400   42.166800     16.0953
   24.162700   42.166800     13.2146
   24.196000   42.166800      4.1796
   24.229300   42.166800     -1.8979
   24.262600   42.166800     -3.7088
   24.295900   42.166800     -3.4092
   24.329200   42.166800     -1.1527
   24.362500   42.166800      2.3325
   24.395800   42.166800      4.3823
   24.429100   42.166800      3.7766
   24.462400   42.166800      1.4637
   24.495700   42.166800     -1.2992
   24.529000   42.166800     -3.3153
   24.562300   42.166800     -3.5836
   24.595600   42.166800     -2.5416
   24.628900   42.166800     -1.9153
   24.662200   42.166800     -2.8652
   24.695500   42.166800     -5.1446
   24.728800   42.166800     -7.8573
   24.762100   42.166800    -10.0757
   24.795400   42.166800    -11.0341
   24.828700   42.166800    -10.4522
   24.862000   42.166800     -8.7216
   24.895300   42.166800     -6.9070
   24.928600   42.166800     -6.2265
   24.961900   42.166800     -6.9922
   24.995200   42.166800     -8.1385
   25.028500   42.166800     -8.3095
   25.061800   42.166800     -6.8541
   25.095100   42.166800     -3.9583
   25.128400   42.166800     -0.6446
   25.161700   42.166800      1.3612
   25.195000   42.166800      1.5580
   25.228300   42.166800      1.8504
   25.261600   42.166800      3.6179
   25.294900   42.166800      5.3951
   25.328200   42.166800      5.3575
   25.361500   42.166800      4.4225
   25.394800   42.166800      3.7823
   25.428100   42.166800      2.5442
   25.461400   42.166800     -0.2539
   25.494700   42.166800     -3.3040
   25.528000   42.166800     -4.9680
   25.561300   42.166800     -5.0827
   25.594600   42.166800     -2.7754
   20.200000   42.133500     17.9623
   20.233300   42.133500      1.4076
   20.266600   42.133500     -1.8585
   20.299900   42.133500     -2.1786
   20.333200   42.133500     -5.6530
   20.366500   42.133500     -8.8546
   20.399800   42.133500     -8.3220
   20.433100   42.133500     -6.4586
   20.466400   42.133500     -7.5713
   20.499700   42.133500    -14.4826
   20.533000   42.133500    -20.7797
   20.566300   42.133500    -25.6117
   20.599600   42.133500    -32.2748
   20.632900   42.133500    -34.6426
   20.666200   42.133500    -21.8371
   20.699500   42.133500     -4.6583
   20.732800   42.133500     -0.1519
   20.766100   42.133500     -6.4979
   20.799400   42.133500    -10.8498
   20.832700   42.133500    -12.7793
   20.866000   42.133500    -21.9678
   20.899300   42.133500    -26.8806
   20.932600   42.133500    -24.7757
   20.965900   42.133500    -18.4081
   20.999200   42.133500    -11.4110
   21.032500   42.133500     -2.9011
   21.065800   42.133500      1.2967
   21.099100   42.133500      4.7303
   21.132400   42.133500      5.4813
   21.165700   42.133500      4.5495
   21.199000   42.133500      7.4359
   21.232300   42.133500     11.9668
   21.265600   42.133500      8.0225
   21.298900   42.133500     -4.2035
   21.332200   42.133500    -10.7706
   21.365500   42.133500     -4.2859
   21.398800   42.133500      1.8328
   21.432100   42.133500      3.8055
   21.465400   42.133500      4.2354
   21.498700   42.133500      7.3327
   21.532000   42.133500     10.4225
   21.565300   42.133500      9.7093
   21.598600   42.133500      6.0617
   21.631900   42.133500      3.0298
   21.665200   42.133500      0.1009
   21.698500   42.133500     -3.8512
   21.731800   42.133500     -6.0787
   21.765100   42.133500     -3.0106
   21.798400   42.133500      3.5234
   21.831700   42.133500      8.6166
   21.865000   42.133500      9.8915
   21.898300   42.133500      8.8363
   21.931600   42.133500      7.3850
   21.964900   42.133500      6.1225
   21.998200   42.133500      6.1884
   22.031500   42.133500      7.8342
   22.064800   42.133500      8.5600
   22.098100   42.133500      4.5672
   22.131400   42.133500     -2.0809
   22.164700   42.133500     -2.8879
   22.198000   42.133500      2.9145
   22.231300   42.133500     11.1071
   22.264600   42.133500     15.8117
   22.297900   42.133500     13.9629
   22.331200   42.133500      6.9929
   22.364500   42.133500     -1.2144
   22.397800   42.133500     -6.2915
   22.431100   42.133500     -7.1430
   22.464400   42.133500     -6.3006
   22.497700   42.133500     -6.1753
   22.531000   42.133500     -4.1787
   22.564300   42.133500      2.2938
   22.597600   42.133500     13.2405
   22.630900   42.133500     22.9604
   22.664200   42.133500     24.3060
   22.697500   42.133500     20.8487
   22.730800   42.133500     16.2228
   22.764100   42.133500     12.8574
   22.797400   42.133500     13.3367
   22.830700   42.133500     15.3685
   22.864000   42.133500     15.9212
   22.897300   42.133500     14.2626
   22.930600   42.133500     16.0939
   22.963900   42.133500     20.2889
   22.997200   42.133500     15.1496
   23.030500   42.133500     -0.0307
   23.063800   42.133500    -10.6372
   23.097100   42.133500     -5.9024
   23.130400   42.133500     11.9502
   23.163700   42.133500     35.1081
   23.197000   42.133500     48.4419
   23.230300   42.133500     51.8449
   23.263600   42.133500     43.0898
   23.296900   42.133500     41.5005
   23.330200   42.133500     49.8723
   23.363500   42.133500     34.0284
   23.396800   42.133500     19.6273
   23.430100   42.133500     17.8879
   23.463400   42.133500     34.2568
   23.496700   42.133500     59.2164
   23.530000   42.133500     68.4807
   23.563300   42.133500     78.7216
   23.596600   42.133500     57.9506
   23.629900   42.133500     48.6835
   23.663200   42.133500     43.4174
   23.696500   42.133500     41.9717
   23.729800   42.133500     32.7330
   23.763100   42.133500     17.8698
   23.796400   42.133500      2.3406
   23.829700   42.133500     -9.3365
   23.863000   42.133500    -13.0124
   23.896300   42.133500     -9.4110
   23.929600   42.133500      1.8928
   23.962900   42.133500     10.1910
   23.996200   42.133500      5.9657
   24.029500   42.133500     -3.2755
   24.062800   42.133500     -6.9200
   24.096100   42.133500     -2.9118
   24.129400   42.133500      3.6218
   24.162700   42.133500      2.1425
   24.196000   42.133500     -2.5289
   24.229300   42.133500     -2.7421
   24.262600   42.133500     -0.0003
   24.295900   42.133500     -0.3694
   24.329200   42.133500     -3.0792
   24.362500   42.133500     -4.5755
   24.395800   42.133500     -4.2947
   24.429100   42.133500     -4.2529
   24.462400   42.133500     -5.1828
   24.495700   42.133500     -7.4143
   24.529000   42.133500     -9.9165
   24.562300   42.133500    -10.8620
   24.595600   42.133500     -9.7473
   24.628900   42.133500     -8.3304
   24.662200   42.133500     -8.3877
   24.695500   42.133500    -10.2043
   24.728800   42.133500    -12.9177
   24.762100   42.133500    -15.1937
   24.795400   42.133500    -15.5313
   24.828700   42.133500    -13.2170
   24.862000   42.133500     -9.0298
   24.895300   42.133500     -5.2291
   24.928600   42.133500     -3.7045
   24.961900   42.133500     -4.2441
   24.995200   42.133500     -5.3783
   25.028500   42.133500     -6.3533
   25.061800   42.133500     -6.8160
   25.095100   42.133500     -5.5762
   25.128400   42.133500     -2.2675
   25.161700   42.133500      1.0275
   25.195000   42.133500      2.1131
   25.228300   42.133500      1.7401
   25.261600   42.133500      2.0095
   25.294900   42.133500      3.0838
   25.328200   42.133500      3.6366
   25.361500   42.133500      3.4295
   25.394800   42.133500      3.2220
   25.428100   42.133500      2.7246
   25.461400   42.133500      0.5519
   25.494700   42.133500     -3.0000
   25.528000   42.133500     -5.7006
   25.561300   42.133500     -7.1059
   25.594600   42.133500     -7.9087
   20.200000   42.100200      6.8410
   20.233300   42.100200     27.0727
   20.266600   42.100200     30.7986
   20.299900   42.100200     17.5573
   20.333200   42.100200     -4.4465
   20.366500   42.100200    -20.0704
   20.399800   42.100200    -24.2881
   20.433100   42.100200    -22.9988
   20.466400   42.100200    -24.7597
   20.499700   42.100200    -27.6044
   20.533000   42.100200    -24.2660
   20.566300   42.100200    -19.9788
   20.599600   42.100200    -23.8196
   20.632900   42.100200    -26.5021
   20.666200   42.100200    -19.4005
   20.699500   42.100200     -5.1631
   20.732800   42.100200      0.9759
   20.766100   42.100200     -0.5308
   20.799400   42.100200     -0.1053
   20.832700   42.100200      3.3823
   20.866000   42.100200      1.8464
   20.899300   42.100200     -6.8842
   20.932600   42.100200    -20.4135
   20.965900   42.100200    -23.6101
   20.999200   42.100200    -24.8378
   21.032500   42.100200    -21.3368
   21.065800   42.100200     -8.2336
   21.099100   42.100200      2.1561
   21.132400   42.100200      5.8818
   21.165700   42.100200      5.4238
   21.199000   42.100200      6.1075
   21.232300   42.100200      9.5685
   21.265600   42.100200      8.9199
   21.298900   42.100200      4.6602
   21.332200   42.100200      2.2209
   21.365500   42.100200      2.3950
   21.398800   42.100200      1.8694
   21.432100   42.100200     -2.3286
   21.465400   42.100200     -3.8740
   21.498700   42.100200     -0.4413
   21.532000   42.100200      2.9039
   21.565300   42.100200      3.5643
   21.598600   42.100200      2.6958
   21.631900   42.100200      0.2308
   21.665200   42.100200     -4.6816
   21.698500   42.100200     -8.5042
   21.731800   42.100200     -7.2229
   21.765100   42.100200     -2.3400
   21.798400   42.100200      1.3740
   21.831700   42.100200      3.4746
   21.865000   42.100200      7.4910
   21.898300   42.100200     12.3215
   21.931600   42.100200     13.0384
   21.964900   42.100200      9.4880
   21.998200   42.100200      6.2873
   22.031500   42.100200      7.1553
   22.064800   42.100200      8.7366
   22.098100   42.100200      7.9118
   22.131400   42.100200      6.2698
   22.164700   42.100200      5.4424
   22.198000   42.100200      4.5202
   22.231300   42.100200      4.3011
   22.264600   42.100200      7.2803
   22.297900   42.100200     13.8234
   22.331200   42.100200     18.8264
   22.364500   42.100200     17.4187
   22.397800   42.100200      9.6754
   22.431100   42.100200      2.1493
   22.464400   42.100200     -5.6153
   22.497700   42.100200    -12.5945
   22.531000   42.100200    -22.1282
   22.564300   42.100200    -17.6567
   22.597600   42.100200     -9.4037
   22.630900   42.100200      0.9654
   22.664200   42.100200      9.6405
   22.697500   42.100200      9.3592
   22.730800   42.100200      0.6521
   22.764100   42.100200     -5.9170
   22.797400   42.100200     -5.3368
   22.830700   42.100200      3.4531
   22.864000   42.100200      6.3098
   22.897300   42.100200      0.7354
   22.930600   42.100200     -1.5423
   22.963900   42.100200      1.4987
   22.997200   42.100200      2.8945
   23.030500   42.100200     -4.1822
   23.063800   42.100200    -10.8968
   23.097100   42.100200    -11.2379
   23.130400   42.100200     -7.9974
   23.163700   42.100200     -8.9478
   23.197000   42.100200    -15.5445
   23.230300   42.100200    -24.8634
   23.263600   42.100200    -23.7690
   23.296900   42.100200     -3.0864
   23.330200   42.100200     31.1478
   23.363500   42.100200     48.8847
   23.396800   42.100200     41.2795
   23.430100   42.100200     36.7038
   23.463400   42.100200     40.6885
   23.496700   42.100200     49.8846
   23.530000   42.100200     51.0721
   23.563300   42.100200     31.5154
   23.596600   42.100200     10.1651
   23.629900   42.100200     -4.1618
   23.663200   42.100200     -0.2485
   23.696500   42.100200      8.5198
   23.729800   42.100200      8.8837
   23.763100   42.100200      3.1158
   23.796400   42.100200     -2.5793
   23.829700   42.100200     -7.1496
   23.863000   42.100200    -10.5819
   23.896300   42.100200     -9.7743
   23.929600   42.100200      0.9176
   23.962900   42.100200     12.0595
   23.996200   42.100200     15.6271
   24.029500   42.100200      5.6351
   24.062800   42.100200     -4.2706
   24.096100   42.100200     -5.3632
   24.129400   42.100200     -4.7868
   24.162700   42.100200     -9.5988
   24.196000   42.100200    -15.6756
   24.229300   42.100200    -12.0811
   24.262600   42.100200     -3.1844
   24.295900   42.100200     -0.3562
   24.329200   42.100200     -3.5967
   24.362500   42.100200     -6.1228
   24.395800   42.100200     -5.9331
   24.429100   42.100200     -4.6798
   24.462400   42.100200     -4.4063
   24.495700   42.100200     -6.4537
   24.529000   42.100200     -9.7157
   24.562300   42.100200    -11.9512
   24.595600   42.100200    -11.9988
   24.628900   42.100200    -10.6758
   24.662200   42.100200     -9.1643
   24.695500   42.100200     -8.3621
   24.728800   42.100200     -8.9368
   24.762100   42.100200    -10.9041
   24.795400   42.100200    -13.0155
   24.828700   42.100200    -13.5528
   24.862000   42.100200    -11.7110
   24.895300   42.100200     -8.3446
   24.928600   42.100200     -5.1856
   24.961900   42.100200     -3.3318
   24.995200   42.100200     -3.2848
   25.028500   42.100200     -5.6009
   25.061800   42.100200     -9.1032
   25.095100   42.100200    -10.6813
   25.128400   42.100200     -8.5067
   25.161700   42.100200     -4.4244
   25.195000   42.100200     -1.6696
   25.228300   42.100200     -1.0334
   25.261600   42.100200     -0.5131
   25.294900   42.100200      1.4059
   25.328200   42.100200      3.9372
   25.361500   42.100200      5.4746
   25.394800   42.100200      5.7557
   25.428100   42.100200      5.0444
   25.461400   42.100200      2.7380
   25.494700   42.100200     -0.6042
   25.528000   42.100200     -2.7095
   25.561300   42.100200     -3.6539
   25.594600   42.100200     -5.4372
   20.200000   42.066900    -37.8064
   20.233300   42.066900     16.5336
   20.266600   42.066900     29.2722
   20.299900   42.066900     19.9872
   20.333200   42.066900      0.3432
   20.366500   42.066900    -13.1102
   20.399800   42.066900    -22.4929
   20.433100   42.066900    -31.4453
   20.466400   42.066900    -35.9541
   20.499700   42.066900    -28.2514
   20.533000   42.066900    -15.2539
   20.566300   42.066900     -5.1468
   20.599600   42.066900      0.5174
   20.632900   42.066900     -7.0654
   20.666200   42.066900    -15.7521
   20.699500   42.066900    -16.4168
   20.732800   42.066900    -12.5860
   20.766100   42.066900     -8.2672
   20.799400   42.066900     -1.8317
   20.832700   42.066900      9.3806
   20.866000   42.066900     19.4440
   20.899300   42.066900     20.6196
   20.932600   42.066900      7.6862
   20.965900   42.066900     -4.6252
   20.999200   42.066900     -9.9537
   21.032500   42.066900     -6.0212
   21.065800   42.066900      0.8591
   21.099100   42.066900      2.7481
   21.132400   42.066900      1.2741
   21.165700   42.066900     -0.4042
   21.199000   42.066900     -2.3117
   21.232300   42.066900     -4.4609
   21.265600   42.066900     -4.3639
   21.298900   42.066900     -2.0162
   21.332200   42.066900      3.0363
   21.365500   42.066900      5.0904
   21.398800   42.066900      0.0308
   21.432100   42.066900     -5.9240
   21.465400   42.066900     -5.1584
   21.498700   42.066900      1.0710
   21.532000   42.066900      5.7943
   21.565300   42.066900      8.1168
   21.598600   42.066900      8.0472
   21.631900   42.066900      3.6629
   21.665200   42.066900     -3.3485
   21.698500   42.066900     -6.3243
   21.731800   42.066900     -2.2744
   21.765100   42.066900      2.9234
   21.798400   42.066900      2.5799
   21.831700   42.066900     -0.4870
   21.865000   42.066900      0.4014
   21.898300   42.066900      3.4403
   21.931600   42.066900      2.3373
   21.964900   42.066900     -1.3205
   21.998200   42.066900     -0.0903
   22.031500   42.066900      6.3849
   22.064800   42.066900     11.7509
   22.098100   42.066900     13.2726
   22.131400   42.066900     11.7771
   22.164700   42.066900      4.9600
   22.198000   42.066900     -6.2054
   22.231300   42.066900     -8.8766
   22.264600   42.066900     -2.8335
   22.297900   42.066900     14.5828
   22.331200   42.066900     22.2014
   22.364500   42.066900     14.5994
   22.397800   42.066900      5.5118
   22.431100   42.066900      3.2187
   22.464400   42.066900      6.9521
   22.497700   42.066900      5.4860
   22.531000   42.066900     -6.4858
   22.564300   42.066900    -20.3697
   22.597600   42.066900    -20.2316
   22.630900   42.066900     -8.2025
   22.664200   42.066900      4.1369
   22.697500   42.066900      5.0994
   22.730800   42.066900     -6.7821
   22.764100   42.066900    -12.2865
   22.797400   42.066900     -3.6998
   22.830700   42.066900     12.8957
   22.864000   42.066900     12.3214
   22.897300   42.066900     -0.6712
   22.930600   42.066900     -9.5217
   22.963900   42.066900     -4.6763
   22.997200   42.066900      3.2523
   23.030500   42.066900      4.6757
   23.063800   42.066900      0.3856
   23.097100   42.066900     -1.9252
   23.130400   42.066900     -2.7694
   23.163700   42.066900     -6.1655
   23.197000   42.066900    -16.0889
   23.230300   42.066900    -24.9590
   23.263600   42.066900    -30.1614
   23.296900   42.066900    -18.4601
   23.330200   42.066900      1.6352
   23.363500   42.066900     21.2190
   23.396800   42.066900     30.4820
   23.430100   42.066900     29.6413
   23.463400   42.066900     27.8050
   23.496700   42.066900     25.4312
   23.530000   42.066900     16.5415
   23.563300   42.066900     -2.8090
   23.596600   42.066900    -24.4811
   23.629900   42.066900    -31.3534
   23.663200   42.066900    -16.0850
   23.696500   42.066900      2.2550
   23.729800   42.066900      8.4965
   23.763100   42.066900      3.8316
   23.796400   42.066900      0.9623
   23.829700   42.066900      0.2481
   23.863000   42.066900     -2.0522
   23.896300   42.066900     -2.5607
   23.929600   42.066900      2.0371
   23.962900   42.066900     10.7646
   23.996200   42.066900     16.1379
   24.029500   42.066900      9.7543
   24.062800   42.066900      4.4975
   24.096100   42.066900      3.0585
   24.129400   42.066900     -1.6072
   24.162700   42.066900    -10.4941
   24.196000   42.066900    -16.9335
   24.229300   42.066900    -13.1735
   24.262600   42.066900     -4.3594
   24.295900   42.066900      1.0276
   24.329200   42.066900      0.1023
   24.362500   42.066900     -1.0453
   24.395800   42.066900      0.9999
   24.429100   42.066900      4.0556
   24.462400   42.066900      5.1013
   24.495700   42.066900      3.7699
   24.529000   42.066900      1.1413
   24.562300   42.066900     -0.6971
   24.595600   42.066900     -1.3288
   24.628900   42.066900     -1.1254
   24.662200   42.066900     -0.4841
   24.695500   42.066900      0.4731
   24.728800   42.066900      0.8770
   24.762100   42.066900      0.2804
   24.795400   42.066900     -1.1665
   24.828700   42.066900     -3.3435
   24.862000   42.066900     -5.3386
   24.895300   42.066900     -5.3306
   24.928600   42.066900     -2.7344
   24.961900   42.066900      0.4870
   24.995200   42.066900      1.5101
   25.028500   42.066900     -0.6897
   25.061800   42.066900     -4.3440
   25.095100   42.066900     -6.5015
   25.128400   42.066900     -6.2063
   25.161700   42.066900     -4.8628
   25.195000   42.066900     -4.2487
   25.228300   42.066900     -4.6107
   25.261600   42.066900     -4.6095
   25.294900   42.066900     -2.5212
   25.328200   42.066900      1.3431
   25.361500   42.066900      4.7329
   25.394800   42.066900      6.3418
   25.428100   42.066900      6.9617
   25.461400   42.066900      6.5628
   25.494700   42.066900      5.3435
   25.528000   42.066900      4.6081
   25.561300   42.066900      4.0559
   25.594600   42.066900      2.2862
   20.200000   42.033600    -38.3665
   20.233300   42.033600     13.9340
   20.266600   42.033600     29.5098
   20.299900   42.033600     26.6822
   20.333200   42.033600      9.7265
   20.366500   42.033600     -5.6472
   20.399800   42.033600    -22.1545
   20.433100   42.033600    -34.0394
   20.466400   42.033600    -28.3764
   20.499700   42.033600    -24.6214
   20.533000   42.033600    -14.6069
   20.566300   42.033600      3.2880
   20.599600   42.033600     15.2086
   20.632900   42.033600     12.5344
   20.666200   42.033600     -8.0805
   20.699500   42.033600    -22.7604
   20.732800   42.033600    -20.5232
   20.766100   42.033600    -11.8781
   20.799400   42.033600     -1.7528
   20.832700   42.033600      7.0600
   20.866000   42.033600     14.1795
   20.899300   42.033600     18.3446
   20.932600   42.033600     20.2629
   20.965900   42.033600     10.6370
   20.999200   42.033600      6.8691
   21.032500   42.033600      3.0642
   21.065800   42.033600     -3.1039
   21.099100   42.033600     -9.4105
   21.132400   42.033600     -8.3392
   21.165700   42.033600     -1.7170
   21.199000   42.033600     -0.5654
   21.232300   42.033600     -6.4826
   21.265600   42.033600    -14.2269
   21.298900   42.033600    -12.8587
   21.332200   42.033600     -7.2792
   21.365500   42.033600     -4.6468
   21.398800   42.033600     -8.7495
   21.432100   42.033600    -13.8193
   21.465400   42.033600    -13.9276
   21.498700   42.033600     -8.8221
   21.532000   42.033600     -1.2273
   21.565300   42.033600      6.5747
   21.598600   42.033600     12.1888
   21.631900   42.033600     11.9570
   21.665200   42.033600      8.0095
   21.698500   42.033600      5.1104
   21.731800   42.033600      7.4580
   21.765100   42.033600     10.3671
   21.798400   42.033600      8.2672
   21.831700   42.033600      3.0915
   21.865000   42.033600     -2.0540
   21.898300   42.033600     -5.7274
   21.931600   42.033600     -9.5940
   21.964900   42.033600    -10.8756
   21.998200   42.033600     -4.9863
   22.031500   42.033600      5.8764
   22.064800   42.033600     13.8772
   22.098100   42.033600     13.5312
   22.131400   42.033600      8.5729
   22.164700   42.033600     -3.2189
   22.198000   42.033600    -15.8920
   22.231300   42.033600    -16.0485
   22.264600   42.033600     -1.6571
   22.297900   42.033600     12.9006
   22.331200   42.033600      8.4785
   22.364500   42.033600     -8.8076
   22.397800   42.033600    -21.0904
   22.431100   42.033600     -4.6054
   22.464400   42.033600     20.5212
   22.497700   42.033600     30.9935
   22.531000   42.033600     17.5712
   22.564300   42.033600     -2.4607
   22.597600   42.033600    -12.5965
   22.630900   42.033600     -4.6470
   22.664200   42.033600      7.7989
   22.697500   42.033600      8.0758
   22.730800   42.033600     -0.2960
   22.764100   42.033600      0.7038
   22.797400   42.033600     18.8225
   22.830700   42.033600     34.4970
   22.864000   42.033600     28.6239
   22.897300   42.033600     14.6169
   22.930600   42.033600     10.9178
   22.963900   42.033600     17.5133
   22.997200   42.033600     18.7206
   23.030500   42.033600     12.1094
   23.063800   42.033600     10.6576
   23.097100   42.033600     16.6791
   23.130400   42.033600     20.3442
   23.163700   42.033600     19.5654
   23.197000   42.033600     24.3451
   23.230300   42.033600     39.3155
   23.263600   42.033600     41.1017
   23.296900   42.033600     29.5650
   23.330200   42.033600     21.2600
   23.363500   42.033600     24.3555
   23.396800   42.033600     29.5667
   23.430100   42.033600     26.6546
   23.463400   42.033600     18.0313
   23.496700   42.033600      9.1131
   23.530000   42.033600      1.4933
   23.563300   42.033600     -9.1044
   23.596600   42.033600    -19.9812
   23.629900   42.033600    -19.6942
   23.663200   42.033600     -3.2771
   23.696500   42.033600     13.3839
   23.729800   42.033600     12.2959
   23.763100   42.033600      4.5752
   23.796400   42.033600      2.4533
   23.829700   42.033600      6.4315
   23.863000   42.033600      8.3682
   23.896300   42.033600      5.7482
   23.929600   42.033600      3.0459
   23.962900   42.033600      2.6616
   23.996200   42.033600      1.8185
   24.029500   42.033600      1.9904
   24.062800   42.033600      7.1696
   24.096100   42.033600     12.3772
   24.129400   42.033600      9.2286
   24.162700   42.033600     -1.1198
   24.196000   42.033600     -6.3804
   24.229300   42.033600     -4.0592
   24.262600   42.033600      2.0264
   24.295900   42.033600      5.3126
   24.329200   42.033600      2.2752
   24.362500   42.033600     -0.9082
   24.395800   42.033600     -0.7075
   24.429100   42.033600      1.9725
   24.462400   42.033600      5.4445
   24.495700   42.033600      5.6836
   24.529000   42.033600      3.5686
   24.562300   42.033600      2.5585
   24.595600   42.033600      3.7974
   24.628900   42.033600      7.0420
   24.662200   42.033600      8.9105
   24.695500   42.033600      8.3648
   24.728800   42.033600      4.7256
   24.762100   42.033600      1.2076
   24.795400   42.033600      1.7405
   24.828700   42.033600      4.8153
   24.862000   42.033600      6.4808
   24.895300   42.033600      6.3756
   24.928600   42.033600      6.5350
   24.961900   42.033600      6.5438
   24.995200   42.033600      4.7133
   25.028500   42.033600      1.5475
   25.061800   42.033600     -0.7927
   25.095100   42.033600     -1.6494
   25.128400   42.033600     -2.1468
   25.161700   42.033600     -2.6376
   25.195000   42.033600     -2.4281
   25.228300   42.033600     -1.9460
   25.261600   42.033600     -2.0914
   25.294900   42.033600     -1.8924
   25.328200   42.033600     -0.0912
   25.361500   42.033600      2.3064
   25.394800   42.033600      3.9121
   25.428100   42.033600      5.1376
   25.461400   42.033600      6.0631
   25.494700   42.033600      5.7750
   25.528000   42.033600      4.3671
   25.561300   42.033600      2.7571
   25.594600   42.033600      1.4585
   20.200000   42.000300      1.8566
   20.233300   42.000300     32.1586
   20.266600   42.000300     29.6122
   20.299900   42.000300     19.2393
   20.333200   42.000300      3.3255
   20.366500   42.000300    -14.2847
   20.399800   42.000300    -30.3384
   20.433100   42.000300    -30.9310
   20.466400   42.000300    -19.5660
   20.499700   42.000300    -14.2052
   20.533000   42.000300     -7.5504
   20.566300   42.000300      6.2868
   20.599600   42.000300     26.0747
   20.632900   42.000300     22.3388
   20.666200   42.000300     -3.9129
   20.699500   42.000300    -27.9291
   20.732800   42.000300    -24.9780
   20.766100   42.000300     -7.2299
   20.799400   42.000300      4.9378
   20.832700   42.000300      7.7696
   20.866000   42.000300      4.9062
   20.899300   42.000300      1.2053
   20.932600   42.000300     -0.8628
   20.965900   42.000300     -1.0426
   20.999200   42.000300      0.4328
   21.032500   42.000300     -0.5557
   21.065800   42.000300     -4.5512
   21.099100   42.000300     -3.3180
   21.132400   42.000300      5.2763
   21.165700   42.000300     14.1994
   21.199000   42.000300     15.6261
   21.232300   42.000300      6.5965
   21.265600   42.000300     -1.0312
   21.298900   42.000300     -0.9908
   21.332200   42.000300      2.6493
   21.365500   42.000300      2.3352
   21.398800   42.000300     -3.0294
   21.432100   42.000300    -10.5172
   21.465400   42.000300    -18.2431
   21.498700   42.000300    -22.8597
   21.532000   42.000300    -19.8091
   21.565300   42.000300     -9.2955
   21.598600   42.000300      2.2576
   21.631900   42.000300      8.5660
   21.665200   42.000300      9.0453
   21.698500   42.000300      7.0425
   21.731800   42.000300      7.3458
   21.765100   42.000300     10.4200
   21.798400   42.000300     11.8259
   21.831700   42.000300      7.8755
   21.865000   42.000300      1.5456
   21.898300   42.000300     -2.3545
   21.931600   42.000300     -4.2842
   21.964900   42.000300     -5.5518
   21.998200   42.000300     -3.5679
   22.031500   42.000300      2.3414
   22.064800   42.000300      8.3884
   22.098100   42.000300      9.3992
   22.131400   42.000300      4.6566
   22.164700   42.000300     -4.0753
   22.198000   42.000300     -9.3007
   22.231300   42.000300     -3.3355
   22.264600   42.000300      9.8567
   22.297900   42.000300     15.7025
   22.331200   42.000300      5.7073
   22.364500   42.000300    -10.6268
   22.397800   42.000300    -11.2777
   22.431100   42.000300      6.2180
   22.464400   42.000300     27.9906
   22.497700   42.000300     26.9194
   22.531000   42.000300     15.1203
   22.564300   42.000300      0.1852
   22.597600   42.000300     -5.6678
   22.630900   42.000300     -1.1984
   22.664200   42.000300      4.4175
   22.697500   42.000300      3.5802
   22.730800   42.000300     -0.1032
   22.764100   42.000300      4.6639
   22.797400   42.000300     16.2643
   22.830700   42.000300     19.6944
   22.864000   42.000300      9.8086
   22.897300   42.000300      5.2434
   22.930600   42.000300     16.1211
   22.963900   42.000300     27.2216
   22.997200   42.000300     17.8719
   23.030500   42.000300      5.8140
   23.063800   42.000300     13.2980
   23.097100   42.000300     25.5014
   23.130400   42.000300     13.9265
   23.163700   42.000300     -6.6512
   23.197000   42.000300     -4.0309
   23.230300   42.000300     24.2337
   23.263600   42.000300     51.2133
   23.296900   42.000300     42.3716
   23.330200   42.000300     23.9402
   23.363500   42.000300     19.3293
   23.396800   42.000300     24.8881
   23.430100   42.000300     31.9609
   23.463400   42.000300     21.3314
   23.496700   42.000300      6.1299
   23.530000   42.000300     -4.4233
   23.563300   42.000300    -11.0646
   23.596600   42.000300    -14.7260
   23.629900   42.000300    -11.2184
   23.663200   42.000300      1.1520
   23.696500   42.000300      6.6999
   23.729800   42.000300      2.1509
   23.763100   42.000300     -2.1370
   23.796400   42.000300      1.8996
   23.829700   42.000300     12.7412
   23.863000   42.000300     19.0204
   23.896300   42.000300     14.0350
   23.929600   42.000300      1.7649
   23.962900   42.000300     -9.7615
   23.996200   42.000300    -14.8157
   24.029500   42.000300    -11.6129
   24.062800   42.000300     -1.5570
   24.096100   42.000300      7.6267
   24.129400   42.000300      8.8831
   24.162700   42.000300      5.7052
   24.196000   42.000300      5.5380
   24.229300   42.000300      7.5394
   24.262600   42.000300      9.3931
   24.295900   42.000300      6.7060
   24.329200   42.000300     -0.5614
   24.362500   42.000300     -8.7324
   24.395800   42.000300    -12.5386
   24.429100   42.000300     -7.5629
   24.462400   42.000300     -1.3635
   24.495700   42.000300      1.8936
   24.529000   42.000300     -2.1093
   24.562300   42.000300     -8.4597
   24.595600   42.000300     -9.9646
   24.628900   42.000300     -1.8750
   24.662200   42.000300      9.1789
   24.695500   42.000300     13.2716
   24.728800   42.000300      8.1169
   24.762100   42.000300     -0.9580
   24.795400   42.000300     -6.0469
   24.828700   42.000300     -2.4188
   24.862000   42.000300      6.9716
   24.895300   42.000300     15.2283
   24.928600   42.000300     19.5533
   24.961900   42.000300     18.2889
   24.995200   42.000300     11.8374
   25.028500   42.000300      3.7886
   25.061800   42.000300     -0.9151
   25.095100   42.000300     -2.0838
   25.128400   42.000300     -3.1955
   25.161700   42.000300     -4.9517
   25.195000   42.000300     -4.6983
   25.228300   42.000300     -2.1682
   25.261600   42.000300     -0.6064
   25.294900   42.000300     -1.5540
   25.328200   42.000300     -2.4556
   25.361500   42.000300     -1.6244
   25.394800   42.000300      0.6809
   25.428100   42.000300      3.6540
   25.461400   42.000300      5.7466
   25.494700   42.000300      4.8505
   25.528000   42.000300      1.8769
   25.561300   42.000300      0.1163
   25.594600   42.000300     -0.0666
   20.200000   41.967000     23.0138
   20.233300   41.967000     23.0123
   20.266600   41.967000     12.3993
   20.299900   41.967000     -2.4748
   20.333200   41.967000    -13.1826
   20.366500   41.967000    -23.2833
   20.399800   41.967000    -27.5242
   20.433100   41.967000    -20.4973
   20.466400   41.967000     -8.8717
   20.499700   41.967000     -1.7541
   20.533000   41.967000      2.2028
   20.566300   41.967000      6.7693
   20.599600   41.967000     15.4515
   20.632900   41.967000     10.0032
   20.666200   41.967000    -11.1220
   20.699500   41.967000    -25.7377
   20.732800   41.967000    -21.6556
   20.766100   41.967000     -3.6890
   20.799400   41.967000      7.6050
   20.832700   41.967000      5.5743
   20.866000   41.967000     -0.7177
   20.899300   41.967000     -6.0373
   20.932600   41.967000     -8.9040
   20.965900   41.967000     -8.1736
   20.999200   41.967000     -6.9082
   21.032500   41.967000     -4.4232
   21.065800   41.967000      2.0547
   21.099100   41.967000     14.9228
   21.132400   41.967000     28.0012
   21.165700   41.967000     26.7153
   21.199000   41.967000     11.1298
   21.232300   41.967000     -2.1178
   21.265600   41.967000     -0.3952
   21.298900   41.967000     11.1389
   21.332200   41.967000     15.8036
   21.365500   41.967000     12.4713
   21.398800   41.967000      7.3282
   21.432100   41.967000      1.8979
   21.465400   41.967000     -8.4373
   21.498700   41.967000    -20.3106
   21.532000   41.967000    -25.3370
   21.565300   41.967000    -21.0723
   21.598600   41.967000    -11.8432
   21.631900   41.967000     -2.2130
   21.665200   41.967000      3.9316
   21.698500   41.967000      4.6477
   21.731800   41.967000      4.1412
   21.765100   41.967000      7.3763
   21.798400   41.967000     10.6373
   21.831700   41.967000      8.1598
   21.865000   41.967000      2.7040
   21.898300   41.967000      2.3667
   21.931600   41.967000      6.3035
   21.964900   41.967000      4.5501
   21.998200   41.967000     -0.7473
   22.031500   41.967000     -2.3560
   22.064800   41.967000      0.9588
   22.098100   41.967000      3.2642
   22.131400   41.967000      1.6379
   22.164700   41.967000     -0.1466
   22.198000   41.967000      2.4816
   22.231300   41.967000      9.4937
   22.264600   41.967000     16.7166
   22.297900   41.967000     20.6863
   22.331200   41.967000     20.8714
   22.364500   41.967000     21.3010
   22.397800   41.967000     25.2453
   22.431100   41.967000     23.5365
   22.464400   41.967000     16.7108
   22.497700   41.967000      3.7653
   22.531000   41.967000     -6.7353
   22.564300   41.967000     -6.9089
   22.597600   41.967000     -1.7883
   22.630900   41.967000      0.3955
   22.664200   41.967000     -0.9078
   22.697500   41.967000     -3.2891
   22.730800   41.967000     -3.0360
   22.764100   41.967000      1.1621
   22.797400   41.967000      3.4766
   22.830700   41.967000     -2.9453
   22.864000   41.967000     -9.4376
   22.897300   41.967000     -5.6496
   22.930600   41.967000     11.4764
   22.963900   41.967000     19.3085
   22.997200   41.967000      2.5215
   23.030500   41.967000     -9.1597
   23.063800   41.967000      2.9091
   23.097100   41.967000     15.9502
   23.130400   41.967000     -5.4896
   23.163700   41.967000    -31.6377
   23.197000   41.967000    -28.3507
   23.230300   41.967000     -1.0937
   23.263600   41.967000     24.3457
   23.296900   41.967000     16.3438
   23.330200   41.967000     -2.1607
   23.363500   41.967000     -2.2398
   23.396800   41.967000      7.6844
   23.430100   41.967000     22.7315
   23.463400   41.967000     21.7534
   23.496700   41.967000      2.8269
   23.530000   41.967000    -11.1973
   23.563300   41.967000    -12.9362
   23.596600   41.967000     -6.2979
   23.629900   41.967000      7.3707
   23.663200   41.967000     16.0867
   23.696500   41.967000     14.1134
   23.729800   41.967000      4.5129
   23.763100   41.967000     -1.8633
   23.796400   41.967000      2.2404
   23.829700   41.967000     11.3922
   23.863000   41.967000     15.1728
   23.896300   41.967000      9.7012
   23.929600   41.967000     -1.3698
   23.962900   41.967000    -10.7518
   23.996200   41.967000    -14.8386
   24.029500   41.967000    -10.4226
   24.062800   41.967000     -3.9980
   24.096100   41.967000      0.5293
   24.129400   41.967000      2.8898
   24.162700   41.967000      5.0821
   24.196000   41.967000      8.1409
   24.229300   41.967000      9.8639
   24.262600   41.967000      9.2732
   24.295900   41.967000      5.6811
   24.329200   41.967000     -1.4557
   24.362500   41.967000    -10.1236
   24.395800   41.967000    -12.8245
   24.429100   41.967000     -7.0231
   24.462400   41.967000      7.2185
   24.495700   41.967000     11.3913
   24.529000   41.967000     -0.4386
   24.562300   41.967000    -18.5547
   24.595600   41.967000    -27.0100
   24.628900   41.967000    -16.1964
   24.662200   41.967000      3.1819
   24.695500   41.967000     17.5034
   24.728800   41.967000     15.2398
   24.762100   41.967000     -0.1400
   24.795400   41.967000    -15.3443
   24.828700   41.967000    -18.4095
   24.862000   41.967000    -12.3928
   24.895300   41.967000      1.4022
   24.928600   41.967000     15.4627
   24.961900   41.967000     23.4801
   24.995200   41.967000     20.2370
   25.028500   41.967000      9.9959
   25.061800   41.967000      1.9496
   25.095100   41.967000     -1.1251
   25.128400   41.967000     -3.6919
   25.161700   41.967000     -8.0838
   25.195000   41.967000     -8.9845
   25.228300   41.967000     -5.7966
   25.261600   41.967000     -2.2988
   25.294900   41.967000     -2.4348
   25.328200   41.967000     -4.1805
   25.361500   41.967000     -3.4174
   25.394800   41.967000     -0.0800
   25.428100   41.967000      3.9093
   25.461400   41.967000      6.2625
   25.494700   41.967000      5.5756
   25.528000   41.967000      4.2150
   25.561300   41.967000      4.4783
   25.594600   41.967000      4.9162
   20.200000   41.933700     17.1021
   20.233300   41.933700      7.7939
   20.266600   41.933700     -2.3006
   20.299900   41.933700    -16.4022
   20.333200   41.933700    -21.1409
   20.366500   41.933700    -24.6427
   20.399800   41.933700    -22.1916
   20.433100   41.933700    -15.9279
   20.466400   41.933700     -7.4133
   20.499700   41.933700     -0.9568
   20.533000   41.933700     -1.8719
   20.566300   41.933700     -5.9931
   20.599600   41.933700     -6.9379
   20.632900   41.933700     -7.9763
   20.666200   41.933700     -9.8009
   20.699500   41.933700     -9.7097
   20.732800   41.933700     -4.0347
   20.766100   41.933700      0.0853
   20.799400   41.933700     -1.1068
   20.832700   41.933700     -6.1105
   20.866000   41.933700     -8.0760
   20.899300   41.933700     -0.2388
   20.932600   41.933700      5.2754
   20.965900   41.933700     -0.9010
   20.999200   41.933700    -11.4702
   21.032500   41.933700    -13.8199
   21.065800   41.933700     -5.3294
   21.099100   41.933700     12.0031
   21.132400   41.933700     21.1734
   21.165700   41.933700      6.5428
   21.199000   41.933700    -17.6199
   21.232300   41.933700    -24.8341
   21.265600   41.933700    -12.6700
   21.298900   41.933700      9.1987
   21.332200   41.933700     16.0884
   21.365500   41.933700     12.0610
   21.398800   41.933700      8.8219
   21.432100   41.933700      9.7096
   21.465400   41.933700      6.3203
   21.498700   41.933700     -3.2363
   21.532000   41.933700    -12.1673
   21.565300   41.933700    -14.5129
   21.598600   41.933700     -8.6511
   21.631900   41.933700      3.5333
   21.665200   41.933700     12.9151
   21.698500   41.933700     11.0429
   21.731800   41.933700      3.3950
   21.765100   41.933700      2.9077
   21.798400   41.933700      7.8040
   21.831700   41.933700      8.2807
   21.865000   41.933700      3.4661
   21.898300   41.933700      2.6507
   21.931600   41.933700      5.6216
   21.964900   41.933700      3.0195
   21.998200   41.933700     -3.0243
   22.031500   41.933700     -3.5260
   22.064800   41.933700      0.6900
   22.098100   41.933700      2.0203
   22.131400   41.933700     -0.8154
   22.164700   41.933700     -1.8565
   22.198000   41.933700      1.4410
   22.231300   41.933700      5.1836
   22.264600   41.933700      8.3365
   22.297900   41.933700     13.8533
   22.331200   41.933700     19.8940
   22.364500   41.933700     24.5420
   22.397800   41.933700     23.0137
   22.431100   41.933700     15.3430
   22.464400   41.933700      3.1573
   22.497700   41.933700     -8.1986
   22.531000   41.933700     -7.3255
   22.564300   41.933700      0.8501
   22.597600   41.933700      6.7671
   22.630900   41.933700      3.9456
   22.664200   41.933700     -3.0291
   22.697500   41.933700     -4.7347
   22.730800   41.933700      0.1784
   22.764100   41.933700      7.4397
   22.797400   41.933700     10.2907
   22.830700   41.933700      4.7960
   22.864000   41.933700      2.6564
   22.897300   41.933700     11.1613
   22.930600   41.933700     22.0030
   22.963900   41.933700     18.6133
   22.997200   41.933700     -9.3833
   23.030500   41.933700    -23.3104
   23.063800   41.933700    -14.5676
   23.097100   41.933700     -1.6518
   23.130400   41.933700    -11.1731
   23.163700   41.933700    -24.0497
   23.197000   41.933700    -19.4135
   23.230300   41.933700      2.9535
   23.263600   41.933700     16.0588
   23.296900   41.933700      9.7387
   23.330200   41.933700     -3.4126
   23.363500   41.933700     -7.0423
   23.396800   41.933700     -2.3594
   23.430100   41.933700      9.6986
   23.463400   41.933700      8.1742
   23.496700   41.933700     -3.0024
   23.530000   41.933700     -7.0515
   23.563300   41.933700      0.7429
   23.596600   41.933700     15.6143
   23.629900   41.933700     29.1168
   23.663200   41.933700     37.9213
   23.696500   41.933700     31.9841
   23.729800   41.933700     16.8204
   23.763100   41.933700      2.7560
   23.796400   41.933700     -2.6264
   23.829700   41.933700     -2.3073
   23.863000   41.933700     -1.1649
   23.896300   41.933700     -1.7140
   23.929600   41.933700     -2.0698
   23.962900   41.933700     -0.8839
   23.996200   41.933700      1.2445
   24.029500   41.933700      3.5878
   24.062800   41.933700      4.5204
   24.096100   41.933700      3.9387
   24.129400   41.933700      2.9459
   24.162700   41.933700      1.5423
   24.196000   41.933700      0.2273
   24.229300   41.933700      0.2615
   24.262600   41.933700      2.7071
   24.295900   41.933700      3.8011
   24.329200   41.933700     -0.2481
   24.362500   41.933700     -7.5745
   24.395800   41.933700    -10.4484
   24.429100   41.933700      4.0655
   24.462400   41.933700     25.3830
   24.495700   41.933700     25.4921
   24.529000   41.933700      7.0583
   24.562300   41.933700    -18.2390
   24.595600   41.933700    -34.2987
   24.628900   41.933700    -22.1715
   24.662200   41.933700     -1.1247
   24.695500   41.933700     15.5211
   24.728800   41.933700     14.7320
   24.762100   41.933700     -0.2832
   24.795400   41.933700    -17.7265
   24.828700   41.933700    -30.2346
   24.862000   41.933700    -31.2568
   24.895300   41.933700    -18.4237
   24.928600   41.933700     -7.3930
   24.961900   41.933700      7.5579
   24.995200   41.933700     17.1266
   25.028500   41.933700     15.9308
   25.061800   41.933700     10.4237
   25.095100   41.933700      6.2317
   25.128400   41.933700      2.3236
   25.161700   41.933700     -2.4812
   25.195000   41.933700     -3.8883
   25.228300   41.933700     -1.0168
   25.261600   41.933700      0.5508
   25.294900   41.933700     -2.6097
   25.328200   41.933700     -6.1099
   25.361500   41.933700     -5.7674
   25.394800   41.933700     -2.5205
   25.428100   41.933700      0.5068
   25.461400   41.933700      2.2812
   25.494700   41.933700      3.2536
   25.528000   41.933700      4.5795
   25.561300   41.933700      6.3775
   25.594600   41.933700      5.4824
   20.200000   41.900400     11.2924
   20.233300   41.900400      9.0841
   20.266600   41.900400     -1.0456
   20.299900   41.900400    -14.2404
   20.333200   41.900400    -22.0396
   20.366500   41.900400    -20.3735
   20.399800   41.900400    -21.9063
   20.433100   41.900400    -19.7967
   20.466400   41.900400     -9.2235
   20.499700   41.900400     -1.0811
   20.533000   41.900400     -0.7471
   20.566300   41.900400     -7.1936
   20.599600   41.900400    -11.6656
   20.632900   41.900400     -5.9263
   20.666200   41.900400      5.0338
   20.699500   41.900400     13.5534
   20.732800   41.900400     13.8300
   20.766100   41.900400      6.4416
   20.799400   41.900400     -6.3579
   20.832700   41.900400    -16.1092
   20.866000   41.900400     -9.9804
   20.899300   41.900400      3.9479
   20.932600   41.900400     11.9335
   20.965900   41.900400      5.5322
   20.999200   41.900400     -6.3214
   21.032500   41.900400    -11.7247
   21.065800   41.900400     -3.2241
   21.099100   41.900400      6.6850
   21.132400   41.900400      9.7234
   21.165700   41.900400     -1.8533
   21.199000   41.900400    -23.9821
   21.232300   41.900400    -15.7573
   21.265600   41.900400      0.1233
   21.298900   41.900400     16.3952
   21.332200   41.900400     20.0870
   21.365500   41.900400     16.8495
   21.398800   41.900400     18.0210
   21.432100   41.900400     21.3918
   21.465400   41.900400     18.4217
   21.498700   41.900400      9.8061
   21.532000   41.900400      2.1562
   21.565300   41.900400     -1.0559
   21.598600   41.900400      2.6654
   21.631900   41.900400     13.5184
   21.665200   41.900400     19.6336
   21.698500   41.900400     10.9279
   21.731800   41.900400     -3.5471
   21.765100   41.900400     -5.1135
   21.798400   41.900400      3.3985
   21.831700   41.900400      8.2179
   21.865000   41.900400      7.3234
   21.898300   41.900400      4.6341
   21.931600   41.900400      2.0829
   21.964900   41.900400     -3.8058
   21.998200   41.900400     -8.0345
   22.031500   41.900400     -4.3431
   22.064800   41.900400      1.7369
   22.098100   41.900400      0.4483
   22.131400   41.900400     -4.8308
   22.164700   41.900400     -6.7176
   22.198000   41.900400     -4.2324
   22.231300   41.900400     -2.2003
   22.264600   41.900400     -0.9490
   22.297900   41.900400      0.1165
   22.331200   41.900400     -3.6597
   22.364500   41.900400    -12.5710
   22.397800   41.900400    -15.8490
   22.431100   41.900400     -6.2712
   22.464400   41.900400      7.1696
   22.497700   41.900400     13.0302
   22.531000   41.900400     12.8966
   22.564300   41.900400     12.8246
   22.597600   41.900400     11.5015
   22.630900   41.900400      3.2051
   22.664200   41.900400     -4.9739
   22.697500   41.900400     -4.0100
   22.730800   41.900400      4.4521
   22.764100   41.900400     13.3107
   22.797400   41.900400     15.4513
   22.830700   41.900400      9.1497
   22.864000   41.900400      6.2482
   22.897300   41.900400      9.8743
   22.930600   41.900400     14.4580
   22.963900   41.900400      3.1130
   22.997200   41.900400    -17.7303
   23.030500   41.900400    -24.5727
   23.063800   41.900400    -11.5450
   23.097100   41.900400      3.7750
   23.130400   41.900400      6.1960
   23.163700   41.900400      0.4271
   23.197000   41.900400     -3.5102
   23.230300   41.900400     -4.3674
   23.263600   41.900400      1.1050
   23.296900   41.900400     13.5381
   23.330200   41.900400     23.9858
   23.363500   41.900400     23.9531
   23.396800   41.900400     18.4868
   23.430100   41.900400      7.6576
   23.463400   41.900400     -3.1539
   23.496700   41.900400     -7.2565
   23.530000   41.900400     -3.9107
   23.563300   41.900400      0.6124
   23.596600   41.900400      3.9392
   23.629900   41.900400     10.3788
   23.663200   41.900400     19.6177
   23.696500   41.900400     20.2481
   23.729800   41.900400     12.2471
   23.763100   41.900400     -1.0834
   23.796400   41.900400     -8.8305
   23.829700   41.900400    -10.7131
   23.863000   41.900400     -7.9655
   23.896300   41.900400     -2.4842
   23.929600   41.900400      4.8181
   23.962900   41.900400     10.7692
   23.996200   41.900400     12.0018
   24.029500   41.900400      9.3783
   24.062800   41.900400      5.9075
   24.096100   41.900400      3.6617
   24.129400   41.900400      3.0112
   24.162700   41.900400      1.3725
   24.196000   41.900400     -1.2713
   24.229300   41.900400      0.8310
   24.262600   41.900400      5.5890
   24.295900   41.900400      8.0549
   24.329200   41.900400      2.6111
   24.362500   41.900400     -7.7048
   24.395800   41.900400    -12.3540
   24.429100   41.900400      3.3577
   24.462400   41.900400     22.9513
   24.495700   41.900400     23.9822
   24.529000   41.900400      9.2868
   24.562300   41.900400    -10.7611
   24.595600   41.900400    -20.1594
   24.628900   41.900400    -12.8584
   24.662200   41.900400      2.9236
   24.695500   41.900400     14.1048
   24.728800   41.900400     10.3408
   24.762100   41.900400     -3.8885
   24.795400   41.900400    -13.6193
   24.828700   41.900400    -13.7041
   24.862000   41.900400    -14.1803
   24.895300   41.900400    -17.1502
   24.928600   41.900400    -17.7279
   24.961900   41.900400    -11.1012
   24.995200   41.900400      4.2855
   25.028500   41.900400     13.8043
   25.061800   41.900400     14.7779
   25.095100   41.900400     10.1692
   25.128400   41.900400      4.0762
   25.161700   41.900400     -0.1702
   25.195000   41.900400     -0.2190
   25.228300   41.900400      1.5975
   25.261600   41.900400     -0.2484
   25.294900   41.900400     -5.4855
   25.328200   41.900400    -10.2744
   25.361500   41.900400     -9.5396
   25.394800   41.900400     -5.6505
   25.428100   41.900400     -1.7718
   25.461400   41.900400      0.6804
   25.494700   41.900400      1.5300
   25.528000   41.900400      1.8119
   25.561300   41.900400      2.3216
   25.594600   41.900400      1.0335
   20.200000   41.867100      9.0106
   20.233300   41.867100     11.8404
   20.266600   41.867100      4.4891
   20.299900   41.867100     -7.0073
   20.333200   41.867100    -14.8489
   20.366500   41.867100    -12.6989
   20.399800   41.867100    -10.6682
   20.433100   41.867100     -7.2596
   20.466400   41.867100      1.2926
   20.499700   41.867100     10.2016
   20.533000   41.867100     11.1630
   20.566300   41.867100      0.8049
   20.599600   41.867100     -8.1662
   20.632900   41.867100     -6.4936
   20.666200   41.867100      5.1108
   20.699500   41.867100     13.6093
   20.732800   41.867100     16.0577
   20.766100   41.867100     11.6407
   20.799400   41.867100      4.8316
   20.832700   41.867100     -0.9092
   20.866000   41.867100     -3.4857
   20.899300   41.867100     -1.7086
   20.932600   41.867100      0.4989
   20.965900   41.867100      1.1935
   20.999200   41.867100      2.3421
   21.032500   41.867100      5.2958
   21.065800   41.867100     11.2034
   21.099100   41.867100     14.6075
   21.132400   41.867100     15.4405
   21.165700   41.867100     11.6600
   21.199000   41.867100     12.6904
   21.232300   41.867100     18.8795
   21.265600   41.867100     22.3398
   21.298900   41.867100     22.0379
   21.332200   41.867100     23.0347
   21.365500   41.867100     29.2711
   21.398800   41.867100     34.9674
   21.432100   41.867100     30.8227
   21.465400   41.867100     18.6092
   21.498700   41.867100     10.4435
   21.532000   41.867100      7.1375
   21.565300   41.867100      5.2338
   21.598600   41.867100      4.8985
   21.631900   41.867100      9.7046
   21.665200   41.867100     11.3931
   21.698500   41.867100      2.7142
   21.731800   41.867100     -6.0970
   21.765100   41.867100     -5.5422
   21.798400   41.867100      2.7501
   21.831700   41.867100      6.8541
   21.865000   41.867100      5.5231
   21.898300   41.867100      3.6633
   21.931600   41.867100      0.7739
   21.964900   41.867100     -5.3376
   21.998200   41.867100     -9.2366
   22.031500   41.867100     -6.5486
   22.064800   41.867100     -3.1683
   22.098100   41.867100     -5.5452
   22.131400   41.867100     -9.2990
   22.164700   41.867100     -8.8107
   22.198000   41.867100     -6.4138
   22.231300   41.867100     -4.7890
   22.264600   41.867100     -2.1828
   22.297900   41.867100     -0.6632
   22.331200   41.867100     -9.0655
   22.364500   41.867100    -25.1239
   22.397800   41.867100    -29.8112
   22.431100   41.867100    -12.9481
   22.464400   41.867100      9.7297
   22.497700   41.867100     17.0215
   22.531000   41.867100     11.2927
   22.564300   41.867100      3.8803
   22.597600   41.867100     -1.1478
   22.630900   41.867100     -6.2236
   22.664200   41.867100     -7.8172
   22.697500   41.867100     -1.7823
   22.730800   41.867100      7.9830
   22.764100   41.867100     12.9203
   22.797400   41.867100      6.6088
   22.830700   41.867100     -7.4058
   22.864000   41.867100    -18.8779
   22.897300   41.867100    -21.1437
   22.930600   41.867100    -17.4622
   22.963900   41.867100    -10.9659
   22.997200   41.867100     -0.4689
   23.030500   41.867100     11.3022
   23.063800   41.867100     21.4173
   23.097100   41.867100     24.2531
   23.130400   41.867100     20.3386
   23.163700   41.867100     16.6480
   23.197000   41.867100      6.8364
   23.230300   41.867100    -10.2005
   23.263600   41.867100    -11.2246
   23.296900   41.867100      2.6290
   23.330200   41.867100     27.4120
   23.363500   41.867100     47.1655
   23.396800   41.867100     45.5164
   23.430100   41.867100     29.4742
   23.463400   41.867100     12.6668
   23.496700   41.867100      2.9767
   23.530000   41.867100     -2.3394
   23.563300   41.867100    -10.2937
   23.596600   41.867100    -23.8764
   23.629900   41.867100    -26.8710
   23.663200   41.867100    -14.3733
   23.696500   41.867100     -7.4182
   23.729800   41.867100     -7.1118
   23.763100   41.867100     -7.4567
   23.796400   41.867100     -4.8787
   23.829700   41.867100      1.8022
   23.863000   41.867100      7.1131
   23.896300   41.867100     10.3192
   23.929600   41.867100     14.5309
   23.962900   41.867100     17.9283
   23.996200   41.867100     16.2820
   24.029500   41.867100      9.9229
   24.062800   41.867100      2.1750
   24.096100   41.867100     -1.4049
   24.129400   41.867100      1.8510
   24.162700   41.867100      5.7862
   24.196000   41.867100      8.7245
   24.229300   41.867100     12.2098
   24.262600   41.867100     14.9743
   24.295900   41.867100     13.1266
   24.329200   41.867100      3.3693
   24.362500   41.867100    -10.5059
   24.395800   41.867100    -18.5908
   24.429100   41.867100     -7.8386
   24.462400   41.867100      6.1957
   24.495700   41.867100     10.8594
   24.529000   41.867100      5.6173
   24.562300   41.867100     -0.0809
   24.595600   41.867100      0.5539
   24.628900   41.867100      7.5669
   24.662200   41.867100     12.9837
   24.695500   41.867100      8.2133
   24.728800   41.867100     -1.5507
   24.762100   41.867100     -4.3882
   24.795400   41.867100      2.7840
   24.828700   41.867100     15.4433
   24.862000   41.867100     16.0526
   24.895300   41.867100      8.1908
   24.928600   41.867100     -6.4070
   24.961900   41.867100    -11.4012
   24.995200   41.867100     -8.9422
   25.028500   41.867100     -0.3671
   25.061800   41.867100      2.5806
   25.095100   41.867100      0.3204
   25.128400   41.867100     -4.1702
   25.161700   41.867100     -5.0701
   25.195000   41.867100     -1.7859
   25.228300   41.867100      2.1947
   25.261600   41.867100      2.2183
   25.294900   41.867100     -1.1573
   25.328200   41.867100     -4.5706
   25.361500   41.867100     -5.7544
   25.394800   41.867100     -4.1537
   25.428100   41.867100     -0.1629
   25.461400   41.867100      3.6171
   25.494700   41.867100      4.1735
   25.528000   41.867100      2.0608
   25.561300   41.867100      0.2110
   25.594600   41.867100     -0.3919
   20.200000   41.833800      5.9314
   20.233300   41.833800      5.2229
   20.266600   41.833800      0.7365
   20.299900   41.833800     -5.9027
   20.333200   41.833800     -8.3107
   20.366500   41.833800     -2.7840
   20.399800   41.833800      1.3068
   20.433100   41.833800      6.3935
   20.466400   41.833800     13.5164
   20.499700   41.833800     15.9745
   20.533000   41.833800     10.9292
   20.566300   41.833800     -5.8610
   20.599600   41.833800    -24.6936
   20.632900   41.833800    -30.9231
   20.666200   41.833800    -15.8525
   20.699500   41.833800     -0.3679
   20.732800   41.833800     12.2756
   20.766100   41.833800     21.6555
   20.799400   41.833800     20.7182
   20.832700   41.833800     16.3836
   20.866000   41.833800      3.2542
   20.899300   41.833800    -11.5015
   20.932600   41.833800    -16.6398
   20.965900   41.833800    -14.2433
   20.999200   41.833800     -5.6229
   21.032500   41.833800      4.3847
   21.065800   41.833800      9.7211
   21.099100   41.833800      5.8045
   21.132400   41.833800     -3.7989
   21.165700   41.833800     -6.5738
   21.199000   41.833800     11.5347
   21.232300   41.833800     25.3029
   21.265600   41.833800     22.6450
   21.298900   41.833800     15.6270
   21.332200   41.833800     16.4732
   21.365500   41.833800     25.7397
   21.398800   41.833800     27.1389
   21.432100   41.833800     16.4372
   21.465400   41.833800      9.2732
   21.498700   41.833800     14.0142
   21.532000   41.833800     20.0537
   21.565300   41.833800     18.0447
   21.598600   41.833800     11.8017
   21.631900   41.833800     11.1680
   21.665200   41.833800     10.2308
   21.698500   41.833800      1.7342
   21.731800   41.833800     -3.7457
   21.765100   41.833800     -0.5577
   21.798400   41.833800      3.7113
   21.831700   41.833800      1.4449
   21.865000   41.833800     -2.5718
   21.898300   41.833800     -2.5442
   21.931600   41.833800     -0.9710
   21.964900   41.833800     -1.5561
   21.998200   41.833800     -2.8007
   22.031500   41.833800     -2.6427
   22.064800   41.833800     -2.9382
   22.098100   41.833800     -5.3778
   22.131400   41.833800     -7.6790
   22.164700   41.833800     -8.0183
   22.198000   41.833800     -7.6338
   22.231300   41.833800     -6.1919
   22.264600   41.833800      0.5320
   22.297900   41.833800      9.5218
   22.331200   41.833800     10.7172
   22.364500   41.833800      1.1278
   22.397800   41.833800     -7.0754
   22.431100   41.833800     -5.4461
   22.464400   41.833800     -0.7334
   22.497700   41.833800      1.1847
   22.531000   41.833800     -0.9496
   22.564300   41.833800     -3.5399
   22.597600   41.833800     -7.6133
   22.630900   41.833800    -10.0536
   22.664200   41.833800     -8.0845
   22.697500   41.833800      0.2679
   22.730800   41.833800      8.3100
   22.764100   41.833800      9.7692
   22.797400   41.833800      4.1775
   22.830700   41.833800     -4.9397
   22.864000   41.833800    -19.6263
   22.897300   41.833800    -28.3998
   22.930600   41.833800    -16.2315
   22.963900   41.833800      9.1206
   22.997200   41.833800     40.9742
   23.030500   41.833800     51.7142
   23.063800   41.833800     35.9855
   23.097100   41.833800     -1.8569
   23.130400   41.833800    -13.1989
   23.163700   41.833800      1.2670
   23.197000   41.833800     13.3246
   23.230300   41.833800      2.7984
   23.263600   41.833800     -3.1280
   23.296900   41.833800      3.6200
   23.330200   41.833800     15.1792
   23.363500   41.833800     24.2175
   23.396800   41.833800     30.6301
   23.430100   41.833800     35.4273
   23.463400   41.833800     29.2664
   23.496700   41.833800     14.0752
   23.530000   41.833800      1.3406
   23.563300   41.833800     -3.3564
   23.596600   41.833800     -4.5460
   23.629900   41.833800     -7.8987
   23.663200   41.833800    -10.4675
   23.696500   41.833800    -15.5583
   23.729800   41.833800    -15.0071
   23.763100   41.833800     -6.8273
   23.796400   41.833800      8.7209
   23.829700   41.833800     23.4821
   23.863000   41.833800     25.3449
   23.896300   41.833800     16.5840
   23.929600   41.833800     10.4935
   23.962900   41.833800     12.2884
   23.996200   41.833800     14.9518
   24.029500   41.833800     12.5371
   24.062800   41.833800      5.2333
   24.096100   41.833800      0.4133
   24.129400   41.833800      2.5984
   24.162700   41.833800      8.6853
   24.196000   41.833800     13.6813
   24.229300   41.833800     16.6673
   24.262600   41.833800     15.2182
   24.295900   41.833800      8.8865
   24.329200   41.833800     -0.8573
   24.362500   41.833800    -10.7383
   24.395800   41.833800    -12.9095
   24.429100   41.833800    -10.8526
   24.462400   41.833800     -5.7394
   24.495700   41.833800     -1.9356
   24.529000   41.833800      3.2078
   24.562300   41.833800      9.3328
   24.595600   41.833800     14.1712
   24.628900   41.833800     12.9700
   24.662200   41.833800      5.0443
   24.695500   41.833800     -4.8073
   24.728800   41.833800     -5.9931
   24.762100   41.833800      0.0441
   24.795400   41.833800     12.9737
   24.828700   41.833800     30.8137
   24.862000   41.833800     37.8112
   24.895300   41.833800     25.4273
   24.928600   41.833800      5.5400
   24.961900   41.833800     -8.2691
   24.995200   41.833800    -11.9994
   25.028500   41.833800    -11.5022
   25.061800   41.833800    -10.4998
   25.095100   41.833800    -10.1051
   25.128400   41.833800     -9.5981
   25.161700   41.833800     -5.8017
   25.195000   41.833800     -0.5889
   25.228300   41.833800      3.4090
   25.261600   41.833800      4.6995
   25.294900   41.833800      4.6324
   25.328200   41.833800      2.6096
   25.361500   41.833800     -1.9888
   25.394800   41.833800     -6.3006
   25.428100   41.833800     -5.8646
   25.461400   41.833800     -1.3044
   25.494700   41.833800      2.8481
   25.528000   41.833800      2.6398
   25.561300   41.833800     -0.3085
   25.594600   41.833800     -1.7619
   20.200000   41.800500     11.1766
   20.233300   41.800500      4.8752
   20.266600   41.800500     -3.1107
   20.299900   41.800500     -9.0565
   20.333200   41.800500     -5.3637
   20.366500   41.800500      2.3642
   20.399800   41.800500      3.8739
   20.433100   41.800500      3.3375
   20.466400   41.800500      7.9862
   20.499700   41.800500     11.2237
   20.533000   41.800500      2.5045
   20.566300   41.800500    -15.8082
   20.599600   41.800500    -40.1131
   20.632900   41.800500    -49.4298
   20.666200   41.800500    -23.9817
   20.699500   41.800500     -2.3864
   20.732800   41.800500     14.9975
   20.766100   41.800500     25.4174
   20.799400   41.800500     27.2886
   20.832700   41.800500     12.0008
   20.866000   41.800500     -8.5430
   20.899300   41.800500    -21.3517
   20.932600   41.800500    -20.3784
   20.965900   41.800500    -13.2662
   20.999200   41.800500     -5.4870
   21.032500   41.800500      1.9685
   21.065800   41.800500      2.8292
   21.099100   41.800500     -8.2229
   21.132400   41.800500    -34.9701
   21.165700   41.800500    -40.2530
   21.199000   41.800500    -10.8737
   21.232300   41.800500     17.8293
   21.265600   41.800500     21.9841
   21.298900   41.800500     21.8934
   21.332200   41.800500     21.8451
   21.365500   41.800500     18.5269
   21.398800   41.800500      8.4752
   21.432100   41.800500     -1.3573
   21.465400   41.800500      7.4788
   21.498700   41.800500     26.9347
   21.532000   41.800500     34.2219
   21.565300   41.800500     26.6587
   21.598600   41.800500     17.3914
   21.631900   41.800500     17.0753
   21.665200   41.800500     15.2532
   21.698500   41.800500      4.6748
   21.731800   41.800500     -1.6248
   21.765100   41.800500      1.0631
   21.798400   41.800500      2.4412
   21.831700   41.800500     -3.0922
   21.865000   41.800500     -8.3872
   21.898300   41.800500     -7.0226
   21.931600   41.800500     -0.9423
   21.964900   41.800500      5.2141
   21.998200   41.800500      7.7660
   22.031500   41.800500      5.8398
   22.064800   41.800500      3.2157
   22.098100   41.800500      1.0301
   22.131400   41.800500     -1.9565
   22.164700   41.800500     -5.9900
   22.198000   41.800500     -8.6146
   22.231300   41.800500     -6.6890
   22.264600   41.800500      0.5796
   22.297900   41.800500     10.2491
   22.331200   41.800500     17.8779
   22.364500   41.800500     18.0839
   22.397800   41.800500     11.9251
   22.431100   41.800500      5.4462
   22.464400   41.800500      2.1733
   22.497700   41.800500      5.2561
   22.531000   41.800500     10.7733
   22.564300   41.800500     11.9097
   22.597600   41.800500      6.8638
   22.630900   41.800500     -1.8504
   22.664200   41.800500     -4.9109
   22.697500   41.800500      0.4034
   22.730800   41.800500      4.9303
   22.764100   41.800500      6.5885
   22.797400   41.800500      9.5121
   22.830700   41.800500     12.2622
   22.864000   41.800500      6.2699
   22.897300   41.800500     -2.4001
   22.930600   41.800500      4.7709
   22.963900   41.800500     25.3358
   22.997200   41.800500     46.3537
   23.030500   41.800500     38.9507
   23.063800   41.800500     -8.3004
   23.097100   41.800500    -46.9249
   23.130400   41.800500    -50.1603
   23.163700   41.800500    -21.1838
   23.197000   41.800500      8.3217
   23.230300   41.800500     18.4419
   23.263600   41.800500     24.9076
   23.296900   41.800500     31.7154
   23.330200   41.800500     20.9202
   23.363500   41.800500     10.9924
   23.396800   41.800500     11.2847
   23.430100   41.800500     21.5986
   23.463400   41.800500     28.8212
   23.496700   41.800500     15.6224
   23.530000   41.800500      2.1782
   23.563300   41.800500     12.3935
   23.596600   41.800500     35.3150
   23.629900   41.800500     44.6127
   23.663200   41.800500     29.0929
   23.696500   41.800500      0.1506
   23.729800   41.800500    -11.2235
   23.763100   41.800500     -3.1178
   23.796400   41.800500     15.9721
   23.829700   41.800500     25.4788
   23.863000   41.800500     19.4107
   23.896300   41.800500      3.3392
   23.929600   41.800500     -8.5339
   23.962900   41.800500     -4.8462
   23.996200   41.800500      5.6120
   24.029500   41.800500     12.2979
   24.062800   41.800500     11.0791
   24.096100   41.800500      6.3392
   24.129400   41.800500      3.6901
   24.162700   41.800500      4.9797
   24.196000   41.800500      7.4312
   24.229300   41.800500      7.7974
   24.262600   41.800500      4.8817
   24.295900   41.800500     -0.0299
   24.329200   41.800500     -3.4985
   24.362500   41.800500     -3.2946
   24.395800   41.800500     -1.5357
   24.429100   41.800500     -2.1538
   24.462400   41.800500     -6.0739
   24.495700   41.800500     -4.8111
   24.529000   41.800500      5.1047
   24.562300   41.800500     13.7777
   24.595600   41.800500     12.2615
   24.628900   41.800500     -1.9652
   24.662200   41.800500    -20.2999
   24.695500   41.800500    -19.4156
   24.728800   41.800500     -6.9380
   24.762100   41.800500      7.1523
   24.795400   41.800500     13.9198
   24.828700   41.800500     13.3133
   24.862000   41.800500     10.5190
   24.895300   41.800500      5.5269
   24.928600   41.800500      1.3517
   24.961900   41.800500     -2.3941
   24.995200   41.800500     -4.8273
   25.028500   41.800500     -6.2471
   25.061800   41.800500     -7.1402
   25.095100   41.800500     -7.3893
   25.128400   41.800500     -5.1757
   25.161700   41.800500     -1.0856
   25.195000   41.800500     -0.6446
   25.228300   41.800500     -5.0415
   25.261600   41.800500     -8.0546
   25.294900   41.800500     -5.3855
   25.328200   41.800500     -0.0458
   25.361500   41.800500     -0.5533
   25.394800   41.800500     -7.9661
   25.428100   41.800500    -13.6021
   25.461400   41.800500    -12.0903
   25.494700   41.800500     -5.7298
   25.528000   41.800500     -2.0200
   25.561300   41.800500     -2.7093
   25.594600   41.800500     -1.5365
   20.200000   41.767200     29.2031
   20.233300   41.767200      6.5359
   20.266600   41.767200     -7.4964
   20.299900   41.767200    -11.9027
   20.333200   41.767200     -6.5746
   20.366500   41.767200     -2.3145
   20.399800   41.767200     -9.4652
   20.433100   41.767200    -14.3512
   20.466400   41.767200     -8.2715
   20.499700   41.767200      3.9251
   20.533000   41.767200      4.4306
   20.566300   41.767200     -6.8278
   20.599600   41.767200    -25.7997
   20.632900   41.767200    -27.3654
   20.666200   41.767200    -17.5940
   20.699500   41.767200     -0.7703
   20.732800   41.767200      8.4492
   20.766100   41.767200     11.4022
   20.799400   41.767200      6.0335
   20.832700   41.767200     -9.0456
   20.866000   41.767200    -22.9454
   20.899300   41.767200    -26.0503
   20.932600   41.767200    -16.2906
   20.965900   41.767200     -3.1604
   20.999200   41.767200      9.3513
   21.032500   41.767200     19.1063
   21.065800   41.767200     19.8599
   21.099100   41.767200      4.6072
   21.132400   41.767200    -13.2760
   21.165700   41.767200    -18.3787
   21.199000   41.767200      3.7539
   21.232300   41.767200     23.9517
   21.265600   41.767200     30.2857
   21.298900   41.767200     29.3417
   21.332200   41.767200     30.8041
   21.365500   41.767200     23.1523
   21.398800   41.767200     10.2598
   21.432100   41.767200      7.0307
   21.465400   41.767200     20.1056
   21.498700   41.767200     31.1192
   21.532000   41.767200     23.9576
   21.565300   41.767200     10.4572
   21.598600   41.767200      6.8334
   21.631900   41.767200     16.0110
   21.665200   41.767200     18.3650
   21.698500   41.767200      8.0791
   21.731800   41.767200      0.6396
   21.765100   41.767200      2.8346
   21.798400   41.767200      2.9994
   21.831700   41.767200     -2.9138
   21.865000   41.767200     -7.9113
   21.898300   41.767200     -5.7466
   21.931600   41.767200      3.1029
   21.964900   41.767200     12.0976
   21.998200   41.767200     12.8387
   22.031500   41.767200      7.0504
   22.064800   41.767200      2.6361
   22.098100   41.767200      3.0010
   22.131400   41.767200      2.1684
   22.164700   41.767200     -2.5294
   22.198000   41.767200     -5.5473
   22.231300   41.767200     -4.2761
   22.264600   41.767200     -3.5285
   22.297900   41.767200     -3.6129
   22.331200   41.767200      1.2600
   22.364500   41.767200     10.0673
   22.397800   41.767200     14.0990
   22.431100   41.767200     10.9670
   22.464400   41.767200      7.8969
   22.497700   41.767200     13.6785
   22.531000   41.767200     20.8617
   22.564300   41.767200     18.1028
   22.597600   41.767200      9.3120
   22.630900   41.767200      0.4302
   22.664200   41.767200     -1.7360
   22.697500   41.767200      3.6294
   22.730800   41.767200      7.0058
   22.764100   41.767200      7.1982
   22.797400   41.767200     10.9507
   22.830700   41.767200     15.9342
   22.864000   41.767200     12.8579
   22.897300   41.767200      4.6855
   22.930600   41.767200      4.5738
   22.963900   41.767200     12.3815
   22.997200   41.767200     14.6341
   23.030500   41.767200     -0.0371
   23.063800   41.767200    -28.9315
   23.097100   41.767200    -56.2726
   23.130400   41.767200    -45.8663
   23.163700   41.767200    -23.2879
   23.197000   41.767200     -7.6199
   23.230300   41.767200     13.3891
   23.263600   41.767200     47.0203
   23.296900   41.767200     56.9153
   23.330200   41.767200     33.5032
   23.363500   41.767200     11.5118
   23.396800   41.767200     17.2673
   23.430100   41.767200     33.3177
   23.463400   41.767200     43.4706
   23.496700   41.767200     26.3647
   23.530000   41.767200      9.2541
   23.563300   41.767200     20.9013
   23.596600   41.767200     53.8433
   23.629900   41.767200     67.1266
   23.663200   41.767200     47.4650
   23.696500   41.767200      7.4779
   23.729800   41.767200     -8.1718
   23.763100   41.767200     -0.6982
   23.796400   41.767200     14.0407
   23.829700   41.767200     19.4936
   23.863000   41.767200      8.1522
   23.896300   41.767200     -9.2503
   23.929600   41.767200    -17.3420
   23.962900   41.767200    -18.2294
   23.996200   41.767200     -6.1627
   24.029500   41.767200      2.9619
   24.062800   41.767200      6.2568
   24.096100   41.767200      4.5948
   24.129400   41.767200      1.3902
   24.162700   41.767200     -0.4602
   24.196000   41.767200     -0.2568
   24.229300   41.767200      0.2804
   24.262600   41.767200      0.0095
   24.295900   41.767200     -0.5653
   24.329200   41.767200      0.0624
   24.362500   41.767200      2.3556
   24.395800   41.767200      3.6394
   24.429100   41.767200      1.2400
   24.462400   41.767200     -4.0541
   24.495700   41.767200     -1.3238
   24.529000   41.767200      8.4653
   24.562300   41.767200     14.0822
   24.595600   41.767200      4.1485
   24.628900   41.767200    -18.6891
   24.662200   41.767200    -31.8438
   24.695500   41.767200    -25.4181
   24.728800   41.767200      0.8780
   24.762100   41.767200     13.6516
   24.795400   41.767200     10.6691
   24.828700   41.767200     -5.9372
   24.862000   41.767200    -20.6049
   24.895300   41.767200    -16.4019
   24.928600   41.767200     -8.0984
   24.961900   41.767200      4.5757
   24.995200   41.767200     12.1556
   25.028500   41.767200     12.8557
   25.061800   41.767200      9.0119
   25.095100   41.767200      5.9107
   25.128400   41.767200      6.7254
   25.161700   41.767200      7.8390
   25.195000   41.767200      3.8145
   25.228300   41.767200     -6.2420
   25.261600   41.767200    -11.4063
   25.294900   41.767200     -6.9343
   25.328200   41.767200      4.1607
   25.361500   41.767200      7.8118
   25.394800   41.767200      1.3495
   25.428100   41.767200     -7.8965
   25.461400   41.767200    -10.1759
   25.494700   41.767200     -7.6445
   25.528000   41.767200     -6.8247
   25.561300   41.767200     -6.6931
   25.594600   41.767200      0.0896
   20.200000   41.733900     36.8446
   20.233300   41.733900      2.1511
   20.266600   41.733900    -13.7054
   20.299900   41.733900    -15.9907
   20.333200   41.733900     -6.3302
   20.366500   41.733900     -6.1702
   20.399800   41.733900    -20.2443
   20.433100   41.733900    -26.7601
   20.466400   41.733900    -12.8890
   20.499700   41.733900      7.2627
   20.533000   41.733900     23.2024
   20.566300   41.733900     23.2174
   20.599600   41.733900      9.4980
   20.632900   41.733900     -4.0977
   20.666200   41.733900    -11.0177
   20.699500   41.733900    -10.6881
   20.732800   41.733900     -7.5576
   20.766100   41.733900     -0.6873
   20.799400   41.733900      6.0178
   20.832700   41.733900      6.5803
   20.866000   41.733900     -4.3888
   20.899300   41.733900    -17.5377
   20.932600   41.733900    -21.8366
   20.965900   41.733900     -7.7654
   20.999200   41.733900     11.2817
   21.032500   41.733900     20.9716
   21.065800   41.733900     28.3358
   21.099100   41.733900     22.8705
   21.132400   41.733900     16.8215
   21.165700   41.733900     18.9737
   21.199000   41.733900     25.0475
   21.232300   41.733900     18.3614
   21.265600   41.733900     11.3047
   21.298900   41.733900     15.8489
   21.332200   41.733900     23.4117
   21.365500   41.733900     26.9127
   21.398800   41.733900     23.8300
   21.432100   41.733900     22.2213
   21.465400   41.733900     27.3331
   21.498700   41.733900     21.1719
   21.532000   41.733900      1.9584
   21.565300   41.733900    -14.3042
   21.598600   41.733900     -2.9523
   21.631900   41.733900     16.5819
   21.665200   41.733900     21.1924
   21.698500   41.733900     11.6629
   21.731800   41.733900      4.3410
   21.765100   41.733900      3.9175
   21.798400   41.733900      2.4109
   21.831700   41.733900     -2.8049
   21.865000   41.733900     -5.8935
   21.898300   41.733900     -1.8314
   21.931600   41.733900      7.7442
   21.964900   41.733900     16.8075
   21.998200   41.733900     15.8976
   22.031500   41.733900      7.8716
   22.064800   41.733900      3.7416
   22.098100   41.733900      6.3282
   22.131400   41.733900      7.0651
   22.164700   41.733900      2.4717
   22.198000   41.733900     -1.0518
   22.231300   41.733900     -1.1060
   22.264600   41.733900     -4.2949
   22.297900   41.733900    -10.3005
   22.331200   41.733900    -11.5330
   22.364500   41.733900     -3.2342
   22.397800   41.733900      3.2909
   22.431100   41.733900      2.3664
   22.464400   41.733900      1.7427
   22.497700   41.733900      5.7306
   22.531000   41.733900      5.8343
   22.564300   41.733900     -1.7749
   22.597600   41.733900    -10.5633
   22.630900   41.733900    -10.7754
   22.664200   41.733900     -0.0128
   22.697500   41.733900     11.0165
   22.730800   41.733900     15.9107
   22.764100   41.733900     14.1298
   22.797400   41.733900     12.1949
   22.830700   41.733900     10.7186
   22.864000   41.733900      6.2399
   22.897300   41.733900     -0.3346
   22.930600   41.733900     -4.9760
   22.963900   41.733900     -6.0389
   22.997200   41.733900     -4.9531
   23.030500   41.733900     -8.1799
   23.063800   41.733900    -15.8098
   23.097100   41.733900    -17.0834
   23.130400   41.733900     -8.1976
   23.163700   41.733900     -7.7603
   23.197000   41.733900    -14.8827
   23.230300   41.733900     -3.7758
   23.263600   41.733900     23.8350
   23.296900   41.733900     29.4086
   23.330200   41.733900     18.4240
   23.363500   41.733900     21.0544
   23.396800   41.733900     39.9655
   23.430100   41.733900     60.2486
   23.463400   41.733900     65.5028
   23.496700   41.733900     39.6014
   23.530000   41.733900     21.6923
   23.563300   41.733900     22.9516
   23.596600   41.733900     42.3246
   23.629900   41.733900     48.3047
   23.663200   41.733900     26.0241
   23.696500   41.733900     -2.1351
   23.729800   41.733900     -9.1752
   23.763100   41.733900      0.5520
   23.796400   41.733900     11.7982
   23.829700   41.733900     14.2508
   23.863000   41.733900      4.9807
   23.896300   41.733900     -5.1412
   23.929600   41.733900     -8.6993
   23.962900   41.733900     -8.0161
   23.996200   41.733900     -7.4363
   24.029500   41.733900     -5.2351
   24.062800   41.733900     -1.5490
   24.096100   41.733900     -0.3836
   24.129400   41.733900     -2.0385
   24.162700   41.733900     -3.9648
   24.196000   41.733900     -3.7836
   24.229300   41.733900     -1.3095
   24.262600   41.733900      1.7076
   24.295900   41.733900      3.5846
   24.329200   41.733900      3.2983
   24.362500   41.733900      2.9659
   24.395800   41.733900      1.7905
   24.429100   41.733900     -2.0137
   24.462400   41.733900     -4.7436
   24.495700   41.733900      0.1752
   24.529000   41.733900     10.8609
   24.562300   41.733900     16.8433
   24.595600   41.733900      5.3514
   24.628900   41.733900    -14.2213
   24.662200   41.733900    -23.4651
   24.695500   41.733900    -11.9170
   24.728800   41.733900      9.5545
   24.762100   41.733900     14.9347
   24.795400   41.733900      6.7888
   24.828700   41.733900    -13.2741
   24.862000   41.733900    -22.8123
   24.895300   41.733900    -20.9126
   24.928600   41.733900     -7.2207
   24.961900   41.733900      7.6276
   24.995200   41.733900     19.9541
   25.028500   41.733900     22.2816
   25.061800   41.733900     15.4607
   25.095100   41.733900      7.1230
   25.128400   41.733900      5.0211
   25.161700   41.733900      8.5929
   25.195000   41.733900      7.6397
   25.228300   41.733900      3.5257
   25.261600   41.733900     -0.0600
   25.294900   41.733900      1.5606
   25.328200   41.733900      5.6823
   25.361500   41.733900      6.3279
   25.394800   41.733900      2.2956
   25.428100   41.733900     -1.4041
   25.461400   41.733900     -1.3932
   25.494700   41.733900     -2.3635
   25.528000   41.733900     -7.8796
   25.561300   41.733900    -12.7566
   25.594600   41.733900     -8.5778
   20.200000   41.700600     11.9607
   20.233300   41.700600    -11.1928
   20.266600   41.700600    -18.9923
   20.299900   41.700600    -18.4906
   20.333200   41.700600     -4.7805
   20.366500   41.700600     -1.5379
   20.399800   41.700600    -11.9634
   20.433100   41.700600    -17.0239
   20.466400   41.700600     -4.9713
   20.499700   41.700600     17.0382
   20.533000   41.700600     22.9266
   20.566300   41.700600     22.1476
   20.599600   41.700600      9.6965
   20.632900   41.700600     -5.0212
   20.666200   41.700600    -15.5275
   20.699500   41.700600    -18.9375
   20.732800   41.700600    -14.9986
   20.766100   41.700600     -0.0657
   20.799400   41.700600     16.3804
   20.832700   41.700600     20.9168
   20.866000   41.700600     13.0761
   20.899300   41.700600     -8.3922
   20.932600   41.700600    -24.3872
   20.965900   41.700600    -23.2447
   20.999200   41.700600    -10.8594
   21.032500   41.700600      1.2551
   21.065800   41.700600      7.4514
   21.099100   41.700600      8.7698
   21.132400   41.700600     11.5157
   21.165700   41.700600     16.4123
   21.199000   41.700600     19.8306
   21.232300   41.700600      2.5205
   21.265600   41.700600    -17.3455
   21.298900   41.700600    -19.3645
   21.332200   41.700600      6.3280
   21.365500   41.700600     21.0999
   21.398800   41.700600     22.3824
   21.432100   41.700600     20.9534
   21.465400   41.700600     12.7553
   21.498700   41.700600      3.3930
   21.532000   41.700600     -5.8524
   21.565300   41.700600    -11.3324
   21.598600   41.700600     -2.5419
   21.631900   41.700600     10.5082
   21.665200   41.700600     14.7642
   21.698500   41.700600      9.9384
   21.731800   41.700600      7.1586
   21.765100   41.700600      6.6301
   21.798400   41.700600      3.8897
   21.831700   41.700600     -0.7392
   21.865000   41.700600     -2.2835
   21.898300   41.700600      1.2648
   21.931600   41.700600      8.4986
   21.964900   41.700600     15.7636
   21.998200   41.700600     17.5401
   22.031500   41.700600     15.7666
   22.064800   41.700600     13.6280
   22.098100   41.700600     12.5766
   22.131400   41.700600      8.6372
   22.164700   41.700600      1.8617
   22.198000   41.700600     -1.7727
   22.231300   41.700600     -0.5547
   22.264600   41.700600      0.0217
   22.297900   41.700600     -2.8521
   22.331200   41.700600     -4.1125
   22.364500   41.700600     -2.2120
   22.397800   41.700600     -2.3585
   22.431100   41.700600     -5.5759
   22.464400   41.700600     -4.3037
   22.497700   41.700600     -2.8593
   22.531000   41.700600    -11.6686
   22.564300   41.700600    -29.3475
   22.597600   41.700600    -32.5871
   22.630900   41.700600    -14.5797
   22.664200   41.700600      3.6724
   22.697500   41.700600     11.3285
   22.730800   41.700600     10.7712
   22.764100   41.700600     11.2470
   22.797400   41.700600     14.0481
   22.830700   41.700600     13.8153
   22.864000   41.700600      9.3847
   22.897300   41.700600      5.4851
   22.930600   41.700600      3.0879
   22.963900   41.700600      2.2876
   22.997200   41.700600      3.1261
   23.030500   41.700600      4.0628
   23.063800   41.700600      3.8652
   23.097100   41.700600      4.7108
   23.130400   41.700600      7.1106
   23.163700   41.700600      4.8608
   23.197000   41.700600     -6.3561
   23.230300   41.700600    -13.7491
   23.263600   41.700600    -18.0724
   23.296900   41.700600    -12.7453
   23.330200   41.700600      4.1191
   23.363500   41.700600     36.3975
   23.396800   41.700600     72.0997
   23.430100   41.700600     82.5599
   23.463400   41.700600     66.7372
   23.496700   41.700600     47.5861
   23.530000   41.700600     30.4779
   23.563300   41.700600     21.9638
   23.596600   41.700600     18.8605
   23.629900   41.700600     14.0948
   23.663200   41.700600      7.2200
   23.696500   41.700600      0.9993
   23.729800   41.700600     -0.2053
   23.763100   41.700600      3.9433
   23.796400   41.700600      9.0420
   23.829700   41.700600     10.9061
   23.863000   41.700600      8.4294
   23.896300   41.700600      6.0448
   23.929600   41.700600      5.7643
   23.962900   41.700600      6.0074
   23.996200   41.700600      3.8082
   24.029500   41.700600      2.5715
   24.062800   41.700600      2.8945
   24.096100   41.700600      1.5672
   24.129400   41.700600     -2.3991
   24.162700   41.700600     -5.7265
   24.196000   41.700600     -5.9615
   24.229300   41.700600     -2.2424
   24.262600   41.700600      1.7454
   24.295900   41.700600      4.5201
   24.329200   41.700600      5.4835
   24.362500   41.700600      5.5699
   24.395800   41.700600      3.2970
   24.429100   41.700600     -2.8702
   24.462400   41.700600     -8.7507
   24.495700   41.700600     -5.7362
   24.529000   41.700600      6.9965
   24.562300   41.700600     17.4184
   24.595600   41.700600     14.3166
   24.628900   41.700600      5.1549
   24.662200   41.700600     -0.7481
   24.695500   41.700600      2.4708
   24.728800   41.700600      8.9151
   24.762100   41.700600      9.8233
   24.795400   41.700600      3.0932
   24.828700   41.700600     -6.3721
   24.862000   41.700600    -11.4217
   24.895300   41.700600    -10.2441
   24.928600   41.700600     -4.0965
   24.961900   41.700600      4.4290
   24.995200   41.700600     10.2913
   25.028500   41.700600      8.3458
   25.061800   41.700600     -0.3767
   25.095100   41.700600     -9.7682
   25.128400   41.700600    -11.5133
   25.161700   41.700600     -8.0001
   25.195000   41.700600     -0.3935
   25.228300   41.700600      6.4170
   25.261600   41.700600      9.9611
   25.294900   41.700600      9.3336
   25.328200   41.700600      3.9540
   25.361500   41.700600     -3.6386
   25.394800   41.700600     -8.6634
   25.428100   41.700600     -9.1689
   25.461400   41.700600     -5.5496
   25.494700   41.700600     -4.0948
   25.528000   41.700600     -8.4065
   25.561300   41.700600    -13.7050
   25.594600   41.700600    -15.6764
   20.200000   41.667300    -12.5533
   20.233300   41.667300    -16.0428
   20.266600   41.667300    -18.9291
   20.299900   41.667300    -16.2422
   20.333200   41.667300     -7.4485
   20.366500   41.667300     -0.8943
   20.399800   41.667300     -2.7798
   20.433100   41.667300     -5.4968
   20.466400   41.667300     -2.1957
   20.499700   41.667300      2.2458
   20.533000   41.667300     -0.9157
   20.566300   41.667300    -10.6674
   20.599600   41.667300    -22.3690
   20.632900   41.667300    -21.2855
   20.666200   41.667300    -10.0859
   20.699500   41.667300     -5.5547
   20.732800   41.667300     -3.0710
   20.766100   41.667300     -1.2003
   20.799400   41.667300      0.7784
   20.832700   41.667300      0.1447
   20.866000   41.667300     -5.8426
   20.899300   41.667300    -12.6223
   20.932600   41.667300    -15.4071
   20.965900   41.667300    -14.8423
   20.999200   41.667300    -17.3155
   21.032500   41.667300    -15.6362
   21.065800   41.667300    -12.3908
   21.099100   41.667300    -10.3540
   21.132400   41.667300     -7.8402
   21.165700   41.667300     -3.5389
   21.199000   41.667300      6.0733
   21.232300   41.667300      4.8101
   21.265600   41.667300     -9.7383
   21.298900   41.667300    -18.5414
   21.332200   41.667300     -4.9220
   21.365500   41.667300      6.5733
   21.398800   41.667300      5.6105
   21.432100   41.667300     -3.0912
   21.465400   41.667300     -7.8146
   21.498700   41.667300      0.5825
   21.532000   41.667300      4.9137
   21.565300   41.667300      4.0859
   21.598600   41.667300     -0.9549
   21.631900   41.667300     -1.1156
   21.665200   41.667300      4.6838
   21.698500   41.667300     11.7984
   21.731800   41.667300     14.8468
   21.765100   41.667300     14.2881
   21.798400   41.667300     11.6364
   21.831700   41.667300      9.3702
   21.865000   41.667300      7.4495
   21.898300   41.667300      7.1341
   21.931600   41.667300      8.1834
   21.964900   41.667300     10.7428
   21.998200   41.667300     15.3036
   22.031500   41.667300     19.1788
   22.064800   41.667300     18.3548
   22.098100   41.667300     12.9350
   22.131400   41.667300      7.0014
   22.164700   41.667300      1.8102
   22.198000   41.667300     -1.3530
   22.231300   41.667300     -0.5393
   22.264600   41.667300      1.7141
   22.297900   41.667300      3.1726
   22.331200   41.667300      3.7203
   22.364500   41.667300      3.9218
   22.397800   41.667300      1.5183
   22.431100   41.667300     -0.5713
   22.464400   41.667300      2.0095
   22.497700   41.667300      1.4908
   22.531000   41.667300    -13.2698
   22.564300   41.667300    -30.6861
   22.597600   41.667300    -24.1093
   22.630900   41.667300     -1.6504
   22.664200   41.667300     10.2396
   22.697500   41.667300      1.5435
   22.730800   41.667300     -6.2532
   22.764100   41.667300     -2.0942
   22.797400   41.667300      9.4848
   22.830700   41.667300     14.8005
   22.864000   41.667300      9.4383
   22.897300   41.667300      4.4338
   22.930600   41.667300      4.2509
   22.963900   41.667300      8.1381
   22.997200   41.667300     13.2811
   23.030500   41.667300     16.1816
   23.063800   41.667300     10.5175
   23.097100   41.667300      2.5723
   23.130400   41.667300      2.2684
   23.163700   41.667300      9.4601
   23.197000   41.667300      6.1035
   23.230300   41.667300    -11.0649
   23.263600   41.667300    -25.7564
   23.296900   41.667300    -23.3425
   23.330200   41.667300      6.2796
   23.363500   41.667300     47.4582
   23.396800   41.667300     67.1662
   23.430100   41.667300     64.3430
   23.463400   41.667300     54.4394
   23.496700   41.667300     48.8199
   23.530000   41.667300     37.7484
   23.563300   41.667300     18.9846
   23.596600   41.667300     -7.6596
   23.629900   41.667300    -16.8476
   23.663200   41.667300      3.7039
   23.696500   41.667300     23.2355
   23.729800   41.667300     19.2237
   23.763100   41.667300      1.6644
   23.796400   41.667300     -3.4539
   23.829700   41.667300      0.7246
   23.863000   41.667300      4.5206
   23.896300   41.667300      5.1719
   23.929600   41.667300      6.2978
   23.962900   41.667300      7.4423
   23.996200   41.667300      8.7820
   24.029500   41.667300      9.1460
   24.062800   41.667300      8.4747
   24.096100   41.667300      5.6736
   24.129400   41.667300      0.0657
   24.162700   41.667300     -4.5312
   24.196000   41.667300     -4.6420
   24.229300   41.667300     -3.4761
   24.262600   41.667300     -1.8145
   24.295900   41.667300      0.9437
   24.329200   41.667300      6.2751
   24.362500   41.667300     12.0664
   24.395800   41.667300      8.0699
   24.429100   41.667300     -0.8421
   24.462400   41.667300     -9.8950
   24.495700   41.667300    -11.9301
   24.529000   41.667300     -4.2884
   24.562300   41.667300      6.2831
   24.595600   41.667300     11.9882
   24.628900   41.667300      8.8784
   24.662200   41.667300      4.8779
   24.695500   41.667300      3.6558
   24.728800   41.667300      3.6633
   24.762100   41.667300      2.8668
   24.795400   41.667300      1.4443
   24.828700   41.667300      0.6979
   24.862000   41.667300     -0.6192
   24.895300   41.667300     -2.8894
   24.928600   41.667300     -5.6515
   24.961900   41.667300     -5.2301
   24.995200   41.667300     -1.9804
   25.028500   41.667300     -2.0347
   25.061800   41.667300     -9.8535
   25.095100   41.667300    -19.0617
   25.128400   41.667300    -24.8215
   25.161700   41.667300    -14.2971
   25.195000   41.667300     -2.5929
   25.228300   41.667300      9.6064
   25.261600   41.667300     19.6559
   25.294900   41.667300     21.7962
   25.328200   41.667300     14.9892
   25.361500   41.667300      3.3214
   25.394800   41.667300     -5.8225
   25.428100   41.667300     -9.1899
   25.461400   41.667300     -7.3055
   25.494700   41.667300     -4.8252
   25.528000   41.667300     -4.9018
   25.561300   41.667300     -5.9320
   25.594600   41.667300     -5.0939
   20.200000   41.634000      3.4443
   20.233300   41.634000     -1.9905
   20.266600   41.634000     -6.4463
   20.299900   41.634000     -8.8157
   20.333200   41.634000     -8.2887
   20.366500   41.634000     -6.3517
   20.399800   41.634000     -5.8220
   20.433100   41.634000     -8.5468
   20.466400   41.634000    -11.7744
   20.499700   41.634000    -14.3534
   20.533000   41.634000    -17.9988
   20.566300   41.634000    -26.0007
   20.599600   41.634000    -27.6540
   20.632900   41.634000     -5.9625
   20.666200   41.634000      5.7367
   20.699500   41.634000     10.1765
   20.732800   41.634000      5.7349
   20.766100   41.634000     -2.4158
   20.799400   41.634000     -8.7593
   20.832700   41.634000    -14.6672
   20.866000   41.634000    -20.4190
   20.899300   41.634000    -16.2046
   20.932600   41.634000      0.0432
   20.965900   41.634000      7.2951
   20.999200   41.634000     -2.9560
   21.032500   41.634000    -16.3821
   21.065800   41.634000    -16.0038
   21.099100   41.634000     -7.9616
   21.132400   41.634000     -7.5669
   21.165700   41.634000     -8.5377
   21.199000   41.634000      0.2142
   21.232300   41.634000     13.8745
   21.265600   41.634000     10.9989
   21.298900   41.634000      3.1206
   21.332200   41.634000     -2.4874
   21.365500   41.634000     -8.4287
   21.398800   41.634000    -23.1378
   21.432100   41.634000    -26.7442
   21.465400   41.634000    -14.9431
   21.498700   41.634000     13.0914
   21.532000   41.634000     21.9643
   21.565300   41.634000     15.7439
   21.598600   41.634000     -3.0261
   21.631900   41.634000     -8.1706
   21.665200   41.634000      3.3468
   21.698500   41.634000     10.3911
   21.731800   41.634000      7.2490
   21.765100   41.634000      4.3832
   21.798400   41.634000      8.3675
   21.831700   41.634000     13.0528
   21.865000   41.634000     12.5806
   21.898300   41.634000      9.1397
   21.931600   41.634000      5.4360
   21.964900   41.634000      3.2301
   21.998200   41.634000      6.0255
   22.031500   41.634000     11.0391
   22.064800   41.634000     12.4785
   22.098100   41.634000      9.9030
   22.131400   41.634000      9.2961
   22.164700   41.634000      9.5576
   22.198000   41.634000      7.3000
   22.231300   41.634000      1.8403
   22.264600   41.634000     -2.2684
   22.297900   41.634000     -3.3628
   22.331200   41.634000     -1.5407
   22.364500   41.634000      2.5477
   22.397800   41.634000      5.2637
   22.431100   41.634000      6.7023
   22.464400   41.634000      8.8053
   22.497700   41.634000      5.1443
   22.531000   41.634000     -9.0399
   22.564300   41.634000    -18.6039
   22.597600   41.634000     -6.0924
   22.630900   41.634000     13.2463
   22.664200   41.634000     17.7986
   22.697500   41.634000      4.6224
   22.730800   41.634000     -6.3262
   22.764100   41.634000     -1.4513
   22.797400   41.634000      7.5481
   22.830700   41.634000      8.1056
   22.864000   41.634000     -0.1239
   22.897300   41.634000     -7.2571
   22.930600   41.634000     -9.8170
   22.963900   41.634000     -4.2149
   22.997200   41.634000      7.2861
   23.030500   41.634000     15.7449
   23.063800   41.634000     13.2518
   23.097100   41.634000      1.9316
   23.130400   41.634000     -1.8241
   23.163700   41.634000      6.2621
   23.197000   41.634000     11.2769
   23.230300   41.634000      0.9861
   23.263600   41.634000    -10.7148
   23.296900   41.634000     -9.6261
   23.330200   41.634000      2.1314
   23.363500   41.634000     11.9854
   23.396800   41.634000     14.2531
   23.430100   41.634000     17.6547
   23.463400   41.634000     26.9119
   23.496700   41.634000     42.7826
   23.530000   41.634000     42.0465
   23.563300   41.634000     18.4111
   23.596600   41.634000    -15.5386
   23.629900   41.634000    -24.7600
   23.663200   41.634000      3.5990
   23.696500   41.634000     36.8234
   23.729800   41.634000     28.3078
   23.763100   41.634000     -2.7069
   23.796400   41.634000    -14.7776
   23.829700   41.634000     -7.0810
   23.863000   41.634000     -0.7510
   23.896300   41.634000     -1.4109
   23.929600   41.634000     -4.3949
   23.962900   41.634000     -4.7864
   23.996200   41.634000     -1.9957
   24.029500   41.634000      0.9037
   24.062800   41.634000      3.7737
   24.096100   41.634000      4.9908
   24.129400   41.634000      4.4088
   24.162700   41.634000      3.1702
   24.196000   41.634000      0.5308
   24.229300   41.634000     -4.1206
   24.262600   41.634000     -8.2722
   24.295900   41.634000     -6.6131
   24.329200   41.634000      1.6740
   24.362500   41.634000     11.4670
   24.395800   41.634000     11.4279
   24.429100   41.634000      0.9489
   24.462400   41.634000     -9.1144
   24.495700   41.634000    -11.0356
   24.529000   41.634000     -5.6507
   24.562300   41.634000     -1.4004
   24.595600   41.634000     -0.9172
   24.628900   41.634000     -2.8121
   24.662200   41.634000     -2.5856
   24.695500   41.634000      0.1480
   24.728800   41.634000      3.2173
   24.762100   41.634000      4.9755
   24.795400   41.634000      5.8143
   24.828700   41.634000      6.0495
   24.862000   41.634000      3.1019
   24.895300   41.634000     -4.6083
   24.928600   41.634000    -10.3078
   24.961900   41.634000     -6.7749
   24.995200   41.634000      4.5330
   25.028500   41.634000      9.8475
   25.061800   41.634000      3.8690
   25.095100   41.634000     -8.0283
   25.128400   41.634000    -11.4509
   25.161700   41.634000     -1.3436
   25.195000   41.634000     10.7076
   25.228300   41.634000     17.3049
   25.261600   41.634000     18.5126
   25.294900   41.634000     18.5991
   25.328200   41.634000     14.1320
   25.361500   41.634000      8.4017
   25.394800   41.634000      2.6712
   25.428100   41.634000      0.9869
   25.461400   41.634000      2.5027
   25.494700   41.634000      3.5565
   25.528000   41.634000      1.4646
   25.561300   41.634000      0.4497
   25.594600   41.634000      6.4230
   20.200000   41.600700     35.0451
   20.233300   41.600700     17.7385
   20.266600   41.600700      7.6250
   20.299900   41.600700     -4.3220
   20.333200   41.600700     -9.9772
   20.366500   41.600700    -10.6702
   20.399800   41.600700     -9.5524
   20.433100   41.600700    -11.3790
   20.466400   41.600700    -14.8367
   20.499700   41.600700    -15.8347
   20.533000   41.600700    -12.0161
   20.566300   41.600700     -4.5071
   20.599600   41.600700      7.7324
   20.632900   41.600700     12.3825
   20.666200   41.600700      6.8290
   20.699500   41.600700     -2.2693
   20.732800   41.600700     -9.0016
   20.766100   41.600700     -5.6618
   20.799400   41.600700      0.4367
   20.832700   41.600700      0.4708
   20.866000   41.600700     -6.4078
   20.899300   41.600700     -7.0397
   20.932600   41.600700     10.1696
   20.965900   41.600700     24.0284
   20.999200   41.600700     11.4510
   21.032500   41.600700     -9.3826
   21.065800   41.600700     -8.5744
   21.099100   41.600700      0.2274
   21.132400   41.600700      4.3269
   21.165700   41.600700     -0.9453
   21.199000   41.600700     -4.6692
   21.232300   41.600700      3.3893
   21.265600   41.600700     12.8845
   21.298900   41.600700     14.6675
   21.332200   41.600700      5.2819
   21.365500   41.600700     -8.0514
   21.398800   41.600700    -23.4113
   21.432100   41.600700    -23.5708
   21.465400   41.600700      1.8690
   21.498700   41.600700     35.1426
   21.532000   41.600700     39.8183
   21.565300   41.600700     17.9928
   21.598600   41.600700     -0.1029
   21.631900   41.600700     -3.8497
   21.665200   41.600700      2.7820
   21.698500   41.600700     -0.8016
   21.731800   41.600700     -9.8098
   21.765100   41.600700     -8.2027
   21.798400   41.600700      5.1873
   21.831700   41.600700     12.6266
   21.865000   41.600700     10.3833
   21.898300   41.600700      4.7951
   21.931600   41.600700      0.8116
   21.964900   41.600700     -3.1698
   21.998200   41.600700     -3.8201
   22.031500   41.600700      0.2014
   22.064800   41.600700      4.0270
   22.098100   41.600700      6.2458
   22.131400   41.600700     10.2273
   22.164700   41.600700     14.7201
   22.198000   41.600700     12.1259
   22.231300   41.600700      4.1486
   22.264600   41.600700     -3.8431
   22.297900   41.600700     -7.3677
   22.331200   41.600700     -5.6034
   22.364500   41.600700     -2.0151
   22.397800   41.600700      1.0778
   22.431100   41.600700      2.9891
   22.464400   41.600700      4.2031
   22.497700   41.600700      1.5959
   22.531000   41.600700     -5.6937
   22.564300   41.600700     -8.2816
   22.597600   41.600700      0.5802
   22.630900   41.600700     11.7120
   22.664200   41.600700     15.6774
   22.697500   41.600700     12.0148
   22.730800   41.600700      7.9930
   22.764100   41.600700      7.3198
   22.797400   41.600700      3.6145
   22.830700   41.600700     -0.8773
   22.864000   41.600700     -4.2468
   22.897300   41.600700     -6.3863
   22.930600   41.600700     -6.9307
   22.963900   41.600700     -4.3290
   22.997200   41.600700      2.7949
   23.030500   41.600700      7.6381
   23.063800   41.600700      2.7155
   23.097100   41.600700    -11.1591
   23.130400   41.600700    -18.1781
   23.163700   41.600700    -12.0985
   23.197000   41.600700      1.5630
   23.230300   41.600700      6.3261
   23.263600   41.600700      0.5109
   23.296900   41.600700     -5.4483
   23.330200   41.600700     -8.7736
   23.363500   41.600700    -12.5279
   23.396800   41.600700    -16.6065
   23.430100   41.600700    -11.9737
   23.463400   41.600700     -1.5035
   23.496700   41.600700     17.6586
   23.530000   41.600700     33.2399
   23.563300   41.600700     28.9333
   23.596600   41.600700     10.2050
   23.629900   41.600700     -1.5953
   23.663200   41.600700      5.5812
   23.696500   41.600700     24.8629
   23.729800   41.600700     22.5696
   23.763100   41.600700      2.8132
   23.796400   41.600700     -6.8112
   23.829700   41.600700     -1.6866
   23.863000   41.600700      2.6887
   23.896300   41.600700      1.1948
   23.929600   41.600700     -2.7634
   23.962900   41.600700     -5.9674
   23.996200   41.600700     -7.9585
   24.029500   41.600700     -6.9334
   24.062800   41.600700     -2.1659
   24.096100   41.600700      4.9966
   24.129400   41.600700     10.3315
   24.162700   41.600700      9.8055
   24.196000   41.600700      3.2122
   24.229300   41.600700     -6.2461
   24.262600   41.600700    -12.5276
   24.295900   41.600700    -10.9146
   24.329200   41.600700     -1.7798
   24.362500   41.600700      8.5776
   24.395800   41.600700      9.6027
   24.429100   41.600700      2.9416
   24.462400   41.600700     -3.0164
   24.495700   41.600700     -2.4475
   24.529000   41.600700      2.2264
   24.562300   41.600700      2.3593
   24.595600   41.600700     -2.0676
   24.628900   41.600700     -6.3700
   24.662200   41.600700     -6.3279
   24.695500   41.600700      1.2153
   24.728800   41.600700      7.7424
   24.762100   41.600700     10.4571
   24.795400   41.600700      7.7235
   24.828700   41.600700      5.0435
   24.862000   41.600700     -0.9003
   24.895300   41.600700     -8.1487
   24.928600   41.600700    -11.2528
   24.961900   41.600700     -1.5627
   24.995200   41.600700     15.2694
   25.028500   41.600700     27.3122
   25.061800   41.600700     17.7448
   25.095100   41.600700     -0.6368
   25.128400   41.600700     -5.3986
   25.161700   41.600700      4.7358
   25.195000   41.600700     15.1081
   25.228300   41.600700     13.2508
   25.261600   41.600700      3.5269
   25.294900   41.600700     -3.4256
   25.328200   41.600700     -4.1145
   25.361500   41.600700     -4.5223
   25.394800   41.600700     -5.8703
   25.428100   41.600700     -5.5200
   25.461400   41.600700     -0.8465
   25.494700   41.600700      3.3564
   25.528000   41.600700      4.5215
   25.561300   41.600700      3.2124
   25.594600   41.600700      9.5755
   20.200000   41.567400     49.7664
   20.233300   41.567400     25.1874
   20.266600   41.567400     11.8086
   20.299900   41.567400     -5.1488
   20.333200   41.567400    -14.2294
   20.366500   41.567400    -17.6650
   20.399800   41.567400    -13.3242
   20.433100   41.567400     -9.6994
   20.466400   41.567400    -10.6688
   20.499700   41.567400     -9.9264
   20.533000   41.567400      0.0960
   20.566300   41.567400     10.1682
   20.599600   41.567400     22.8258
   20.632900   41.567400     12.0147
   20.666200   41.567400    -12.1457
   20.699500   41.567400    -36.2174
   20.732800   41.567400    -30.0228
   20.766100   41.567400     -4.3086
   20.799400   41.567400     14.2003
   20.832700   41.567400     15.9509
   20.866000   41.567400      0.5093
   20.899300   41.567400    -11.8131
   20.932600   41.567400      1.1336
   20.965900   41.567400     20.0187
   20.999200   41.567400     12.3914
   21.032500   41.567400    -10.1688
   21.065800   41.567400    -14.8527
   21.099100   41.567400     -1.1501
   21.132400   41.567400     12.0543
   21.165700   41.567400     11.4111
   21.199000   41.567400     -1.3402
   21.232300   41.567400    -11.3191
   21.265600   41.567400     -5.2911
   21.298900   41.567400      6.7082
   21.332200   41.567400      9.3858
   21.365500   41.567400     -0.4833
   21.398800   41.567400    -12.5975
   21.432100   41.567400     -8.1571
   21.465400   41.567400     10.0844
   21.498700   41.567400     24.6852
   21.532000   41.567400     21.4764
   21.565300   41.567400      5.7913
   21.598600   41.567400     -2.2692
   21.631900   41.567400      0.7957
   21.665200   41.567400      5.0179
   21.698500   41.567400      0.7824
   21.731800   41.567400     -2.3628
   21.765100   41.567400      4.0957
   21.798400   41.567400     13.2493
   21.831700   41.567400     13.7009
   21.865000   41.567400      6.8380
   21.898300   41.567400      1.1560
   21.931600   41.567400     -0.1793
   21.964900   41.567400     -3.3394
   21.998200   41.567400     -6.1601
   22.031500   41.567400     -3.8029
   22.064800   41.567400     -0.3612
   22.098100   41.567400      0.7467
   22.131400   41.567400      3.5592
   22.164700   41.567400      9.0533
   22.198000   41.567400     10.2425
   22.231300   41.567400      5.4427
   22.264600   41.567400     -0.0221
   22.297900   41.567400     -3.3490
   22.331200   41.567400     -5.3009
   22.364500   41.567400     -7.9987
   22.397800   41.567400     -8.5273
   22.431100   41.567400     -5.9338
   22.464400   41.567400     -1.4914
   22.497700   41.567400      0.0587
   22.531000   41.567400     -1.5303
   22.564300   41.567400     -2.7046
   22.597600   41.567400     -2.5821
   22.630900   41.567400     -3.0550
   22.664200   41.567400     -2.8950
   22.697500   41.567400      0.0595
   22.730800   41.567400      0.8440
   22.764100   41.567400     -4.4008
   22.797400   41.567400    -11.6271
   22.830700   41.567400     -9.1635
   22.864000   41.567400      3.0105
   22.897300   41.567400     15.7875
   22.930600   41.567400     18.8750
   22.963900   41.567400     16.8587
   22.997200   41.567400     12.2060
   23.030500   41.567400      9.4475
   23.063800   41.567400      3.4934
   23.097100   41.567400     -4.0261
   23.130400   41.567400     -8.1145
   23.163700   41.567400     -4.5602
   23.197000   41.567400      5.2742
   23.230300   41.567400     10.5549
   23.263600   41.567400      4.4398
   23.296900   41.567400     -1.6530
   23.330200   41.567400     -1.8308
   23.363500   41.567400     -0.1465
   23.396800   41.567400     -1.1171
   23.430100   41.567400     -5.1719
   23.463400   41.567400     -8.1868
   23.496700   41.567400     -2.5752
   23.530000   41.567400     17.2028
   23.563300   41.567400     41.2618
   23.596600   41.567400     31.5904
   23.629900   41.567400     16.9058
   23.663200   41.567400      2.6909
   23.696500   41.567400     -0.6001
   23.729800   41.567400      1.9563
   23.763100   41.567400      0.9469
   23.796400   41.567400     -0.8012
   23.829700   41.567400      1.5438
   23.863000   41.567400      6.0643
   23.896300   41.567400      9.1837
   23.929600   41.567400      9.2212
   23.962900   41.567400      3.6092
   23.996200   41.567400     -2.3038
   24.029500   41.567400     -3.7528
   24.062800   41.567400      1.1369
   24.096100   41.567400      8.1541
   24.129400   41.567400     10.7723
   24.162700   41.567400      7.9073
   24.196000   41.567400      0.2583
   24.229300   41.567400     -7.1819
   24.262600   41.567400     -9.4424
   24.295900   41.567400     -5.9062
   24.329200   41.567400      2.8287
   24.362500   41.567400      9.7953
   24.395800   41.567400     10.7591
   24.429100   41.567400      4.5943
   24.462400   41.567400     -0.1955
   24.495700   41.567400      0.6650
   24.529000   41.567400      4.4393
   24.562300   41.567400      5.6669
   24.595600   41.567400      2.0066
   24.628900   41.567400     -1.9411
   24.662200   41.567400     -1.3121
   24.695500   41.567400      2.2752
   24.728800   41.567400      3.0404
   24.762100   41.567400     -1.4804
   24.795400   41.567400     -5.5692
   24.828700   41.567400     -6.2825
   24.862000   41.567400     -5.9458
   24.895300   41.567400     -7.1010
   24.928600   41.567400     -7.5095
   24.961900   41.567400      0.0127
   24.995200   41.567400     10.6539
   25.028500   41.567400     15.5659
   25.061800   41.567400      2.6134
   25.095100   41.567400    -12.0409
   25.128400   41.567400    -14.0000
   25.161700   41.567400     -1.3805
   25.195000   41.567400      8.8113
   25.228300   41.567400      6.7075
   25.261600   41.567400     -3.1394
   25.294900   41.567400     -8.8346
   25.328200   41.567400     -7.3231
   25.361500   41.567400     -5.9634
   25.394800   41.567400    -10.5730
   25.428100   41.567400    -14.4922
   25.461400   41.567400    -11.0994
   25.494700   41.567400     -2.9384
   25.528000   41.567400      4.6553
   25.561300   41.567400      5.7044
   25.594600   41.567400      7.0460
   20.200000   41.534100     54.1784
   20.233300   41.534100     34.5660
   20.266600   41.534100     18.2530
   20.299900   41.534100     -4.4760
   20.333200   41.534100    -15.5403
   20.366500   41.534100    -20.2470
   20.399800   41.534100    -16.2354
   20.433100   41.534100     -7.0165
   20.466400   41.534100     -6.7003
   20.499700   41.534100    -11.3548
   20.533000   41.534100     -4.8064
   20.566300   41.534100      9.0648
   20.599600   41.534100     12.5904
   20.632900   41.534100     -0.5715
   20.666200   41.534100    -20.6739
   20.699500   41.534100    -26.2457
   20.732800   41.534100    -12.3689
   20.766100   41.534100     10.0950
   20.799400   41.534100     23.5665
   20.832700   41.534100     17.5437
   20.866000   41.534100     -2.7611
   20.899300   41.534100    -18.4907
   20.932600   41.534100     -6.4243
   20.965900   41.534100     21.5034
   20.999200   41.534100     20.8765
   21.032500   41.534100     -1.8050
   21.065800   41.534100    -20.3024
   21.099100   41.534100     -9.9923
   21.132400   41.534100      9.3865
   21.165700   41.534100     19.7333
   21.199000   41.534100     14.0942
   21.232300   41.534100     -7.9993
   21.265600   41.534100    -14.6218
   21.298900   41.534100     -3.7795
   21.332200   41.534100      4.1300
   21.365500   41.534100      3.3955
   21.398800   41.534100     -3.9325
   21.432100   41.534100     -2.2442
   21.465400   41.534100      4.3360
   21.498700   41.534100      5.8999
   21.532000   41.534100     -0.1163
   21.565300   41.534100     -5.3183
   21.598600   41.534100     -5.1480
   21.631900   41.534100     -0.6402
   21.665200   41.534100      4.0640
   21.698500   41.534100      7.3240
   21.731800   41.534100     10.5658
   21.765100   41.534100     13.2118
   21.798400   41.534100     13.8475
   21.831700   41.534100      8.7398
   21.865000   41.534100      2.0631
   21.898300   41.534100      0.9868
   21.931600   41.534100      2.2442
   21.964900   41.534100     -0.4100
   21.998200   41.534100     -4.1815
   22.031500   41.534100     -5.0109
   22.064800   41.534100     -5.4138
   22.098100   41.534100     -7.0725
   22.131400   41.534100     -5.5710
   22.164700   41.534100      1.7237
   22.198000   41.534100      8.0091
   22.231300   41.534100      7.8670
   22.264600   41.534100      4.0855
   22.297900   41.534100     -0.7225
   22.331200   41.534100     -7.5834
   22.364500   41.534100    -14.1005
   22.397800   41.534100    -14.0250
   22.431100   41.534100     -5.3554
   22.464400   41.534100      1.6435
   22.497700   41.534100      1.5808
   22.531000   41.534100     -0.9886
   22.564300   41.534100     -1.6079
   22.597600   41.534100     -3.1606
   22.630900   41.534100     -7.7058
   22.664200   41.534100    -10.0372
   22.697500   41.534100     -7.8834
   22.730800   41.534100     -8.9619
   22.764100   41.534100    -15.5894
   22.797400   41.534100    -18.7757
   22.830700   41.534100     -9.1194
   22.864000   41.534100      8.7187
   22.897300   41.534100     23.0607
   22.930600   41.534100     24.4822
   22.963900   41.534100     16.6337
   22.997200   41.534100      9.9183
   23.030500   41.534100     11.8204
   23.063800   41.534100     19.1553
   23.097100   41.534100     24.7519
   23.130400   41.534100     27.9472
   23.163700   41.534100     24.0282
   23.197000   41.534100     20.0289
   23.230300   41.534100     15.8615
   23.263600   41.534100     10.9840
   23.296900   41.534100      8.7238
   23.330200   41.534100     10.2555
   23.363500   41.534100      9.6240
   23.396800   41.534100      6.2043
   23.430100   41.534100      2.7868
   23.463400   41.534100     -0.0613
   23.496700   41.534100      0.0566
   23.530000   41.534100      9.7409
   23.563300   41.534100     23.6211
   23.596600   41.534100     26.1468
   23.629900   41.534100     12.8893
   23.663200   41.534100     -2.3534
   23.696500   41.534100    -11.1665
   23.729800   41.534100    -10.1394
   23.763100   41.534100     -4.4687
   23.796400   41.534100     -2.1178
   23.829700   41.534100     -1.1940
   23.863000   41.534100      2.6450
   23.896300   41.534100      7.9763
   23.929600   41.534100      8.6313
   23.962900   41.534100      2.8318
   23.996200   41.534100     -4.3166
   24.029500   41.534100     -6.1619
   24.062800   41.534100     -2.8222
   24.096100   41.534100      2.3150
   24.129400   41.534100      4.1438
   24.162700   41.534100      2.6989
   24.196000   41.534100     -0.4332
   24.229300   41.534100     -2.3643
   24.262600   41.534100     -1.3680
   24.295900   41.534100      1.9763
   24.329200   41.534100      6.9466
   24.362500   41.534100     10.4384
   24.395800   41.534100     10.4508
   24.429100   41.534100      4.1265
   24.462400   41.534100     -2.9593
   24.495700   41.534100     -6.7897
   24.529000   41.534100     -5.7592
   24.562300   41.534100     -1.3559
   24.595600   41.534100      1.6932
   24.628900   41.534100      3.2497
   24.662200   41.534100      2.8818
   24.695500   41.534100     -1.2719
   24.728800   41.534100    -10.0270
   24.762100   41.534100    -19.3110
   24.795400   41.534100    -20.9689
   24.828700   41.534100    -12.7441
   24.862000   41.534100     -1.4107
   24.895300   41.534100      5.7700
   24.928600   41.534100      5.6310
   24.961900   41.534100      2.1011
   24.995200   41.534100     -0.4406
   25.028500   41.534100     -4.7066
   25.061800   41.534100    -12.6259
   25.095100   41.534100    -16.6045
   25.128400   41.534100    -11.9598
   25.161700   41.534100     -1.4406
   25.195000   41.534100      9.4888
   25.228300   41.534100     12.5073
   25.261600   41.534100      9.6622
   25.294900   41.534100      6.3635
   25.328200   41.534100      6.0497
   25.361500   41.534100      5.8149
   25.394800   41.534100      1.5394
   25.428100   41.534100     -5.7015
   25.461400   41.534100     -9.1222
   25.494700   41.534100     -5.3112
   25.528000   41.534100      1.0024
   25.561300   41.534100      1.2746
   25.594600   41.534100     -5.3186
   20.200000   41.500800     49.5739
   20.233300   41.500800     34.5973
   20.266600   41.500800     13.3048
   20.299900   41.500800     -0.1258
   20.333200   41.500800    -12.4794
   20.366500   41.500800    -19.2120
   20.399800   41.500800    -15.0391
   20.433100   41.500800     -3.2273
   20.466400   41.500800      0.8315
   20.499700   41.500800     -5.5029
   20.533000   41.500800     -7.4108
   20.566300   41.500800     -1.7871
   20.599600   41.500800     -1.9488
   20.632900   41.500800     -5.8497
   20.666200   41.500800     -8.7748
   20.699500   41.500800     -6.1209
   20.732800   41.500800     -0.7795
   20.766100   41.500800      7.3442
   20.799400   41.500800     14.7955
   20.832700   41.500800     15.6331
   20.866000   41.500800     -0.7013
   20.899300   41.500800    -17.9723
   20.932600   41.500800     -9.4988
   20.965900   41.500800     19.1953
   20.999200   41.500800     31.8660
   21.032500   41.500800     21.9136
   21.065800   41.500800      1.5063
   21.099100   41.500800     -4.1120
   21.132400   41.500800      6.2419
   21.165700   41.500800     19.2653
   21.199000   41.500800     22.6288
   21.232300   41.500800      8.0850
   21.265600   41.500800     -4.1534
   21.298900   41.500800     -6.5740
   21.332200   41.500800     -4.0560
   21.365500   41.500800     -5.7472
   21.398800   41.500800     -8.4363
   21.432100   41.500800     -5.0768
   21.465400   41.500800      1.1644
   21.498700   41.500800      4.2241
   21.532000   41.500800      4.0386
   21.565300   41.500800      2.4268
   21.598600   41.500800     -0.6860
   21.631900   41.500800     -2.2287
   21.665200   41.500800     -0.2820
   21.698500   41.500800      4.7009
   21.731800   41.500800      7.0635
   21.765100   41.500800      6.7986
   21.798400   41.500800      4.9917
   21.831700   41.500800      3.0132
   21.865000   41.500800      2.7225
   21.898300   41.500800      5.3527
   21.931600   41.500800      5.7491
   21.964900   41.500800      1.5364
   21.998200   41.500800     -3.4045
   22.031500   41.500800     -7.3088
   22.064800   41.500800    -10.8555
   22.098100   41.500800    -12.7469
   22.131400   41.500800     -9.1679
   22.164700   41.500800     -0.5334
   22.198000   41.500800      7.7920
   22.231300   41.500800     12.1963
   22.264600   41.500800     10.7453
   22.297900   41.500800      6.1819
   22.331200   41.500800     -2.7651
   22.364500   41.500800    -12.1147
   22.397800   41.500800    -10.0888
   22.431100   41.500800      1.0762
   22.464400   41.500800      5.5959
   22.497700   41.500800     -0.7861
   22.531000   41.500800     -6.4375
   22.564300   41.500800     -5.6817
   22.597600   41.500800     -4.9386
   22.630900   41.500800     -8.5562
   22.664200   41.500800     -9.1852
   22.697500   41.500800     -5.0617
   22.730800   41.500800     -4.6371
   22.764100   41.500800    -10.9324
   22.797400   41.500800    -13.3386
   22.830700   41.500800     -3.8205
   22.864000   41.500800      8.8318
   22.897300   41.500800     12.8089
   22.930600   41.500800      3.1050
   22.963900   41.500800     -9.2396
   22.997200   41.500800    -13.9028
   23.030500   41.500800     -7.9725
   23.063800   41.500800      1.8713
   23.097100   41.500800      9.9942
   23.130400   41.500800     13.4768
   23.163700   41.500800     10.9160
   23.197000   41.500800      7.4070
   23.230300   41.500800      7.9544
   23.263600   41.500800     11.5312
   23.296900   41.500800     13.4735
   23.330200   41.500800     11.5581
   23.363500   41.500800      3.3947
   23.396800   41.500800     -6.4729
   23.430100   41.500800     -8.6798
   23.463400   41.500800     -1.5701
   23.496700   41.500800      3.0389
   23.530000   41.500800      0.1007
   23.563300   41.500800      2.0790
   23.596600   41.500800      8.5467
   23.629900   41.500800      9.1323
   23.663200   41.500800      2.4410
   23.696500   41.500800     -4.1508
   23.729800   41.500800     -2.9638
   23.763100   41.500800      4.2243
   23.796400   41.500800      8.8427
   23.829700   41.500800      6.6889
   23.863000   41.500800      3.0450
   23.896300   41.500800      1.3425
   23.929600   41.500800     -0.5684
   23.962900   41.500800     -4.7550
   23.996200   41.500800     -9.9469
   24.029500   41.500800    -13.2195
   24.062800   41.500800    -13.8941
   24.096100   41.500800     -8.4712
   24.129400   41.500800     -3.1909
   24.162700   41.500800      0.1183
   24.196000   41.500800      1.0525
   24.229300   41.500800      1.1237
   24.262600   41.500800      1.1657
   24.295900   41.500800      1.4715
   24.329200   41.500800      2.2602
   24.362500   41.500800      3.4579
   24.395800   41.500800      4.2444
   24.429100   41.500800      1.7779
   24.462400   41.500800     -4.3246
   24.495700   41.500800     -8.1840
   24.529000   41.500800     -9.5464
   24.562300   41.500800     -4.0834
   24.595600   41.500800      2.8319
   24.628900   41.500800      7.8620
   24.662200   41.500800      6.9067
   24.695500   41.500800     -0.2810
   24.728800   41.500800    -11.4219
   24.762100   41.500800    -18.2179
   24.795400   41.500800    -16.9673
   24.828700   41.500800     -3.2956
   24.862000   41.500800     13.0453
   24.895300   41.500800     16.8035
   24.928600   41.500800     12.5705
   24.961900   41.500800      1.2568
   24.995200   41.500800     -4.3777
   25.028500   41.500800     -5.3955
   25.061800   41.500800     -4.8112
   25.095100   41.500800     -4.0985
   25.128400   41.500800     -1.6885
   25.161700   41.500800      2.8173
   25.195000   41.500800      9.2910
   25.228300   41.500800     16.5658
   25.261600   41.500800     19.3993
   25.294900   41.500800     15.9016
   25.328200   41.500800      9.2823
   25.361500   41.500800      7.7426
   25.394800   41.500800     10.7259
   25.428100   41.500800      8.7898
   25.461400   41.500800      0.1193
   25.494700   41.500800     -6.1891
   25.528000   41.500800     -6.9731
   25.561300   41.500800     -8.3129
   25.594600   41.500800    -17.8521
   20.200000   41.467500     29.9074
   20.233300   41.467500     12.2662
   20.266600   41.467500      5.6726
   20.299900   41.467500     -1.8530
   20.333200   41.467500    -10.4607
   20.366500   41.467500    -17.9566
   20.399800   41.467500    -15.6027
   20.433100   41.467500     -3.5896
   20.466400   41.467500      4.1990
   20.499700   41.467500      3.7543
   20.533000   41.467500     -1.0672
   20.566300   41.467500     -6.7556
   20.599600   41.467500    -12.3318
   20.632900   41.467500    -11.2332
   20.666200   41.467500     -5.4855
   20.699500   41.467500     -2.7645
   20.732800   41.467500    -10.0527
   20.766100   41.467500    -22.4134
   20.799400   41.467500    -13.7417
   20.832700   41.467500      4.2299
   20.866000   41.467500      4.6050
   20.899300   41.467500    -13.4182
   20.932600   41.467500    -25.3813
   20.965900   41.467500    -11.1485
   20.999200   41.467500     14.1412
   21.032500   41.467500     28.5380
   21.065800   41.467500     21.4740
   21.099100   41.467500      2.3638
   21.132400   41.467500    -10.3497
   21.165700   41.467500     -8.7374
   21.199000   41.467500     -0.3098
   21.232300   41.467500      6.6723
   21.265600   41.467500      4.5699
   21.298900   41.467500     -2.6032
   21.332200   41.467500     -9.3279
   21.365500   41.467500    -11.7643
   21.398800   41.467500    -10.4747
   21.432100   41.467500     -6.0156
   21.465400   41.467500     -0.3722
   21.498700   41.467500      4.6437
   21.532000   41.467500      7.3617
   21.565300   41.467500      5.5946
   21.598600   41.467500      1.1531
   21.631900   41.467500     -0.6341
   21.665200   41.467500      2.7823
   21.698500   41.467500      5.4922
   21.731800   41.467500      4.4469
   21.765100   41.467500      1.8230
   21.798400   41.467500      1.2830
   21.831700   41.467500      2.2894
   21.865000   41.467500      3.1163
   21.898300   41.467500      3.4985
   21.931600   41.467500      2.1866
   21.964900   41.467500     -0.5999
   21.998200   41.467500     -3.6910
   22.031500   41.467500     -7.6000
   22.064800   41.467500    -11.2025
   22.098100   41.467500    -10.2967
   22.131400   41.467500     -3.5877
   22.164700   41.467500      3.5050
   22.198000   41.467500      6.4242
   22.231300   41.467500      8.6753
   22.264600   41.467500     14.0241
   22.297900   41.467500     17.3860
   22.331200   41.467500      9.8000
   22.364500   41.467500      0.5479
   22.397800   41.467500     -0.5066
   22.431100   41.467500      4.8894
   22.464400   41.467500      5.6862
   22.497700   41.467500     -3.0251
   22.531000   41.467500     -6.6863
   22.564300   41.467500     -3.9689
   22.597600   41.467500     -3.6557
   22.630900   41.467500    -12.5975
   22.664200   41.467500    -18.9916
   22.697500   41.467500    -15.7994
   22.730800   41.467500     -9.4912
   22.764100   41.467500     -6.3195
   22.797400   41.467500     -3.6872
   22.830700   41.467500      2.2170
   22.864000   41.467500      5.5672
   22.897300   41.467500      0.2286
   22.930600   41.467500    -13.0929
   22.963900   41.467500    -19.0719
   22.997200   41.467500    -23.5984
   23.030500   41.467500    -19.8119
   23.063800   41.467500    -21.6164
   23.097100   41.467500    -22.0937
   23.130400   41.467500    -17.6309
   23.163700   41.467500     -7.0981
   23.197000   41.467500      2.9335
   23.230300   41.467500     10.1051
   23.263600   41.467500     14.4220
   23.296900   41.467500     13.8696
   23.330200   41.467500     10.6516
   23.363500   41.467500      5.4931
   23.396800   41.467500     -2.7118
   23.430100   41.467500    -10.0231
   23.463400   41.467500     -9.9739
   23.496700   41.467500     -8.9050
   23.530000   41.467500     -8.4519
   23.563300   41.467500     -1.7501
   23.596600   41.467500     10.1492
   23.629900   41.467500     15.2106
   23.663200   41.467500     10.4316
   23.696500   41.467500      3.3706
   23.729800   41.467500      2.5270
   23.763100   41.467500      8.9013
   23.796400   41.467500     14.1693
   23.829700   41.467500     10.5429
   23.863000   41.467500      3.4134
   23.896300   41.467500     -1.3888
   23.929600   41.467500     -2.4606
   23.962900   41.467500     -2.3983
   23.996200   41.467500     -2.8625
   24.029500   41.467500     -5.5886
   24.062800   41.467500     -8.3268
   24.096100   41.467500     -7.2727
   24.129400   41.467500     -2.4474
   24.162700   41.467500      1.1009
   24.196000   41.467500      1.2839
   24.229300   41.467500     -0.4197
   24.262600   41.467500     -0.9673
   24.295900   41.467500     -1.3628
   24.329200   41.467500     -2.7553
   24.362500   41.467500     -4.3204
   24.395800   41.467500     -3.5086
   24.429100   41.467500      0.1333
   24.462400   41.467500      2.7391
   24.495700   41.467500      2.7403
   24.529000   41.467500      2.7955
   24.562300   41.467500      4.6462
   24.595600   41.467500      7.9765
   24.628900   41.467500     10.5299
   24.662200   41.467500      8.5887
   24.695500   41.467500      3.0970
   24.728800   41.467500     -3.5048
   24.762100   41.467500     -5.2182
   24.795400   41.467500      0.6670
   24.828700   41.467500     11.6214
   24.862000   41.467500     18.2141
   24.895300   41.467500      9.3958
   24.928600   41.467500     -4.7219
   24.961900   41.467500    -14.8720
   24.995200   41.467500    -11.8096
   25.028500   41.467500     -1.9953
   25.061800   41.467500      5.5051
   25.095100   41.467500      3.9807
   25.128400   41.467500     -0.1486
   25.161700   41.467500     -2.6011
   25.195000   41.467500     -1.2160
   25.228300   41.467500      3.1989
   25.261600   41.467500      7.2339
   25.294900   41.467500      5.3959
   25.328200   41.467500      0.2947
   25.361500   41.467500      0.5286
   25.394800   41.467500      5.9463
   25.428100   41.467500      6.2414
   25.461400   41.467500     -2.3909
   25.494700   41.467500    -10.0873
   25.528000   41.467500    -11.2934
   25.561300   41.467500    -10.5938
   25.594600   41.467500    -17.1873
   20.200000   41.434200      2.0854
   20.233300   41.434200      1.5522
   20.266600   41.434200     -0.7245
   20.299900   41.434200     -6.5881
   20.333200   41.434200    -15.6882
   20.366500   41.434200    -22.5919
   20.399800   41.434200    -16.5586
   20.433100   41.434200     -3.8895
   20.466400   41.434200      2.2169
   20.499700   41.434200     -0.1111
   20.533000   41.434200     -6.5902
   20.566300   41.434200    -17.6126
   20.599600   41.434200    -24.0088
   20.632900   41.434200    -15.2176
   20.666200   41.434200     -1.4672
   20.699500   41.434200      4.0367
   20.732800   41.434200     -3.9087
   20.766100   41.434200    -16.5824
   20.799400   41.434200     -9.2701
   20.832700   41.434200      9.1125
   20.866000   41.434200     13.0477
   20.899300   41.434200     -3.8813
   20.932600   41.434200    -20.7670
   20.965900   41.434200    -20.5494
   20.999200   41.434200     -5.9145
   21.032500   41.434200     10.0281
   21.065800   41.434200     10.4795
   21.099100   41.434200      0.4347
   21.132400   41.434200    -18.3165
   21.165700   41.434200    -22.1984
   21.199000   41.434200    -15.0933
   21.232300   41.434200     -2.3402
   21.265600   41.434200      6.2278
   21.298900   41.434200      2.3124
   21.332200   41.434200     -2.0617
   21.365500   41.434200      1.4877
   21.398800   41.434200      6.7692
   21.432100   41.434200      5.8095
   21.465400   41.434200     -0.0539
   21.498700   41.434200     -4.2098
   21.532000   41.434200     -4.2341
   21.565300   41.434200     -3.5445
   21.598600   41.434200     -1.3297
   21.631900   41.434200      2.9352
   21.665200   41.434200      6.9925
   21.698500   41.434200      8.2686
   21.731800   41.434200      4.9201
   21.765100   41.434200      2.2662
   21.798400   41.434200      2.5472
   21.831700   41.434200      1.9320
   21.865000   41.434200     -1.3503
   21.898300   41.434200     -4.0369
   21.931600   41.434200     -4.0654
   21.964900   41.434200     -3.3652
   21.998200   41.434200     -4.8056
   22.031500   41.434200     -9.7993
   22.064800   41.434200    -14.6383
   22.098100   41.434200    -12.3176
   22.131400   41.434200     -1.8289
   22.164700   41.434200      2.8952
   22.198000   41.434200     -6.6042
   22.231300   41.434200    -16.0084
   22.264600   41.434200     -6.6517
   22.297900   41.434200     10.4339
   22.331200   41.434200     18.3350
   22.364500   41.434200     14.0999
   22.397800   41.434200      9.9009
   22.431100   41.434200     12.8442
   22.464400   41.434200     10.0174
   22.497700   41.434200      1.7299
   22.531000   41.434200     -2.1248
   22.564300   41.434200      4.4198
   22.597600   41.434200      8.3718
   22.630900   41.434200      0.9293
   22.664200   41.434200    -13.8768
   22.697500   41.434200    -20.9012
   22.730800   41.434200    -17.1101
   22.764100   41.434200     -8.3881
   22.797400   41.434200     -0.6267
   22.830700   41.434200      3.9154
   22.864000   41.434200      3.6534
   22.897300   41.434200     -1.0344
   22.930600   41.434200     -3.7197
   22.963900   41.434200      3.8502
   22.997200   41.434200     15.4148
   23.030500   41.434200     16.2453
   23.063800   41.434200      0.0976
   23.097100   41.434200    -12.5908
   23.130400   41.434200     -6.3885
   23.163700   41.434200     10.1819
   23.197000   41.434200     15.6831
   23.230300   41.434200     10.9851
   23.263600   41.434200      9.2304
   23.296900   41.434200     11.6389
   23.330200   41.434200     13.6846
   23.363500   41.434200     14.5285
   23.396800   41.434200     11.9638
   23.430100   41.434200      4.7306
   23.463400   41.434200     -2.8902
   23.496700   41.434200     -7.1303
   23.530000   41.434200     -5.5604
   23.563300   41.434200      1.0494
   23.596600   41.434200      8.6868
   23.629900   41.434200      9.7037
   23.663200   41.434200      3.4564
   23.696500   41.434200     -3.0802
   23.729800   41.434200     -2.9416
   23.763100   41.434200      1.2103
   23.796400   41.434200      2.3790
   23.829700   41.434200      0.4232
   23.863000   41.434200     -1.6372
   23.896300   41.434200     -2.2378
   23.929600   41.434200     -1.7511
   23.962900   41.434200     -0.5235
   23.996200   41.434200      2.0166
   24.029500   41.434200      5.3248
   24.062800   41.434200      5.5179
   24.096100   41.434200      4.9204
   24.129400   41.434200      4.9309
   24.162700   41.434200      3.7176
   24.196000   41.434200      1.2139
   24.229300   41.434200     -0.3177
   24.262600   41.434200      0.2658
   24.295900   41.434200      0.1328
   24.329200   41.434200     -2.5853
   24.362500   41.434200     -6.6777
   24.395800   41.434200     -7.7081
   24.429100   41.434200     -1.7751
   24.462400   41.434200      7.1915
   24.495700   41.434200      9.3846
   24.529000   41.434200      8.5625
   24.562300   41.434200      6.0230
   24.595600   41.434200      5.3185
   24.628900   41.434200      4.9067
   24.662200   41.434200      2.6307
   24.695500   41.434200     -1.2904
   24.728800   41.434200     -3.5695
   24.762100   41.434200     -0.1727
   24.795400   41.434200      8.1645
   24.828700   41.434200     12.9387
   24.862000   41.434200      8.6676
   24.895300   41.434200     -7.5684
   24.928600   41.434200    -22.7496
   24.961900   41.434200    -29.2720
   24.995200   41.434200    -19.7554
   25.028500   41.434200     -3.7602
   25.061800   41.434200      3.3146
   25.095100   41.434200     -1.2146
   25.128400   41.434200     -8.1193
   25.161700   41.434200     -8.4030
   25.195000   41.434200     -6.2312
   25.228300   41.434200     -4.7976
   25.261600   41.434200     -6.0483
   25.294900   41.434200     -8.5897
   25.328200   41.434200     -9.8641
   25.361500   41.434200     -7.2310
   25.394800   41.434200     -4.0131
   25.428100   41.434200     -4.7103
   25.461400   41.434200     -7.4887
   25.494700   41.434200     -6.9634
   25.528000   41.434200     -2.9048
   25.561300   41.434200     -0.8886
   25.594600   41.434200     -6.3308
   20.200000   41.400900    -20.5766
   20.233300   41.400900    -10.6445
   20.266600   41.400900     -9.4198
   20.299900   41.400900    -14.3366
   20.333200   41.400900    -18.8690
   20.366500   41.400900    -16.3220
   20.399800   41.400900     -5.1057
   20.433100   41.400900      2.5900
   20.466400   41.400900      1.4121
   20.499700   41.400900     -3.3629
   20.533000   41.400900     -9.9233
   20.566300   41.400900    -16.0333
   20.599600   41.400900    -18.5791
   20.632900   41.400900     -5.6187
   20.666200   41.400900     10.0829
   20.699500   41.400900     12.8263
   20.732800   41.400900      7.3025
   20.766100   41.400900      0.1255
   20.799400   41.400900      6.7937
   20.832700   41.400900     17.8856
   20.866000   41.400900     16.1949
   20.899300   41.400900     10.3946
   20.932600   41.400900      9.9047
   20.965900   41.400900     11.4813
   20.999200   41.400900      6.9175
   21.032500   41.400900      2.4579
   21.065800   41.400900      1.7419
   21.099100   41.400900     -0.9585
   21.132400   41.400900     -9.1212
   21.165700   41.400900    -18.4486
   21.199000   41.400900    -13.2388
   21.232300   41.400900     -0.5023
   21.265600   41.400900      6.6290
   21.298900   41.400900      3.3331
   21.332200   41.400900      2.3409
   21.365500   41.400900     11.2473
   21.398800   41.400900     19.3232
   21.432100   41.400900     15.3294
   21.465400   41.400900      4.0017
   21.498700   41.400900     -4.1818
   21.532000   41.400900     -4.3640
   21.565300   41.400900     -1.7459
   21.598600   41.400900      3.3883
   21.631900   41.400900      7.3172
   21.665200   41.400900      6.8161
   21.698500   41.400900      4.1299
   21.731800   41.400900      3.9823
   21.765100   41.400900      7.3592
   21.798400   41.400900      8.2440
   21.831700   41.400900      3.4949
   21.865000   41.400900     -1.4109
   21.898300   41.400900     -1.2960
   21.931600   41.400900      1.1180
   21.964900   41.400900      1.9242
   21.998200   41.400900     -2.1355
   22.031500   41.400900    -10.9578
   22.064800   41.400900    -18.9347
   22.098100   41.400900    -19.3198
   22.131400   41.400900    -10.4260
   22.164700   41.400900     -5.3544
   22.198000   41.400900    -17.3371
   22.231300   41.400900    -32.5538
   22.264600   41.400900    -21.5314
   22.297900   41.400900     -1.1005
   22.331200   41.400900     16.0856
   22.364500   41.400900     16.4988
   22.397800   41.400900     15.9986
   22.431100   41.400900     19.5380
   22.464400   41.400900     18.8848
   22.497700   41.400900      6.2305
   22.531000   41.400900     -3.6908
   22.564300   41.400900     -0.9433
   22.597600   41.400900     11.0263
   22.630900   41.400900     13.8409
   22.664200   41.400900      4.5831
   22.697500   41.400900     -9.2079
   22.730800   41.400900    -13.8716
   22.764100   41.400900     -7.6889
   22.797400   41.400900      2.3502
   22.830700   41.400900      9.6248
   22.864000   41.400900     10.6825
   22.897300   41.400900      6.0392
   22.930600   41.400900      5.5474
   22.963900   41.400900     20.4632
   22.997200   41.400900     42.7175
   23.030500   41.400900     51.0796
   23.063800   41.400900     37.4060
   23.097100   41.400900     21.0498
   23.130400   41.400900     20.1080
   23.163700   41.400900     21.0096
   23.197000   41.400900      5.2888
   23.230300   41.400900    -15.7989
   23.263600   41.400900    -19.4822
   23.296900   41.400900     -8.5390
   23.330200   41.400900      3.2757
   23.363500   41.400900      9.1307
   23.396800   41.400900     10.6062
   23.430100   41.400900      9.4796
   23.463400   41.400900      6.8584
   23.496700   41.400900      4.1056
   23.530000   41.400900      1.7254
   23.563300   41.400900     -1.0415
   23.596600   41.400900     -2.6243
   23.629900   41.400900     -2.4571
   23.663200   41.400900     -2.5424
   23.696500   41.400900      0.2876
   23.729800   41.400900      4.5862
   23.763100   41.400900      2.7379
   23.796400   41.400900     -2.9745
   23.829700   41.400900     -6.9538
   23.863000   41.400900     -4.6954
   23.896300   41.400900     -0.1911
   23.929600   41.400900      0.6098
   23.962900   41.400900     -0.9837
   23.996200   41.400900      0.1385
   24.029500   41.400900      6.3350
   24.062800   41.400900     12.7760
   24.096100   41.400900     12.7266
   24.129400   41.400900      8.4783
   24.162700   41.400900      5.0444
   24.196000   41.400900      3.3607
   24.229300   41.400900      2.8621
   24.262600   41.400900      1.8469
   24.295900   41.400900     -1.0927
   24.329200   41.400900     -6.1600
   24.362500   41.400900     -9.8671
   24.395800   41.400900    -10.8936
   24.429100   41.400900     -6.9098
   24.462400   41.400900      0.8544
   24.495700   41.400900      5.3559
   24.529000   41.400900      3.8460
   24.562300   41.400900      0.8099
   24.595600   41.400900     -0.6555
   24.628900   41.400900     -1.3738
   24.662200   41.400900     -3.5063
   24.695500   41.400900     -6.9616
   24.728800   41.400900     -6.2818
   24.762100   41.400900     -0.5030
   24.795400   41.400900      7.5781
   24.828700   41.400900      9.5580
   24.862000   41.400900      2.2134
   24.895300   41.400900    -10.2298
   24.928600   41.400900    -19.9765
   24.961900   41.400900    -19.6364
   24.995200   41.400900    -10.2959
   25.028500   41.400900      1.7246
   25.061800   41.400900      5.5422
   25.095100   41.400900     -2.3485
   25.128400   41.400900     -8.4874
   25.161700   41.400900     -6.4623
   25.195000   41.400900     -0.0305
   25.228300   41.400900      0.8405
   25.261600   41.400900     -7.3734
   25.294900   41.400900    -16.9421
   25.328200   41.400900    -21.5363
   25.361500   41.400900    -19.1628
   25.394800   41.400900    -14.4751
   25.428100   41.400900     -9.7970
   25.461400   41.400900     -2.7468
   25.494700   41.400900      7.0736
   25.528000   41.400900     14.1660
   25.561300   41.400900     11.8825
   25.594600   41.400900      3.3895
   20.200000   41.367600    -16.6026
   20.233300   41.367600    -12.7649
   20.266600   41.367600    -15.1538
   20.299900   41.367600    -20.1924
   20.333200   41.367600    -19.9401
   20.366500   41.367600    -13.9272
   20.399800   41.367600     -2.0055
   20.433100   41.367600      4.3777
   20.466400   41.367600      4.4490
   20.499700   41.367600      2.1984
   20.533000   41.367600     -0.3956
   20.566300   41.367600     -4.1369
   20.599600   41.367600     -3.7978
   20.632900   41.367600      5.7346
   20.666200   41.367600     17.0788
   20.699500   41.367600     10.5314
   20.732800   41.367600     -3.2589
   20.766100   41.367600     -6.9193
   20.799400   41.367600      0.5244
   20.832700   41.367600      8.2119
   20.866000   41.367600      4.9085
   20.899300   41.367600      6.1424
   20.932600   41.367600     18.3066
   20.965900   41.367600     24.4372
   20.999200   41.367600     14.8620
   21.032500   41.367600     -6.8525
   21.065800   41.367600    -10.0647
   21.099100   41.367600      0.3794
   21.132400   41.367600      8.6382
   21.165700   41.367600      8.4856
   21.199000   41.367600      4.7357
   21.232300   41.367600      5.1593
   21.265600   41.367600      6.2642
   21.298900   41.367600      0.8815
   21.332200   41.367600     -4.0133
   21.365500   41.367600     -0.9436
   21.398800   41.367600      3.5556
   21.432100   41.367600      1.6133
   21.465400   41.367600     -3.4971
   21.498700   41.367600     -4.7903
   21.532000   41.367600     -1.7051
   21.565300   41.367600      3.3399
   21.598600   41.367600      7.2540
   21.631900   41.367600      5.4732
   21.665200   41.367600     -1.0492
   21.698500   41.367600     -4.3248
   21.731800   41.367600      3.0775
   21.765100   41.367600     14.7882
   21.798400   41.367600     12.9145
   21.831700   41.367600      3.2251
   21.865000   41.367600     -0.7107
   21.898300   41.367600      3.8143
   21.931600   41.367600      7.6593
   21.964900   41.367600      5.0666
   21.998200   41.367600     -0.7809
   22.031500   41.367600     -5.8169
   22.064800   41.367600    -10.5938
   22.098100   41.367600    -10.5073
   22.131400   41.367600     -4.1712
   22.164700   41.367600      3.1927
   22.198000   41.367600      2.9247
   22.231300   41.367600     -0.6818
   22.264600   41.367600      3.8397
   22.297900   41.367600     12.8375
   22.331200   41.367600     16.5809
   22.364500   41.367600     12.0462
   22.397800   41.367600     11.2720
   22.431100   41.367600     18.6125
   22.464400   41.367600     21.4520
   22.497700   41.367600      9.9848
   22.531000   41.367600     -6.1346
   22.564300   41.367600    -13.3202
   22.597600   41.367600     -3.4854
   22.630900   41.367600      9.8579
   22.664200   41.367600     11.0049
   22.697500   41.367600      2.9298
   22.730800   41.367600     -5.6207
   22.764100   41.367600     -6.9503
   22.797400   41.367600     -0.8805
   22.830700   41.367600     10.3695
   22.864000   41.367600     14.8994
   22.897300   41.367600     11.6811
   22.930600   41.367600      0.4371
   22.963900   41.367600     -2.5248
   22.997200   41.367600      8.0412
   23.030500   41.367600     17.7024
   23.063800   41.367600     15.9757
   23.097100   41.367600     11.5397
   23.130400   41.367600     14.7535
   23.163700   41.367600     16.2760
   23.197000   41.367600      6.8543
   23.230300   41.367600     -8.4452
   23.263600   41.367600    -17.9292
   23.296900   41.367600    -13.7312
   23.330200   41.367600     -4.7521
   23.363500   41.367600      0.2420
   23.396800   41.367600      2.0465
   23.430100   41.367600      5.0765
   23.463400   41.367600      9.7101
   23.496700   41.367600     11.6600
   23.530000   41.367600      9.0149
   23.563300   41.367600      2.6705
   23.596600   41.367600     -2.0406
   23.629900   41.367600     -2.1515
   23.663200   41.367600      2.4620
   23.696500   41.367600     10.2849
   23.729800   41.367600     13.3469
   23.763100   41.367600      7.6188
   23.796400   41.367600      0.9431
   23.829700   41.367600     -3.2585
   23.863000   41.367600     -0.7676
   23.896300   41.367600      5.6684
   23.929600   41.367600      8.9698
   23.962900   41.367600      6.6694
   23.996200   41.367600      3.7349
   24.029500   41.367600      4.3292
   24.062800   41.367600      6.4920
   24.096100   41.367600      6.0991
   24.129400   41.367600      3.4652
   24.162700   41.367600      2.4799
   24.196000   41.367600      4.1973
   24.229300   41.367600      4.7606
   24.262600   41.367600      2.2591
   24.295900   41.367600     -2.2870
   24.329200   41.367600     -6.6058
   24.362500   41.367600     -9.3224
   24.395800   41.367600     -8.8325
   24.429100   41.367600     -5.9205
   24.462400   41.367600     -2.2386
   24.495700   41.367600      1.7426
   24.529000   41.367600      2.0535
   24.562300   41.367600     -0.2337
   24.595600   41.367600     -2.0620
   24.628900   41.367600     -3.0677
   24.662200   41.367600     -5.3984
   24.695500   41.367600     -7.1063
   24.728800   41.367600     -3.7680
   24.762100   41.367600      2.6845
   24.795400   41.367600      7.3616
   24.828700   41.367600      7.4859
   24.862000   41.367600      3.2674
   24.895300   41.367600     -0.3863
   24.928600   41.367600     -1.3754
   24.961900   41.367600     -2.8640
   24.995200   41.367600     -2.6041
   25.028500   41.367600      1.8190
   25.061800   41.367600      5.4971
   25.095100   41.367600     -0.5295
   25.128400   41.367600    -10.9656
   25.161700   41.367600    -13.8812
   25.195000   41.367600     -8.2891
   25.228300   41.367600     -3.4530
   25.261600   41.367600     -9.1084
   25.294900   41.367600    -21.0004
   25.328200   41.367600    -28.4632
   25.361500   41.367600    -28.0014
   25.394800   41.367600    -21.2371
   25.428100   41.367600    -10.4029
   25.461400   41.367600      4.5651
   25.494700   41.367600     17.5741
   25.528000   41.367600     20.8595
   25.561300   41.367600     13.9174
   25.594600   41.367600      2.4735
   20.200000   41.334300     15.6301
   20.233300   41.334300      1.2100
   20.266600   41.334300     -8.0712
   20.299900   41.334300    -18.2945
   20.333200   41.334300    -18.7027
   20.366500   41.334300    -14.0284
   20.399800   41.334300    -10.0560
   20.433100   41.334300     -6.9845
   20.466400   41.334300     -2.6889
   20.499700   41.334300      2.2277
   20.533000   41.334300      1.5182
   20.566300   41.334300     -4.4716
   20.599600   41.334300    -10.3326
   20.632900   41.334300     -2.1329
   20.666200   41.334300      7.9389
   20.699500   41.334300      0.3675
   20.732800   41.334300    -11.0302
   20.766100   41.334300    -16.7208
   20.799400   41.334300     -2.9838
   20.832700   41.334300      2.9342
   20.866000   41.334300     -8.8273
   20.899300   41.334300    -12.7096
   20.932600   41.334300     -1.4315
   20.965900   41.334300      8.1625
   20.999200   41.334300      1.3893
   21.032500   41.334300    -17.6037
   21.065800   41.334300    -17.2329
   21.099100   41.334300      5.5444
   21.132400   41.334300     25.2174
   21.165700   41.334300     25.1689
   21.199000   41.334300     12.0051
   21.232300   41.334300      2.5897
   21.265600   41.334300      2.1675
   21.298900   41.334300      1.8225
   21.332200   41.334300     -4.1822
   21.365500   41.334300     -9.3076
   21.398800   41.334300    -10.4789
   21.432100   41.334300    -10.6061
   21.465400   41.334300    -10.1523
   21.498700   41.334300     -7.8222
   21.532000   41.334300     -4.2488
   21.565300   41.334300     -0.1848
   21.598600   41.334300      2.3106
   21.631900   41.334300     -0.4804
   21.665200   41.334300     -7.9057
   21.698500   41.334300    -10.7949
   21.731800   41.334300     -0.5110
   21.765100   41.334300     11.0520
   21.798400   41.334300      7.9795
   21.831700   41.334300     -0.4160
   21.865000   41.334300      0.1617
   21.898300   41.334300      8.4091
   21.931600   41.334300     10.0882
   21.964900   41.334300     -1.9038
   21.998200   41.334300    -10.0801
   22.031500   41.334300     -5.0174
   22.064800   41.334300      1.7857
   22.098100   41.334300      4.0420
   22.131400   41.334300      8.2794
   22.164700   41.334300     17.1951
   22.198000   41.334300     23.0665
   22.231300   41.334300     26.9106
   22.264600   41.334300     18.9140
   22.297900   41.334300     13.1861
   22.331200   41.334300     10.3354
   22.364500   41.334300      6.1030
   22.397800   41.334300      4.8710
   22.431100   41.334300      9.2198
   22.464400   41.334300     15.5432
   22.497700   41.334300     11.9933
   22.531000   41.334300     -1.1468
   22.564300   41.334300     -9.1320
   22.597600   41.334300     -4.4502
   22.630900   41.334300      8.4572
   22.664200   41.334300     15.6413
   22.697500   41.334300     11.6342
   22.730800   41.334300      1.9848
   22.764100   41.334300     -4.6031
   22.797400   41.334300     -5.0135
   22.830700   41.334300      0.8565
   22.864000   41.334300      6.9929
   22.897300   41.334300      6.0723
   22.930600   41.334300     -1.2252
   22.963900   41.334300     -7.2643
   22.997200   41.334300     -7.5632
   23.030500   41.334300     -5.3808
   23.063800   41.334300     -4.9267
   23.097100   41.334300     -4.6635
   23.130400   41.334300      2.4409
   23.163700   41.334300     10.7535
   23.197000   41.334300     15.6054
   23.230300   41.334300     12.9206
   23.263600   41.334300      8.0134
   23.296900   41.334300      4.9635
   23.330200   41.334300      6.7561
   23.363500   41.334300      6.2740
   23.396800   41.334300      4.9736
   23.430100   41.334300      6.6733
   23.463400   41.334300     10.3208
   23.496700   41.334300     13.2112
   23.530000   41.334300     12.2593
   23.563300   41.334300      7.3049
   23.596600   41.334300      5.0265
   23.629900   41.334300      7.4845
   23.663200   41.334300      8.7964
   23.696500   41.334300      4.5417
   23.729800   41.334300     -1.6454
   23.763100   41.334300     -2.5197
   23.796400   41.334300      1.1448
   23.829700   41.334300      2.2496
   23.863000   41.334300      1.0275
   23.896300   41.334300      4.9275
   23.929600   41.334300     12.0321
   23.962900   41.334300     13.3241
   23.996200   41.334300      8.0276
   24.029500   41.334300     -2.1181
   24.062800   41.334300     -8.7058
   24.096100   41.334300    -11.4114
   24.129400   41.334300    -10.1216
   24.162700   41.334300     -6.2295
   24.196000   41.334300     -1.5106
   24.229300   41.334300      2.7750
   24.262600   41.334300      5.2236
   24.295900   41.334300      6.6269
   24.329200   41.334300      7.5504
   24.362500   41.334300      7.1506
   24.395800   41.334300      4.2680
   24.429100   41.334300      1.9486
   24.462400   41.334300      1.6084
   24.495700   41.334300      4.3052
   24.529000   41.334300      5.1604
   24.562300   41.334300      1.6425
   24.595600   41.334300     -2.6666
   24.628900   41.334300     -5.3342
   24.662200   41.334300     -5.7334
   24.695500   41.334300     -3.3923
   24.728800   41.334300      0.1880
   24.762100   41.334300      3.3458
   24.795400   41.334300      0.6405
   24.828700   41.334300     -4.6323
   24.862000   41.334300     -5.5333
   24.895300   41.334300      2.1627
   24.928600   41.334300      5.6082
   24.961900   41.334300     -2.8541
   24.995200   41.334300    -11.0290
   25.028500   41.334300     -7.9080
   25.061800   41.334300      3.1700
   25.095100   41.334300      2.1836
   25.128400   41.334300    -11.5480
   25.161700   41.334300    -22.6674
   25.195000   41.334300    -21.1519
   25.228300   41.334300    -13.9082
   25.261600   41.334300    -10.9468
   25.294900   41.334300    -13.5971
   25.328200   41.334300    -17.4227
   25.361500   41.334300    -19.9619
   25.394800   41.334300    -17.7164
   25.428100   41.334300    -10.6529
   25.461400   41.334300     -0.0304
   25.494700   41.334300      8.5436
   25.528000   41.334300      8.9030
   25.561300   41.334300     -0.4591
   25.594600   41.334300    -11.8542
   20.200000   41.301000     32.3112
   20.233300   41.301000     16.6637
   20.266600   41.301000      5.9373
   20.299900   41.301000     -5.6715
   20.333200   41.301000     -9.2676
   20.366500   41.301000     -8.2694
   20.399800   41.301000     -9.9562
   20.433100   41.301000    -13.7611
   20.466400   41.301000    -12.5422
   20.499700   41.301000     -6.8379
   20.533000   41.301000     -4.3534
   20.566300   41.301000    -10.5611
   20.599600   41.301000    -19.0426
   20.632900   41.301000    -13.5870
   20.666200   41.301000     -0.2151
   20.699500   41.301000      1.2448
   20.732800   41.301000     -5.2673
   20.766100   41.301000     -5.3784
   20.799400   41.301000      6.1628
   20.832700   41.301000      6.4656
   20.866000   41.301000    -12.8631
   20.899300   41.301000    -25.7128
   20.932600   41.301000    -12.7902
   20.965900   41.301000      3.1666
   20.999200   41.301000      3.6096
   21.032500   41.301000    -10.0379
   21.065800   41.301000    -14.8154
   21.099100   41.301000      4.1216
   21.132400   41.301000     26.4258
   21.165700   41.301000     27.7239
   21.199000   41.301000      6.9599
   21.232300   41.301000     -7.0681
   21.265600   41.301000     -4.2386
   21.298900   41.301000      1.6469
   21.332200   41.301000      1.2419
   21.365500   41.301000     -4.6494
   21.398800   41.301000     -6.0866
   21.432100   41.301000     -3.3429
   21.465400   41.301000     -1.1421
   21.498700   41.301000     -0.9357
   21.532000   41.301000     -1.1227
   21.565300   41.301000      0.7826
   21.598600   41.301000      3.5169
   21.631900   41.301000      3.0415
   21.665200   41.301000     -3.8502
   21.698500   41.301000     -8.4642
   21.731800   41.301000     -4.1850
   21.765100   41.301000      1.6024
   21.798400   41.301000      1.2979
   21.831700   41.301000     -0.7729
   21.865000   41.301000      6.9426
   21.898300   41.301000     18.9069
   21.931600   41.301000     12.6998
   21.964900   41.301000     -3.2906
   21.998200   41.301000     -9.1148
   22.031500   41.301000     -1.8664
   22.064800   41.301000      6.1588
   22.098100   41.301000      4.2945
   22.131400   41.301000      1.0608
   22.164700   41.301000      8.5669
   22.198000   41.301000     14.4512
   22.231300   41.301000      8.2072
   22.264600   41.301000     -7.9747
   22.297900   41.301000    -12.6870
   22.331200   41.301000     -5.9119
   22.364500   41.301000      4.1038
   22.397800   41.301000      7.5519
   22.431100   41.301000      6.4875
   22.464400   41.301000      7.4354
   22.497700   41.301000      8.1170
   22.531000   41.301000      4.7812
   22.564300   41.301000      1.6560
   22.597600   41.301000      4.6031
   22.630900   41.301000     11.9754
   22.664200   41.301000     17.1529
   22.697500   41.301000     15.2444
   22.730800   41.301000      8.1053
   22.764100   41.301000     -1.3311
   22.797400   41.301000     -8.6272
   22.830700   41.301000     -9.1766
   22.864000   41.301000     -2.6979
   22.897300   41.301000      2.3621
   22.930600   41.301000      0.7457
   22.963900   41.301000     -4.2774
   22.997200   41.301000     -6.1897
   23.030500   41.301000     -5.6467
   23.063800   41.301000     -6.0109
   23.097100   41.301000     -6.3965
   23.130400   41.301000     -3.6298
   23.163700   41.301000      3.2638
   23.197000   41.301000      9.7855
   23.230300   41.301000     10.7788
   23.263600   41.301000      8.7307
   23.296900   41.301000      8.3862
   23.330200   41.301000      9.3101
   23.363500   41.301000      7.3919
   23.396800   41.301000      6.8217
   23.430100   41.301000      8.1040
   23.463400   41.301000      9.1134
   23.496700   41.301000      5.0454
   23.530000   41.301000     -1.8948
   23.563300   41.301000     -3.9556
   23.596600   41.301000      1.9545
   23.629900   41.301000      8.9655
   23.663200   41.301000      8.2772
   23.696500   41.301000     -1.3532
   23.729800   41.301000     -8.9261
   23.763100   41.301000     -6.9767
   23.796400   41.301000      3.0906
   23.829700   41.301000      2.5618
   23.863000   41.301000     -9.7993
   23.896300   41.301000    -13.6393
   23.929600   41.301000     -2.1353
   23.962900   41.301000      8.4756
   23.996200   41.301000      6.6211
   24.029500   41.301000     -6.0481
   24.062800   41.301000    -14.3577
   24.096100   41.301000    -15.7212
   24.129400   41.301000    -14.0055
   24.162700   41.301000     -9.0714
   24.196000   41.301000     -3.1237
   24.229300   41.301000      1.3737
   24.262600   41.301000      5.1119
   24.295900   41.301000      7.9150
   24.329200   41.301000      8.2385
   24.362500   41.301000      7.7158
   24.395800   41.301000      5.6128
   24.429100   41.301000      3.1335
   24.462400   41.301000      3.4739
   24.495700   41.301000      7.1179
   24.529000   41.301000      7.2327
   24.562300   41.301000      2.1964
   24.595600   41.301000     -4.1765
   24.628900   41.301000     -5.0768
   24.662200   41.301000     -2.3723
   24.695500   41.301000      1.8314
   24.728800   41.301000      3.3964
   24.762100   41.301000     -1.7722
   24.795400   41.301000    -14.4910
   24.828700   41.301000    -22.6087
   24.862000   41.301000    -18.2852
   24.895300   41.301000     -2.4534
   24.928600   41.301000      5.7963
   24.961900   41.301000     -0.0600
   24.995200   41.301000     -4.0903
   25.028500   41.301000      4.2041
   25.061800   41.301000     13.8590
   25.095100   41.301000      8.8247
   25.128400   41.301000     -5.0223
   25.161700   41.301000    -11.4648
   25.195000   41.301000     -6.2294
   25.228300   41.301000     -0.9345
   25.261600   41.301000      0.0680
   25.294900   41.301000      1.9355
   25.328200   41.301000      4.1107
   25.361500   41.301000      1.7821
   25.394800   41.301000     -5.0554
   25.428100   41.301000    -10.6682
   25.461400   41.301000    -13.4530
   25.494700   41.301000    -16.3759
   25.528000   41.301000    -19.5005
   25.561300   41.301000    -21.5264
   25.594600   41.301000    -25.4457
   20.200000   41.267700     13.4837
   20.233300   41.267700     16.0762
   20.266600   41.267700      6.3315
   20.299900   41.267700     -3.5062
   20.333200   41.267700     -1.7743
   20.366500   41.267700      3.5052
   20.399800   41.267700      2.8703
   20.433100   41.267700     -7.9149
   20.466400   41.267700    -14.2650
   20.499700   41.267700     -9.4480
   20.533000   41.267700     -3.0342
   20.566300   41.267700      0.1412
   20.599600   41.267700     -2.1434
   20.632900   41.267700     -1.8266
   20.666200   41.267700      3.4262
   20.699500   41.267700      3.7007
   20.732800   41.267700     -0.7144
   20.766100   41.267700      1.8201
   20.799400   41.267700      9.5107
   20.832700   41.267700      9.8832
   20.866000   41.267700     -5.0358
   20.899300   41.267700    -13.0143
   20.932600   41.267700      0.3988
   20.965900   41.267700     20.9523
   20.999200   41.267700     18.3462
   21.032500   41.267700      3.8626
   21.065800   41.267700    -18.9636
   21.099100   41.267700    -18.7257
   21.132400   41.267700      2.3262
   21.165700   41.267700     12.2450
   21.199000   41.267700      3.0658
   21.232300   41.267700     -9.6687
   21.265600   41.267700     -8.4179
   21.298900   41.267700      1.5908
   21.332200   41.267700      3.7782
   21.365500   41.267700     -0.9050
   21.398800   41.267700     -1.2930
   21.432100   41.267700      3.4417
   21.465400   41.267700      6.1323
   21.498700   41.267700      3.7438
   21.532000   41.267700      0.2891
   21.565300   41.267700      0.3626
   21.598600   41.267700      4.2434
   21.631900   41.267700      9.1831
   21.665200   41.267700      6.0216
   21.698500   41.267700     -1.1841
   21.731800   41.267700     -3.2082
   21.765100   41.267700      0.3192
   21.798400   41.267700      3.2146
   21.831700   41.267700      5.4753
   21.865000   41.267700     10.7291
   21.898300   41.267700     13.4796
   21.931600   41.267700      6.7774
   21.964900   41.267700     -4.1493
   21.998200   41.267700     -2.8469
   22.031500   41.267700      6.7648
   22.064800   41.267700      7.2023
   22.098100   41.267700     -6.0253
   22.131400   41.267700    -13.3444
   22.164700   41.267700     -2.9210
   22.198000   41.267700      6.1061
   22.231300   41.267700     -6.3958
   22.264600   41.267700    -29.6075
   22.297900   41.267700    -27.1514
   22.331200   41.267700    -11.8220
   22.364500   41.267700      4.8467
   22.397800   41.267700     12.7409
   22.431100   41.267700     11.0737
   22.464400   41.267700      9.2956
   22.497700   41.267700      6.2633
   22.531000   41.267700      0.7548
   22.564300   41.267700     -2.2330
   22.597600   41.267700     -0.1884
   22.630900   41.267700      6.4013
   22.664200   41.267700     10.5768
   22.697500   41.267700     10.3676
   22.730800   41.267700      7.2626
   22.764100   41.267700      1.9705
   22.797400   41.267700     -3.8015
   22.830700   41.267700     -4.5893
   22.864000   41.267700      1.7537
   22.897300   41.267700      8.7141
   22.930600   41.267700     10.2988
   22.963900   41.267700      7.1946
   22.997200   41.267700      5.1309
   23.030500   41.267700      4.4101
   23.063800   41.267700      2.6466
   23.097100   41.267700     -0.6523
   23.130400   41.267700     -3.8663
   23.163700   41.267700     -5.2953
   23.197000   41.267700     -5.0612
   23.230300   41.267700     -5.7074
   23.263600   41.267700     -6.8119
   23.296900   41.267700     -6.1626
   23.330200   41.267700     -4.1758
   23.363500   41.267700     -1.8409
   23.396800   41.267700      2.1534
   23.430100   41.267700      6.7177
   23.463400   41.267700      5.7752
   23.496700   41.267700     -2.5894
   23.530000   41.267700     -9.8439
   23.563300   41.267700    -10.6628
   23.596600   41.267700     -4.2706
   23.629900   41.267700      3.5157
   23.663200   41.267700      7.4416
   23.696500   41.267700      5.6048
   23.729800   41.267700      4.3026
   23.763100   41.267700      9.3819
   23.796400   41.267700     10.8341
   23.829700   41.267700     -0.4400
   23.863000   41.267700    -16.4988
   23.896300   41.267700    -22.2901
   23.929600   41.267700    -17.0995
   23.962900   41.267700      0.7407
   23.996200   41.267700      5.5862
   24.029500   41.267700     -1.8243
   24.062800   41.267700    -12.7789
   24.096100   41.267700    -12.9323
   24.129400   41.267700    -10.1079
   24.162700   41.267700     -4.1786
   24.196000   41.267700      1.8337
   24.229300   41.267700      3.3986
   24.262600   41.267700      1.2775
   24.295900   41.267700     -2.8301
   24.329200   41.267700     -4.7657
   24.362500   41.267700     -3.7060
   24.395800   41.267700     -2.0538
   24.429100   41.267700      0.2355
   24.462400   41.267700      4.2897
   24.495700   41.267700      8.7594
   24.529000   41.267700      8.7818
   24.562300   41.267700      2.6177
   24.595600   41.267700     -2.8955
   24.628900   41.267700     -1.6333
   24.662200   41.267700      6.1656
   24.695500   41.267700     13.2107
   24.728800   41.267700     12.8836
   24.762100   41.267700      0.5197
   24.795400   41.267700    -16.3346
   24.828700   41.267700    -25.4103
   24.862000   41.267700    -15.4567
   24.895300   41.267700     -0.5163
   24.928600   41.267700      6.8139
   24.961900   41.267700      6.7742
   24.995200   41.267700     14.1149
   25.028500   41.267700     21.7928
   25.061800   41.267700     13.6751
   25.095100   41.267700    -11.6617
   25.128400   41.267700    -22.8365
   25.161700   41.267700     -4.4152
   25.195000   41.267700     16.3115
   25.228300   41.267700     12.7171
   25.261600   41.267700      1.3396
   25.294900   41.267700      1.2306
   25.328200   41.267700     12.8992
   25.361500   41.267700     16.7430
   25.394800   41.267700      8.5523
   25.428100   41.267700     -6.3975
   25.461400   41.267700    -23.9937
   25.494700   41.267700    -37.7994
   25.528000   41.267700    -37.3633
   25.561300   41.267700    -27.6828
   25.594600   41.267700    -12.3879
   20.200000   41.234400     -2.2863
   20.233300   41.234400      8.8075
   20.266600   41.234400      6.2471
   20.299900   41.234400      1.8163
   20.333200   41.234400      6.5092
   20.366500   41.234400     15.1504
   20.399800   41.234400     13.1267
   20.433100   41.234400      3.4126
   20.466400   41.234400     -5.6286
   20.499700   41.234400     -6.3331
   20.533000   41.234400      0.0847
   20.566300   41.234400      9.3328
   20.599600   41.234400     14.0828
   20.632900   41.234400      9.9133
   20.666200   41.234400      4.3933
   20.699500   41.234400      0.1175
   20.732800   41.234400      0.8114
   20.766100   41.234400      8.3821
   20.799400   41.234400     12.9164
   20.832700   41.234400      8.2097
   20.866000   41.234400     -5.6754
   20.899300   41.234400    -11.5115
   20.932600   41.234400      0.7698
   20.965900   41.234400     19.5765
   20.999200   41.234400     22.7790
   21.032500   41.234400      7.0358
   21.065800   41.234400    -18.4664
   21.099100   41.234400    -30.2155
   21.132400   41.234400    -10.5989
   21.165700   41.234400      5.6969
   21.199000   41.234400      5.6727
   21.232300   41.234400     -4.2303
   21.265600   41.234400     -3.8226
   21.298900   41.234400      1.7362
   21.332200   41.234400      4.5664
   21.365500   41.234400      0.8982
   21.398800   41.234400      0.6385
   21.432100   41.234400      4.4022
   21.465400   41.234400      5.5279
   21.498700   41.234400      0.3677
   21.532000   41.234400     -6.7181
   21.565300   41.234400     -8.9939
   21.598600   41.234400     -6.4324
   21.631900   41.234400      0.5102
   21.665200   41.234400      4.8629
   21.698500   41.234400      2.7735
   21.731800   41.234400      0.7562
   21.765100   41.234400      4.6348
   21.798400   41.234400     10.5994
   21.831700   41.234400     10.4798
   21.865000   41.234400      4.0402
   21.898300   41.234400     -6.3673
   21.931600   41.234400    -15.4870
   21.964900   41.234400    -15.0651
   21.998200   41.234400     -3.9689
   22.031500   41.234400      6.5841
   22.064800   41.234400      2.1603
   22.098100   41.234400    -11.9685
   22.131400   41.234400    -12.6243
   22.164700   41.234400      3.4946
   22.198000   41.234400     16.7702
   22.231300   41.234400      5.5640
   22.264600   41.234400    -12.8353
   22.297900   41.234400    -16.0909
   22.331200   41.234400     -6.6099
   22.364500   41.234400      3.9305
   22.397800   41.234400      7.0309
   22.431100   41.234400     10.4858
   22.464400   41.234400     16.0507
   22.497700   41.234400     13.3239
   22.531000   41.234400      2.7494
   22.564300   41.234400     -4.9430
   22.597600   41.234400     -4.4937
   22.630900   41.234400      4.3966
   22.664200   41.234400     11.0154
   22.697500   41.234400      9.1501
   22.730800   41.234400      3.0292
   22.764100   41.234400     -0.9078
   22.797400   41.234400     -0.4291
   22.830700   41.234400      5.7270
   22.864000   41.234400     14.3567
   22.897300   41.234400     19.5706
   22.930600   41.234400     17.0673
   22.963900   41.234400      9.4796
   22.997200   41.234400      7.8159
   23.030500   41.234400     11.4759
   23.063800   41.234400     13.2811
   23.097100   41.234400     10.8237
   23.130400   41.234400      6.4658
   23.163700   41.234400      2.1957
   23.197000   41.234400     -1.7075
   23.230300   41.234400     -5.8987
   23.263600   41.234400    -10.2135
   23.296900   41.234400    -13.2389
   23.330200   41.234400    -13.4732
   23.363500   41.234400     -9.4122
   23.396800   41.234400     -0.9166
   23.430100   41.234400      7.6004
   23.463400   41.234400      9.6313
   23.496700   41.234400      5.0800
   23.530000   41.234400     -0.2090
   23.563300   41.234400     -1.9330
   23.596600   41.234400     -0.3074
   23.629900   41.234400      2.6140
   23.663200   41.234400      6.4101
   23.696500   41.234400     12.0799
   23.729800   41.234400     18.7081
   23.763100   41.234400     21.1816
   23.796400   41.234400     18.1715
   23.829700   41.234400      4.9795
   23.863000   41.234400    -10.7629
   23.896300   41.234400    -16.6705
   23.929600   41.234400     -8.4997
   23.962900   41.234400      3.6001
   23.996200   41.234400      8.4653
   24.029500   41.234400      4.4099
   24.062800   41.234400     -2.9029
   24.096100   41.234400     -5.1668
   24.129400   41.234400     -3.2241
   24.162700   41.234400      0.0964
   24.196000   41.234400      2.1030
   24.229300   41.234400      0.7607
   24.262600   41.234400     -3.5139
   24.295900   41.234400     -7.2002
   24.329200   41.234400     -6.7284
   24.362500   41.234400     -3.8037
   24.395800   41.234400     -0.4361
   24.429100   41.234400      1.9827
   24.462400   41.234400      4.1766
   24.495700   41.234400      4.6794
   24.529000   41.234400      1.6020
   24.562300   41.234400     -3.6126
   24.595600   41.234400     -6.1091
   24.628900   41.234400     -1.8062
   24.662200   41.234400      6.6779
   24.695500   41.234400     14.6391
   24.728800   41.234400     15.4040
   24.762100   41.234400      7.7411
   24.795400   41.234400     -2.1867
   24.828700   41.234400     -5.1610
   24.862000   41.234400     -0.2287
   24.895300   41.234400      2.0237
   24.928600   41.234400     -3.2560
   24.961900   41.234400     -4.9048
   24.995200   41.234400      3.2337
   25.028500   41.234400      5.1484
   25.061800   41.234400    -19.3487
   25.095100   41.234400    -53.5876
   25.128400   41.234400    -46.9544
   25.161700   41.234400    -11.2580
   25.195000   41.234400     12.2218
   25.228300   41.234400     -4.1473
   25.261600   41.234400    -25.6138
   25.294900   41.234400    -21.8544
   25.328200   41.234400     -1.9669
   25.361500   41.234400     16.9340
   25.394800   41.234400     15.6100
   25.428100   41.234400      0.5516
   25.461400   41.234400    -19.6698
   25.494700   41.234400    -35.3233
   25.528000   41.234400    -31.7183
   25.561300   41.234400     -7.6908
   25.594600   41.234400     23.7106
   20.200000   41.201100      3.8845
   20.233300   41.201100      9.2234
   20.266600   41.201100     14.9432
   20.299900   41.201100     20.7142
   20.333200   41.201100     22.3825
   20.366500   41.201100     23.5739
   20.399800   41.201100     17.8121
   20.433100   41.201100      8.4608
   20.466400   41.201100     -1.0259
   20.499700   41.201100     -4.9480
   20.533000   41.201100     -3.5712
   20.566300   41.201100      0.1125
   20.599600   41.201100      2.1237
   20.632900   41.201100     -0.7782
   20.666200   41.201100     -6.1390
   20.699500   41.201100     -6.2863
   20.732800   41.201100      2.3197
   20.766100   41.201100      9.8009
   20.799400   41.201100      7.8722
   20.832700   41.201100     -7.0672
   20.866000   41.201100    -21.5557
   20.899300   41.201100    -27.3686
   20.932600   41.201100    -18.9958
   20.965900   41.201100     -2.8207
   20.999200   41.201100      7.1790
   21.032500   41.201100      2.9469
   21.065800   41.201100     -8.2308
   21.099100   41.201100    -14.9776
   21.132400   41.201100     -4.0533
   21.165700   41.201100      8.0680
   21.199000   41.201100      7.0783
   21.232300   41.201100     -2.0369
   21.265600   41.201100     -4.0536
   21.298900   41.201100     -1.4097
   21.332200   41.201100     -0.4159
   21.365500   41.201100     -1.2183
   21.398800   41.201100      0.7843
   21.432100   41.201100      3.8572
   21.465400   41.201100      2.6892
   21.498700   41.201100     -2.3609
   21.532000   41.201100     -7.8019
   21.565300   41.201100    -11.5153
   21.598600   41.201100    -10.5391
   21.631900   41.201100     -6.9875
   21.665200   41.201100     -2.5759
   21.698500   41.201100     -0.2985
   21.731800   41.201100     -1.1422
   21.765100   41.201100      0.5955
   21.798400   41.201100      4.9103
   21.831700   41.201100      7.0091
   21.865000   41.201100     -0.8758
   21.898300   41.201100    -11.1156
   21.931600   41.201100    -18.8779
   21.964900   41.201100    -16.0996
   21.998200   41.201100     -3.3696
   22.031500   41.201100      1.8012
   22.064800   41.201100     -3.4832
   22.098100   41.201100    -11.2453
   22.131400   41.201100     -3.8731
   22.164700   41.201100     10.1598
   22.198000   41.201100     16.6823
   22.231300   41.201100      4.8193
   22.264600   41.201100     -8.2978
   22.297900   41.201100     -8.4358
   22.331200   41.201100     -0.6244
   22.364500   41.201100     -0.6071
   22.397800   41.201100     -3.8006
   22.431100   41.201100      4.7950
   22.464400   41.201100     18.1403
   22.497700   41.201100     20.5427
   22.531000   41.201100     10.9180
   22.564300   41.201100      0.2878
   22.597600   41.201100     -2.5374
   22.630900   41.201100      4.1003
   22.664200   41.201100      9.3399
   22.697500   41.201100      7.0618
   22.730800   41.201100     -0.4084
   22.764100   41.201100     -4.0723
   22.797400   41.201100     -1.6609
   22.830700   41.201100      4.9266
   22.864000   41.201100     12.0491
   22.897300   41.201100     14.7141
   22.930600   41.201100      9.9095
   22.963900   41.201100      3.5308
   22.997200   41.201100      4.5987
   23.030500   41.201100     12.4069
   23.063800   41.201100     18.4391
   23.097100   41.201100     17.9179
   23.130400   41.201100     13.9468
   23.163700   41.201100      9.3366
   23.197000   41.201100      3.1385
   23.230300   41.201100     -4.4650
   23.263600   41.201100    -11.3204
   23.296900   41.201100    -15.7875
   23.330200   41.201100    -16.6606
   23.363500   41.201100    -12.4133
   23.396800   41.201100     -3.5185
   23.430100   41.201100      5.9828
   23.463400   41.201100     10.4382
   23.496700   41.201100     11.8322
   23.530000   41.201100     11.7400
   23.563300   41.201100     12.3326
   23.596600   41.201100     10.4258
   23.629900   41.201100      3.2563
   23.663200   41.201100     -1.7587
   23.696500   41.201100      0.3630
   23.729800   41.201100      4.6781
   23.763100   41.201100      7.6915
   23.796400   41.201100     11.0321
   23.829700   41.201100     11.7646
   23.863000   41.201100     13.2517
   23.896300   41.201100     12.3359
   23.929600   41.201100      8.8218
   23.962900   41.201100      7.5934
   23.996200   41.201100      6.4332
   24.029500   41.201100      2.0059
   24.062800   41.201100     -2.3537
   24.096100   41.201100     -1.2451
   24.129400   41.201100      2.8955
   24.162700   41.201100      4.4232
   24.196000   41.201100      1.7630
   24.229300   41.201100     -2.6765
   24.262600   41.201100     -5.1050
   24.295900   41.201100     -4.2964
   24.329200   41.201100      0.6030
   24.362500   41.201100      4.2985
   24.395800   41.201100      1.6238
   24.429100   41.201100     -2.1943
   24.462400   41.201100     -1.1929
   24.495700   41.201100      0.1719
   24.529000   41.201100     -1.4329
   24.562300   41.201100     -5.3279
   24.595600   41.201100     -6.4252
   24.628900   41.201100     -7.1503
   24.662200   41.201100     -7.8556
   24.695500   41.201100     -8.9434
   24.728800   41.201100     -4.1369
   24.762100   41.201100      1.2782
   24.795400   41.201100      5.5409
   24.828700   41.201100      8.9289
   24.862000   41.201100      8.5102
   24.895300   41.201100      0.3359
   24.928600   41.201100     -9.8541
   24.961900   41.201100    -12.7977
   24.995200   41.201100     -7.6305
   25.028500   41.201100     -8.1244
   25.061800   41.201100    -25.0284
   25.095100   41.201100    -35.7531
   25.128400   41.201100    -23.8458
   25.161700   41.201100     10.1638
   25.195000   41.201100     14.3622
   25.228300   41.201100    -21.5469
   25.261600   41.201100    -46.0604
   25.294900   41.201100    -40.7464
   25.328200   41.201100    -14.0161
   25.361500   41.201100      5.7263
   25.394800   41.201100     10.6350
   25.428100   41.201100      4.3632
   25.461400   41.201100     -5.1086
   25.494700   41.201100    -13.0753
   25.528000   41.201100     -8.0184
   25.561300   41.201100     14.1329
   25.594600   41.201100     39.7257
   20.200000   41.167800      2.4749
   20.233300   41.167800     -1.6896
   20.266600   41.167800      4.3201
   20.299900   41.167800     14.7133
   20.333200   41.167800     22.0014
   20.366500   41.167800     20.6993
   20.399800   41.167800     15.5677
   20.433100   41.167800      7.8123
   20.466400   41.167800      1.2146
   20.499700   41.167800     -2.5755
   20.533000   41.167800     -4.5363
   20.566300   41.167800     -2.2242
   20.599600   41.167800     -1.8413
   20.632900   41.167800     -5.7173
   20.666200   41.167800    -13.2157
   20.699500   41.167800    -14.9399
   20.732800   41.167800     -6.4042
   20.766100   41.167800     -0.9636
   20.799400   41.167800     -7.7690
   20.832700   41.167800    -18.7883
   20.866000   41.167800    -18.7040
   20.899300   41.167800    -13.4234
   20.932600   41.167800    -13.8124
   20.965900   41.167800    -14.7368
   20.999200   41.167800     -9.7294
   21.032500   41.167800     -4.2017
   21.065800   41.167800     -4.0202
   21.099100   41.167800     -4.7979
   21.132400   41.167800     -0.5749
   21.165700   41.167800      5.5728
   21.199000   41.167800      4.8579
   21.232300   41.167800      0.6762
   21.265600   41.167800     -1.8242
   21.298900   41.167800     -3.1848
   21.332200   41.167800     -6.0610
   21.365500   41.167800     -7.7208
   21.398800   41.167800     -5.0325
   21.432100   41.167800     -2.9704
   21.465400   41.167800     -3.5017
   21.498700   41.167800     -2.3936
   21.532000   41.167800      1.9276
   21.565300   41.167800      4.0795
   21.598600   41.167800      1.3285
   21.631900   41.167800     -0.8671
   21.665200   41.167800     -1.0247
   21.698500   41.167800     -1.8340
   21.731800   41.167800     -7.1180
   21.765100   41.167800    -11.9682
   21.798400   41.167800    -11.1034
   21.831700   41.167800     -5.9210
   21.865000   41.167800     -3.8005
   21.898300   41.167800     -4.6793
   21.931600   41.167800     -3.3667
   21.964900   41.167800      2.0851
   21.998200   41.167800      5.5143
   22.031500   41.167800      2.5099
   22.064800   41.167800     -3.4773
   22.098100   41.167800     -4.6495
   22.131400   41.167800      0.2503
   22.164700   41.167800      4.6032
   22.198000   41.167800      1.1283
   22.231300   41.167800     -9.4155
   22.264600   41.167800    -15.2966
   22.297900   41.167800     -9.3284
   22.331200   41.167800      1.7192
   22.364500   41.167800     -1.3538
   22.397800   41.167800     -7.4090
   22.431100   41.167800      0.6225
   22.464400   41.167800     13.9705
   22.497700   41.167800     18.8246
   22.531000   41.167800     13.2935
   22.564300   41.167800      4.1168
   22.597600   41.167800     -1.5439
   22.630900   41.167800      0.4457
   22.664200   41.167800      5.8253
   22.697500   41.167800      7.3497
   22.730800   41.167800      4.7806
   22.764100   41.167800      1.4321
   22.797400   41.167800     -1.1233
   22.830700   41.167800     -1.9035
   22.864000   41.167800     -0.6311
   22.897300   41.167800      0.8526
   22.930600   41.167800      0.0722
   22.963900   41.167800     -1.0230
   22.997200   41.167800      1.8148
   23.030500   41.167800      7.1852
   23.063800   41.167800     10.6516
   23.097100   41.167800     10.7642
   23.130400   41.167800      9.8749
   23.163700   41.167800      7.9017
   23.197000   41.167800      2.3476
   23.230300   41.167800     -5.5694
   23.263600   41.167800    -11.7319
   23.296900   41.167800    -15.6686
   23.330200   41.167800    -17.9567
   23.363500   41.167800    -16.6676
   23.396800   41.167800    -10.6222
   23.430100   41.167800     -2.9335
   23.463400   41.167800      2.2158
   23.496700   41.167800      5.2641
   23.530000   41.167800      9.4036
   23.563300   41.167800     13.8375
   23.596600   41.167800     11.7857
   23.629900   41.167800      1.1416
   23.663200   41.167800     -8.5495
   23.696500   41.167800    -12.1937
   23.729800   41.167800    -13.8609
   23.763100   41.167800    -13.6128
   23.796400   41.167800     -7.3918
   23.829700   41.167800     -0.0927
   23.863000   41.167800      7.7390
   23.896300   41.167800      6.5250
   23.929600   41.167800     -0.4454
   23.962900   41.167800     -4.7619
   23.996200   41.167800     -6.3131
   24.029500   41.167800    -10.4191
   24.062800   41.167800    -14.0460
   24.096100   41.167800     -9.8171
   24.129400   41.167800     -0.7985
   24.162700   41.167800      2.3046
   24.196000   41.167800      1.5859
   24.229300   41.167800     -2.1830
   24.262600   41.167800     -2.6033
   24.295900   41.167800      1.0115
   24.329200   41.167800      5.7733
   24.362500   41.167800      3.7848
   24.395800   41.167800     -5.1937
   24.429100   41.167800     -8.5991
   24.462400   41.167800     -5.2981
   24.495700   41.167800      1.5830
   24.529000   41.167800      3.8419
   24.562300   41.167800      1.8960
   24.595600   41.167800      0.4065
   24.628900   41.167800     -1.9780
   24.662200   41.167800    -10.8972
   24.695500   41.167800    -19.5998
   24.728800   41.167800    -17.8326
   24.762100   41.167800     -5.5990
   24.795400   41.167800      1.9480
   24.828700   41.167800      4.5649
   24.862000   41.167800      1.9972
   24.895300   41.167800     -4.1934
   24.928600   41.167800     -8.6180
   24.961900   41.167800     -6.8191
   24.995200   41.167800     -1.7045
   25.028500   41.167800      0.7216
   25.061800   41.167800      0.5102
   25.095100   41.167800      3.0169
   25.128400   41.167800     16.2138
   25.161700   41.167800     30.5355
   25.195000   41.167800     21.7389
   25.228300   41.167800    -11.4495
   25.261600   41.167800    -30.6895
   25.294900   41.167800    -26.7457
   25.328200   41.167800     -9.9017
   25.361500   41.167800     -1.9378
   25.394800   41.167800     -2.5691
   25.428100   41.167800     -0.1239
   25.461400   41.167800      3.0031
   25.494700   41.167800      0.6334
   25.528000   41.167800      0.6055
   25.561300   41.167800      9.4706
   25.594600   41.167800     17.9751
   20.200000   41.134500    -12.2215
   20.233300   41.134500    -32.9777
   20.266600   41.134500    -25.0770
   20.299900   41.134500    -10.0448
   20.333200   41.134500      0.7089
   20.366500   41.134500      9.0071
   20.399800   41.134500     13.1066
   20.433100   41.134500      9.6093
   20.466400   41.134500      5.5212
   20.499700   41.134500      3.8821
   20.533000   41.134500      5.9009
   20.566300   41.134500     10.3290
   20.599600   41.134500     11.0401
   20.632900   41.134500      6.9548
   20.666200   41.134500     -9.7436
   20.699500   41.134500    -21.3176
   20.732800   41.134500    -18.7749
   20.766100   41.134500    -13.0168
   20.799400   41.134500    -12.1358
   20.832700   41.134500     -4.3777
   20.866000   41.134500     12.1483
   20.899300   41.134500     22.4611
   20.932600   41.134500     14.8428
   20.965900   41.134500     -1.6882
   20.999200   41.134500     -9.6359
   21.032500   41.134500     -4.9666
   21.065800   41.134500     -2.0854
   21.099100   41.134500     -3.4677
   21.132400   41.134500     -3.6743
   21.165700   41.134500      2.2339
   21.199000   41.134500      9.0033
   21.232300   41.134500     12.5549
   21.265600   41.134500     12.0364
   21.298900   41.134500      4.7360
   21.332200   41.134500     -5.2156
   21.365500   41.134500    -11.8087
   21.398800   41.134500    -12.5888
   21.432100   41.134500    -11.3283
   21.465400   41.134500     -8.3965
   21.498700   41.134500     -1.7210
   21.532000   41.134500      5.0290
   21.565300   41.134500      6.4245
   21.598600   41.134500      3.8679
   21.631900   41.134500      1.9012
   21.665200   41.134500      3.4565
   21.698500   41.134500      2.4389
   21.731800   41.134500     -5.1587
   21.765100   41.134500    -12.3755
   21.798400   41.134500    -12.7711
   21.831700   41.134500     -7.5533
   21.865000   41.134500     -1.3403
   21.898300   41.134500      1.3280
   21.931600   41.134500      5.3424
   21.964900   41.134500      8.4564
   21.998200   41.134500      6.4030
   22.031500   41.134500      0.6614
   22.064800   41.134500     -5.0308
   22.098100   41.134500     -5.8607
   22.131400   41.134500     -4.0630
   22.164700   41.134500     -4.4988
   22.198000   41.134500    -10.4798
   22.231300   41.134500    -17.8097
   22.264600   41.134500    -17.8737
   22.297900   41.134500     -4.2731
   22.331200   41.134500      3.1829
   22.364500   41.134500      0.1629
   22.397800   41.134500     -3.0750
   22.431100   41.134500      3.3730
   22.464400   41.134500     12.8293
   22.497700   41.134500     15.8932
   22.531000   41.134500     14.5592
   22.564300   41.134500      9.7033
   22.597600   41.134500      2.3680
   22.630900   41.134500     -1.7083
   22.664200   41.134500      0.7701
   22.697500   41.134500      5.7461
   22.730800   41.134500      8.3967
   22.764100   41.134500      5.6507
   22.797400   41.134500     -1.4674
   22.830700   41.134500     -6.9428
   22.864000   41.134500     -7.2700
   22.897300   41.134500     -5.4414
   22.930600   41.134500     -1.4681
   22.963900   41.134500      2.7412
   22.997200   41.134500      6.5464
   23.030500   41.134500      8.2405
   23.063800   41.134500      8.6628
   23.097100   41.134500      9.2674
   23.130400   41.134500      9.6866
   23.163700   41.134500      8.3359
   23.197000   41.134500      3.9802
   23.230300   41.134500     -1.3088
   23.263600   41.134500     -6.0985
   23.296900   41.134500    -11.8333
   23.330200   41.134500    -18.0060
   23.363500   41.134500    -21.0665
   23.396800   41.134500    -18.2042
   23.430100   41.134500    -10.8341
   23.463400   41.134500     -3.5284
   23.496700   41.134500      2.0217
   23.530000   41.134500      8.0710
   23.563300   41.134500     13.6854
   23.596600   41.134500     13.3182
   23.629900   41.134500      6.2284
   23.663200   41.134500     -2.5233
   23.696500   41.134500    -10.6627
   23.729800   41.134500    -16.0953
   23.763100   41.134500    -13.9050
   23.796400   41.134500     -8.4650
   23.829700   41.134500     -2.0064
   23.863000   41.134500      0.6119
   23.896300   41.134500     -3.0956
   23.929600   41.134500    -11.1351
   23.962900   41.134500    -15.9880
   23.996200   41.134500    -19.4406
   24.029500   41.134500    -24.9105
   24.062800   41.134500    -29.2680
   24.096100   41.134500    -26.7773
   24.129400   41.134500    -19.4317
   24.162700   41.134500    -14.1080
   24.196000   41.134500    -11.9900
   24.229300   41.134500     -8.4036
   24.262600   41.134500     -1.3452
   24.295900   41.134500      6.4082
   24.329200   41.134500      9.1659
   24.362500   41.134500      6.2230
   24.395800   41.134500     -2.0279
   24.429100   41.134500     -5.6907
   24.462400   41.134500      0.3886
   24.495700   41.134500      7.3211
   24.529000   41.134500      9.5691
   24.562300   41.134500      4.2853
   24.595600   41.134500      1.6754
   24.628900   41.134500      1.9796
   24.662200   41.134500     -0.0611
   24.695500   41.134500     -6.8190
   24.728800   41.134500     -8.6930
   24.762100   41.134500     -5.1334
   24.795400   41.134500     -2.0984
   24.828700   41.134500     -3.2286
   24.862000   41.134500     -8.2641
   24.895300   41.134500    -13.1082
   24.928600   41.134500    -13.5737
   24.961900   41.134500    -10.1157
   24.995200   41.134500     -6.9306
   25.028500   41.134500     -5.4092
   25.061800   41.134500     -1.9921
   25.095100   41.134500      3.7534
   25.128400   41.134500      7.9815
   25.161700   41.134500      7.6217
   25.195000   41.134500     -0.4208
   25.228300   41.134500     -9.2961
   25.261600   41.134500    -11.7815
   25.294900   41.134500     -8.5202
   25.328200   41.134500     -6.7209
   25.361500   41.134500    -10.4758
   25.394800   41.134500    -13.7951
   25.428100   41.134500     -9.5699
   25.461400   41.134500     -2.7071
   25.494700   41.134500     -2.6103
   25.528000   41.134500     -7.2151
   25.561300   41.134500     -8.2235
   25.594600   41.134500     -7.5910
   20.200000   41.101200    -11.5865
   20.233300   41.101200    -27.6590
   20.266600   41.101200    -23.7594
   20.299900   41.101200    -11.5277
   20.333200   41.101200     -3.3004
   20.366500   41.101200      2.0083
   20.399800   41.101200      6.7908
   20.433100   41.101200      9.9161
   20.466400   41.101200      7.7883
   20.499700   41.101200      5.6145
   20.533000   41.101200      6.2237
   20.566300   41.101200     11.8516
   20.599600   41.101200     12.8853
   20.632900   41.101200      7.4009
   20.666200   41.101200    -11.2638
   20.699500   41.101200    -25.1346
   20.732800   41.101200    -26.0919
   20.766100   41.101200    -22.5795
   20.799400   41.101200    -19.0395
   20.832700   41.101200     -4.8987
   20.866000   41.101200     14.3648
   20.899300   41.101200     26.7998
   20.932600   41.101200     24.1985
   20.965900   41.101200      8.6281
   20.999200   41.101200     -2.2838
   21.032500   41.101200     -0.9759
   21.065800   41.101200      2.2155
   21.099100   41.101200      3.0858
   21.132400   41.101200      6.2177
   21.165700   41.101200     12.6892
   21.199000   41.101200     16.5659
   21.232300   41.101200     18.3077
   21.265600   41.101200     16.3766
   21.298900   41.101200     10.4931
   21.332200   41.101200     -2.1385
   21.365500   41.101200    -12.7787
   21.398800   41.101200    -17.3162
   21.432100   41.101200    -16.7187
   21.465400   41.101200    -11.3286
   21.498700   41.101200     -4.3553
   21.532000   41.101200     -3.2488
   21.565300   41.101200     -7.5978
   21.598600   41.101200    -10.0725
   21.631900   41.101200     -5.1518
   21.665200   41.101200      3.3509
   21.698500   41.101200      4.6237
   21.731800   41.101200     -1.5888
   21.765100   41.101200     -6.5625
   21.798400   41.101200     -4.7683
   21.831700   41.101200     -0.2182
   21.865000   41.101200      0.7754
   21.898300   41.101200     -1.5502
   21.931600   41.101200     -2.4851
   21.964900   41.101200     -0.0523
   21.998200   41.101200      2.6691
   22.031500   41.101200      0.6539
   22.064800   41.101200     -3.5612
   22.098100   41.101200     -6.2779
   22.131400   41.101200     -8.4387
   22.164700   41.101200    -12.1424
   22.198000   41.101200    -15.4518
   22.231300   41.101200    -15.2119
   22.264600   41.101200     -9.8273
   22.297900   41.101200     -4.1491
   22.331200   41.101200     -3.2130
   22.364500   41.101200     -5.0954
   22.397800   41.101200     -3.5782
   22.431100   41.101200      1.8395
   22.464400   41.101200      5.3579
   22.497700   41.101200      7.2707
   22.531000   41.101200     10.4828
   22.564300   41.101200      9.8885
   22.597600   41.101200      1.6652
   22.630900   41.101200     -7.8588
   22.664200   41.101200     -8.6875
   22.697500   41.101200     -2.0193
   22.730800   41.101200      4.7680
   22.764100   41.101200      3.4603
   22.797400   41.101200     -2.8811
   22.830700   41.101200     -5.6433
   22.864000   41.101200     -3.5871
   22.897300   41.101200     -0.8183
   22.930600   41.101200      2.8643
   22.963900   41.101200      7.8005
   22.997200   41.101200     10.9882
   23.030500   41.101200     11.2466
   23.063800   41.101200     11.5702
   23.097100   41.101200     12.7005
   23.130400   41.101200     11.4823
   23.163700   41.101200      8.1556
   23.197000   41.101200      5.4441
   23.230300   41.101200      5.5418
   23.263600   41.101200      3.2373
   23.296900   41.101200     -4.9170
   23.330200   41.101200    -14.1523
   23.363500   41.101200    -20.8232
   23.396800   41.101200    -23.0162
   23.430100   41.101200    -18.8141
   23.463400   41.101200     -9.9109
   23.496700   41.101200     -1.0519
   23.530000   41.101200      5.5716
   23.563300   41.101200     10.2972
   23.596600   41.101200     12.2617
   23.629900   41.101200     12.4722
   23.663200   41.101200     12.6830
   23.696500   41.101200     10.9314
   23.729800   41.101200      7.2466
   23.763100   41.101200      6.5213
   23.796400   41.101200      8.5361
   23.829700   41.101200     11.0189
   23.863000   41.101200     10.4190
   23.896300   41.101200      7.0941
   23.929600   41.101200     -0.0527
   23.962900   41.101200     -9.0258
   23.996200   41.101200    -17.8158
   24.029500   41.101200    -25.4397
   24.062800   41.101200    -30.7124
   24.096100   41.101200    -32.3555
   24.129400   41.101200    -31.1742
   24.162700   41.101200    -28.9365
   24.196000   41.101200    -25.2769
   24.229300   41.101200    -17.8026
   24.262600   41.101200     -6.6456
   24.295900   41.101200      4.5276
   24.329200   41.101200     10.4273
   24.362500   41.101200     10.0972
   24.395800   41.101200      5.6161
   24.429100   41.101200      3.8857
   24.462400   41.101200      7.4840
   24.495700   41.101200     12.4391
   24.529000   41.101200      7.8488
   24.562300   41.101200     -2.1265
   24.595600   41.101200     -7.2933
   24.628900   41.101200     -1.9841
   24.662200   41.101200      3.1436
   24.695500   41.101200      2.3707
   24.728800   41.101200     -1.9590
   24.762100   41.101200     -5.3414
   24.795400   41.101200     -7.9790
   24.828700   41.101200    -11.1199
   24.862000   41.101200    -13.9017
   24.895300   41.101200    -16.0829
   24.928600   41.101200    -17.4492
   24.961900   41.101200    -18.3041
   24.995200   41.101200    -20.5158
   25.028500   41.101200    -23.3604
   25.061800   41.101200    -23.3367
   25.095100   41.101200    -21.1711
   25.128400   41.101200    -21.2476
   25.161700   41.101200    -24.1520
   25.195000   41.101200    -25.1182
   25.228300   41.101200    -21.1709
   25.261600   41.101200    -14.9729
   25.294900   41.101200    -10.1875
   25.328200   41.101200     -7.6490
   25.361500   41.101200     -7.6130
   25.394800   41.101200     -8.7239
   25.428100   41.101200     -6.4736
   25.461400   41.101200     -1.2259
   25.494700   41.101200     -0.4649
   25.528000   41.101200     -6.2878
   25.561300   41.101200    -11.4248
   25.594600   41.101200    -10.4808
   20.200000   41.067900      0.3237
   20.233300   41.067900     -7.8967
   20.266600   41.067900     -0.3201
   20.299900   41.067900      5.5417
   20.333200   41.067900      4.9285
   20.366500   41.067900      0.4623
   20.399800   41.067900     -2.0950
   20.433100   41.067900     -2.0191
   20.466400   41.067900     -0.7609
   20.499700   41.067900     -2.6972
   20.533000   41.067900     -5.3641
   20.566300   41.067900     -4.2428
   20.599600   41.067900     -1.3550
   20.632900   41.067900     -3.3682
   20.666200   41.067900     -9.0175
   20.699500   41.067900    -11.6458
   20.732800   41.067900    -10.5972
   20.766100   41.067900    -14.2774
   20.799400   41.067900    -24.5517
   20.832700   41.067900    -24.1254
   20.866000   41.067900    -16.1063
   20.899300   41.067900     -5.6490
   20.932600   41.067900      1.3504
   20.965900   41.067900      0.9627
   20.999200   41.067900     -3.3101
   21.032500   41.067900     -5.0476
   21.065800   41.067900     -0.4824
   21.099100   41.067900      8.1416
   21.132400   41.067900     14.8216
   21.165700   41.067900     12.7121
   21.199000   41.067900      3.7478
   21.232300   41.067900      0.3701
   21.265600   41.067900      4.3790
   21.298900   41.067900      6.1203
   21.332200   41.067900     -0.1154
   21.365500   41.067900    -11.5192
   21.398800   41.067900    -19.4721
   21.432100   41.067900    -21.8857
   21.465400   41.067900    -18.5927
   21.498700   41.067900    -12.5832
   21.532000   41.067900    -10.1653
   21.565300   41.067900    -10.4828
   21.598600   41.067900     -5.4768
   21.631900   41.067900      2.7244
   21.665200   41.067900      9.6963
   21.698500   41.067900      4.0781
   21.731800   41.067900     -5.0009
   21.765100   41.067900     -8.7115
   21.798400   41.067900     -5.6374
   21.831700   41.067900     -2.4593
   21.865000   41.067900     -5.3593
   21.898300   41.067900    -10.6193
   21.931600   41.067900    -13.6556
   21.964900   41.067900     -8.4412
   21.998200   41.067900     -0.6808
   22.031500   41.067900      5.3879
   22.064800   41.067900      2.9033
   22.098100   41.067900     -1.1465
   22.131400   41.067900     -6.6509
   22.164700   41.067900     -9.8360
   22.198000   41.067900     -7.7753
   22.231300   41.067900     -4.7685
   22.264600   41.067900     -5.2452
   22.297900   41.067900     -7.8076
   22.331200   41.067900     -9.6322
   22.364500   41.067900     -8.9542
   22.397800   41.067900     -5.9272
   22.431100   41.067900     -4.8745
   22.464400   41.067900     -4.7730
   22.497700   41.067900     -0.0467
   22.531000   41.067900      7.2201
   22.564300   41.067900      8.0747
   22.597600   41.067900      0.0405
   22.630900   41.067900     -8.9013
   22.664200   41.067900     -9.3352
   22.697500   41.067900     -1.6989
   22.730800   41.067900      3.5800
   22.764100   41.067900      0.9326
   22.797400   41.067900     -3.5148
   22.830700   41.067900     -2.7095
   22.864000   41.067900      0.6206
   22.897300   41.067900      2.1399
   22.930600   41.067900      3.0779
   22.963900   41.067900      5.9396
   22.997200   41.067900      8.8207
   23.030500   41.067900      9.9543
   23.063800   41.067900     10.9404
   23.097100   41.067900     10.6603
   23.130400   41.067900      6.8976
   23.163700   41.067900      3.0798
   23.197000   41.067900      6.2528
   23.230300   41.067900     13.3519
   23.263600   41.067900     13.3471
   23.296900   41.067900      4.0220
   23.330200   41.067900     -6.7684
   23.363500   41.067900    -15.9183
   23.396800   41.067900    -23.1915
   23.430100   41.067900    -25.4973
   23.463400   41.067900    -22.6473
   23.496700   41.067900    -18.0327
   23.530000   41.067900    -13.0712
   23.563300   41.067900     -7.6369
   23.596600   41.067900     -2.4008
   23.629900   41.067900      2.8973
   23.663200   41.067900      8.5355
   23.696500   41.067900     12.3505
   23.729800   41.067900     12.9024
   23.763100   41.067900     11.9428
   23.796400   41.067900     11.1813
   23.829700   41.067900     12.1213
   23.863000   41.067900     12.9679
   23.896300   41.067900     11.5834
   23.929600   41.067900      8.5393
   23.962900   41.067900      4.3810
   23.996200   41.067900     -1.3922
   24.029500   41.067900     -9.7389
   24.062800   41.067900    -19.3080
   24.096100   41.067900    -27.3610
   24.129400   41.067900    -30.6366
   24.162700   41.067900    -27.2966
   24.196000   41.067900    -19.2047
   24.229300   41.067900    -10.4763
   24.262600   41.067900     -3.8353
   24.295900   41.067900      0.7946
   24.329200   41.067900      3.9066
   24.362500   41.067900      4.8929
   24.395800   41.067900      3.9089
   24.429100   41.067900      2.1490
   24.462400   41.067900      2.7420
   24.495700   41.067900      5.4610
   24.529000   41.067900      2.3881
   24.562300   41.067900     -6.2700
   24.595600   41.067900    -11.3832
   24.628900   41.067900     -6.3214
   24.662200   41.067900     -0.9351
   24.695500   41.067900     -1.3027
   24.728800   41.067900     -4.2851
   24.762100   41.067900     -3.4484
   24.795400   41.067900     -1.7882
   24.828700   41.067900     -3.4653
   24.862000   41.067900     -6.7541
   24.895300   41.067900     -9.8909
   24.928600   41.067900    -13.3970
   24.961900   41.067900    -17.3659
   24.995200   41.067900    -20.9405
   25.028500   41.067900    -22.9895
   25.061800   41.067900    -23.4386
   25.095100   41.067900    -23.8891
   25.128400   41.067900    -25.1132
   25.161700   41.067900    -25.9109
   25.195000   41.067900    -24.5640
   25.228300   41.067900    -20.1374
   25.261600   41.067900    -14.0873
   25.294900   41.067900     -9.0729
   25.328200   41.067900     -5.2638
   25.361500   41.067900     -2.4381
   25.394800   41.067900     -1.1546
   25.428100   41.067900      0.8484
   25.461400   41.067900      4.5573
   25.494700   41.067900      4.4540
   25.528000   41.067900     -2.9904
   25.561300   41.067900    -10.6776
   25.594600   41.067900     -8.2484
   20.200000   41.034600     -0.2447
   20.233300   41.034600      1.4295
   20.266600   41.034600      8.8490
   20.299900   41.034600     17.6025
   20.333200   41.034600     10.2097
   20.366500   41.034600     -0.0361
   20.399800   41.034600     -7.4082
   20.433100   41.034600     -7.2209
   20.466400   41.034600     -6.2975
   20.499700   41.034600     -5.5470
   20.533000   41.034600     -5.7567
   20.566300   41.034600     -5.5353
   20.599600   41.034600     -4.0608
   20.632900   41.034600     -0.7547
   20.666200   41.034600      6.6844
   20.699500   41.034600     16.4686
   20.732800   41.034600     24.6501
   20.766100   41.034600     23.2342
   20.799400   41.034600      6.9460
   20.832700   41.034600    -13.5576
   20.866000   41.034600    -28.2093
   20.899300   41.034600    -30.5372
   20.932600   41.034600    -23.3985
   20.965900   41.034600     -9.2888
   20.999200   41.034600     -2.1751
   21.032500   41.034600     -1.7859
   21.065800   41.034600      2.9409
   21.099100   41.034600      8.5082
   21.132400   41.034600      5.3081
   21.165700   41.034600    -13.5149
   21.199000   41.034600    -31.4301
   21.232300   41.034600    -34.1925
   21.265600   41.034600    -16.0974
   21.298900   41.034600      6.4072
   21.332200   41.034600      8.6732
   21.365500   41.034600     -4.6900
   21.398800   41.034600    -17.6855
   21.432100   41.034600    -24.1785
   21.465400   41.034600    -24.7424
   21.498700   41.034600    -19.4150
   21.532000   41.034600    -10.1473
   21.565300   41.034600     -0.0589
   21.598600   41.034600      8.2978
   21.631900   41.034600     12.2512
   21.665200   41.034600     10.6088
   21.698500   41.034600      2.3893
   21.731800   41.034600     -3.7007
   21.765100   41.034600     -4.6224
   21.798400   41.034600     -4.1308
   21.831700   41.034600     -5.1000
   21.865000   41.034600     -9.1165
   21.898300   41.034600    -12.1087
   21.931600   41.034600    -12.3743
   21.964900   41.034600     -7.6572
   21.998200   41.034600     -2.4551
   22.031500   41.034600     -0.0770
   22.064800   41.034600     -0.7073
   22.098100   41.034600     -3.6134
   22.131400   41.034600     -8.0537
   22.164700   41.034600     -8.1429
   22.198000   41.034600     -0.4758
   22.231300   41.034600      4.8008
   22.264600   41.034600      2.2474
   22.297900   41.034600     -2.4173
   22.331200   41.034600     -4.4831
   22.364500   41.034600     -3.0461
   22.397800   41.034600     -2.1438
   22.431100   41.034600     -4.6215
   22.464400   41.034600     -3.5612
   22.497700   41.034600      4.2367
   22.531000   41.034600     11.3677
   22.564300   41.034600      9.2217
   22.597600   41.034600      0.9950
   22.630900   41.034600     -3.6075
   22.664200   41.034600     -0.9402
   22.697500   41.034600      3.1260
   22.730800   41.034600      2.1697
   22.764100   41.034600     -2.6144
   22.797400   41.034600     -5.1590
   22.830700   41.034600     -4.1150
   22.864000   41.034600     -3.3726
   22.897300   41.034600     -4.2253
   22.930600   41.034600     -4.3341
   22.963900   41.034600     -2.0807
   22.997200   41.034600      2.1074
   23.030500   41.034600      6.1131
   23.063800   41.034600      8.4535
   23.097100   41.034600      7.1026
   23.130400   41.034600      3.6289
   23.163700   41.034600      3.1314
   23.197000   41.034600     10.9977
   23.230300   41.034600     19.4449
   23.263600   41.034600     20.0233
   23.296900   41.034600     11.9574
   23.330200   41.034600      1.9157
   23.363500   41.034600     -8.9706
   23.396800   41.034600    -18.6976
   23.430100   41.034600    -24.1809
   23.463400   41.034600    -26.6115
   23.496700   41.034600    -27.6694
   23.530000   41.034600    -25.8696
   23.563300   41.034600    -20.7256
   23.596600   41.034600    -14.8537
   23.629900   41.034600    -10.2043
   23.663200   41.034600     -6.2792
   23.696500   41.034600     -2.4969
   23.729800   41.034600     -0.2771
   23.763100   41.034600     -1.3154
   23.796400   41.034600     -3.1570
   23.829700   41.034600     -1.8284
   23.863000   41.034600      2.3376
   23.896300   41.034600      7.1462
   23.929600   41.034600     11.8973
   23.962900   41.034600     15.1485
   23.996200   41.034600     13.5626
   24.029500   41.034600      7.1674
   24.062800   41.034600     -3.0789
   24.096100   41.034600    -12.4106
   24.129400   41.034600    -16.7489
   24.162700   41.034600    -13.0326
   24.196000   41.034600     -3.1195
   24.229300   41.034600      5.2306
   24.262600   41.034600      5.8695
   24.295900   41.034600      1.1221
   24.329200   41.034600     -1.6029
   24.362500   41.034600     -1.0063
   24.395800   41.034600     -1.0313
   24.429100   41.034600     -4.2229
   24.462400   41.034600     -7.7532
   24.495700   41.034600     -6.9973
   24.529000   41.034600     -2.6632
   24.562300   41.034600     -1.6821
   24.595600   41.034600     -2.8357
   24.628900   41.034600     -3.4373
   24.662200   41.034600     -4.7267
   24.695500   41.034600     -9.1605
   24.728800   41.034600    -11.0410
   24.762100   41.034600     -4.5766
   24.795400   41.034600      3.7880
   24.828700   41.034600      5.8743
   24.862000   41.034600      4.1097
   24.895300   41.034600      1.2457
   24.928600   41.034600     -3.6886
   24.961900   41.034600    -10.3674
   24.995200   41.034600    -14.6747
   25.028500   41.034600    -15.3828
   25.061800   41.034600    -15.8673
   25.095100   41.034600    -18.1357
   25.128400   41.034600    -19.2732
   25.161700   41.034600    -17.0943
   25.195000   41.034600    -13.2413
   25.228300   41.034600     -9.1843
   25.261600   41.034600     -5.7800
   25.294900   41.034600     -4.6196
   25.328200   41.034600     -4.6653
   25.361500   41.034600     -2.4664
   25.394800   41.034600      1.8591
   25.428100   41.034600      5.5754
   25.461400   41.034600      6.2122
   25.494700   41.034600      1.1267
   25.528000   41.034600     -9.3045
   25.561300   41.034600    -18.2623
   25.594600   41.034600    -16.5682
   20.200000   41.001300     -5.6516
   20.233300   41.001300     -1.9032
   20.266600   41.001300      0.3791
   20.299900   41.001300      0.7527
   20.333200   41.001300      0.2151
   20.366500   41.001300     -0.1732
   20.399800   41.001300      0.2177
   20.433100   41.001300      0.6892
   20.466400   41.001300      0.8873
   20.499700   41.001300      1.9477
   20.533000   41.001300      2.3094
   20.566300   41.001300     -0.3489
   20.599600   41.001300     -2.6862
   20.632900   41.001300     -1.9112
   20.666200   41.001300      2.9740
   20.699500   41.001300      9.9144
   20.732800   41.001300     20.9699
   20.766100   41.001300     35.2098
   20.799400   41.001300     41.3328
   20.832700   41.001300     19.7990
   20.866000   41.001300     -4.2365
   20.899300   41.001300    -26.1740
   20.932600   41.001300    -30.9402
   20.965900   41.001300    -12.8856
   20.999200   41.001300      9.2059
   21.032500   41.001300     22.9913
   21.065800   41.001300     26.8112
   21.099100   41.001300     16.5809
   21.132400   41.001300     -3.0299
   21.165700   41.001300    -25.1859
   21.199000   41.001300    -39.6506
   21.232300   41.001300    -44.1940
   21.265600   41.001300    -12.2473
   21.298900   41.001300     13.5528
   21.332200   41.001300     19.9343
   21.365500   41.001300      2.5820
   21.398800   41.001300    -15.0961
   21.432100   41.001300    -23.0435
   21.465400   41.001300    -24.0787
   21.498700   41.001300    -18.7370
   21.532000   41.001300     -5.9049
   21.565300   41.001300      7.1516
   21.598600   41.001300     10.3480
   21.631900   41.001300     -0.6444
   21.665200   41.001300    -12.9263
   21.698500   41.001300    -11.8956
   21.731800   41.001300     -0.9421
   21.765100   41.001300      9.0758
   21.798400   41.001300      9.4677
   21.831700   41.001300      3.1926
   21.865000   41.001300     -5.1683
   21.898300   41.001300     -8.8899
   21.931600   41.001300     -7.4140
   21.964900   41.001300     -4.6370
   21.998200   41.001300     -6.6108
   22.031500   41.001300    -12.2448
   22.064800   41.001300    -14.0972
   22.098100   41.001300    -12.6024
   22.131400   41.001300    -12.2747
   22.164700   41.001300    -10.1068
   22.198000   41.001300     -1.5683
   22.231300   41.001300      3.9134
   22.264600   41.001300      4.0317
   22.297900   41.001300      0.9963
   22.331200   41.001300     -0.8841
   22.364500   41.001300     -0.6476
   22.397800   41.001300     -0.5940
   22.431100   41.001300     -1.1516
   22.464400   41.001300      1.6248
   22.497700   41.001300      6.9532
   22.531000   41.001300      7.8679
   22.564300   41.001300      1.9631
   22.597600   41.001300     -3.8434
   22.630900   41.001300     -3.0762
   22.664200   41.001300      1.7502
   22.697500   41.001300      3.7247
   22.730800   41.001300      1.2582
   22.764100   41.001300     -1.5457
   22.797400   41.001300     -2.4828
   22.830700   41.001300     -4.9942
   22.864000   41.001300     -9.2040
   22.897300   41.001300    -10.6011
   22.930600   41.001300     -7.8656
   22.963900   41.001300     -4.3359
   22.997200   41.001300     -1.7106
   23.030500   41.001300      1.1371
   23.063800   41.001300      3.5478
   23.097100   41.001300      4.3236
   23.130400   41.001300      4.9293
   23.163700   41.001300      8.7947
   23.197000   41.001300     15.9183
   23.230300   41.001300     21.9322
   23.263600   41.001300     20.6298
   23.296900   41.001300     17.4693
   23.330200   41.001300     10.7253
   23.363500   41.001300     -0.0137
   23.396800   41.001300    -11.0503
   23.430100   41.001300    -18.5695
   23.463400   41.001300    -23.7502
   23.496700   41.001300    -27.1728
   23.530000   41.001300    -27.9067
   23.563300   41.001300    -26.4486
   23.596600   41.001300    -24.0393
   23.629900   41.001300    -21.3875
   23.663200   41.001300    -18.5741
   23.696500   41.001300    -14.9434
   23.729800   41.001300    -11.5097
   23.763100   41.001300     -9.9207
   23.796400   41.001300     -9.3741
   23.829700   41.001300     -6.8515
   23.863000   41.001300     -0.9722
   23.896300   41.001300      7.0202
   23.929600   41.001300     13.9526
   23.962900   41.001300     16.9195
   23.996200   41.001300     16.1617
   24.029500   41.001300     14.1439
   24.062800   41.001300     12.2762
   24.096100   41.001300     10.8810
   24.129400   41.001300      7.7525
   24.162700   41.001300      3.2945
   24.196000   41.001300      1.1418
   24.229300   41.001300      2.0052
   24.262600   41.001300      2.1344
   24.295900   41.001300     -0.4840
   24.329200   41.001300     -3.0614
   24.362500   41.001300     -2.3296
   24.395800   41.001300     -0.8502
   24.429100   41.001300     -3.6406
   24.462400   41.001300     -9.0490
   24.495700   41.001300     -8.7620
   24.529000   41.001300     -2.9397
   24.562300   41.001300      1.3833
   24.595600   41.001300      0.8835
   24.628900   41.001300     -1.9967
   24.662200   41.001300     -5.4945
   24.695500   41.001300     -8.1007
   24.728800   41.001300     -9.7224
   24.762100   41.001300     -8.7847
   24.795400   41.001300     -5.7934
   24.828700   41.001300     -2.8670
   24.862000   41.001300      1.5869
   24.895300   41.001300      6.8420
   24.928600   41.001300      6.3909
   24.961900   41.001300      0.1295
   24.995200   41.001300     -4.0382
   25.028500   41.001300     -3.3383
   25.061800   41.001300     -2.8644
   25.095100   41.001300     -4.8024
   25.128400   41.001300     -5.1566
   25.161700   41.001300     -2.3362
   25.195000   41.001300      0.2000
   25.228300   41.001300      0.8575
   25.261600   41.001300      0.6319
   25.294900   41.001300     -1.0180
   25.328200   41.001300     -3.2387
   25.361500   41.001300     -1.6695
   25.394800   41.001300      5.0372
   25.428100   41.001300     12.2544
   25.461400   41.001300     13.6154
   25.494700   41.001300      6.8396
   25.528000   41.001300     -4.8779
   25.561300   41.001300    -17.0330
   25.594600   41.001300    -24.6108
   20.200000   40.968000     -7.5287
   20.233300   40.968000     -2.3393
   20.266600   40.968000     -5.4091
   20.299900   40.968000     -9.7563
   20.333200   40.968000     -6.7563
   20.366500   40.968000     -1.5513
   20.399800   40.968000      4.5745
   20.433100   40.968000      5.9353
   20.466400   40.968000      5.8459
   20.499700   40.968000      4.7730
   20.533000   40.968000      3.2492
   20.566300   40.968000     -0.1189
   20.599600   40.968000     -3.6381
   20.632900   40.968000     -8.9106
   20.666200   40.968000    -17.1779
   20.699500   40.968000    -27.3822
   20.732800   40.968000    -27.1145
   20.766100   40.968000     -5.3009
   20.799400   40.968000     25.1233
   20.832700   40.968000     26.4499
   20.866000   40.968000     21.0394
   20.899300   40.968000     -8.8360
   20.932600   40.968000    -27.8149
   20.965900   40.968000    -15.6951
   20.999200   40.968000     14.5177
   21.032500   40.968000     37.9188
   21.065800   40.968000     39.8407
   21.099100   40.968000     19.5437
   21.132400   40.968000     -1.2183
   21.165700   40.968000    -14.0559
   21.199000   40.968000    -11.5126
   21.232300   40.968000     -5.1909
   21.265600   40.968000      9.0035
   21.298900   40.968000     22.2313
   21.332200   40.968000     19.9444
   21.365500   40.968000      4.4584
   21.398800   40.968000    -12.7647
   21.432100   40.968000    -21.2129
   21.465400   40.968000    -22.3613
   21.498700   40.968000    -16.1627
   21.532000   40.968000     -1.7914
   21.565300   40.968000     10.1808
   21.598600   40.968000      4.8273
   21.631900   40.968000    -20.8881
   21.665200   40.968000    -36.7053
   21.698500   40.968000    -31.8281
   21.731800   40.968000     -7.0591
   21.765100   40.968000     10.8614
   21.798400   40.968000     11.9692
   21.831700   40.968000      7.3789
   21.865000   40.968000     -3.9585
   21.898300   40.968000    -11.8675
   21.931600   40.968000    -11.4266
   21.964900   40.968000     -8.6050
   21.998200   40.968000     -9.3414
   22.031500   40.968000    -12.3046
   22.064800   40.968000    -12.1398
   22.098100   40.968000     -7.6477
   22.131400   40.968000     -3.6299
   22.164700   40.968000     -2.8421
   22.198000   40.968000     -3.1513
   22.231300   40.968000     -3.6910
   22.264600   40.968000     -4.4190
   22.297900   40.968000     -3.9761
   22.331200   40.968000     -2.9827
   22.364500   40.968000     -2.6482
   22.397800   40.968000     -2.3967
   22.431100   40.968000     -0.2293
   22.464400   40.968000      3.1762
   22.497700   40.968000      2.9306
   22.531000   40.968000     -1.9699
   22.564300   40.968000     -6.9234
   22.597600   40.968000     -7.5426
   22.630900   40.968000     -3.7756
   22.664200   40.968000      1.0412
   22.697500   40.968000      2.7830
   22.730800   40.968000      1.7838
   22.764100   40.968000      1.1600
   22.797400   40.968000     -0.0297
   22.830700   40.968000     -5.7431
   22.864000   40.968000    -12.4288
   22.897300   40.968000    -12.8045
   22.930600   40.968000     -7.0939
   22.963900   40.968000     -3.0933
   22.997200   40.968000     -2.9080
   23.030500   40.968000     -2.8863
   23.063800   40.968000     -1.6338
   23.097100   40.968000      0.2119
   23.130400   40.968000      3.1814
   23.163700   40.968000      8.2446
   23.197000   40.968000     13.5168
   23.230300   40.968000     16.7002
   23.263600   40.968000     17.5867
   23.296900   40.968000     17.3902
   23.330200   40.968000     15.6192
   23.363500   40.968000     10.8366
   23.396800   40.968000      3.6559
   23.430100   40.968000     -4.1323
   23.463400   40.968000    -11.6307
   23.496700   40.968000    -16.7904
   23.530000   40.968000    -19.6271
   23.563300   40.968000    -21.9200
   23.596600   40.968000    -23.5457
   23.629900   40.968000    -23.6374
   23.663200   40.968000    -22.5581
   23.696500   40.968000    -21.0503
   23.729800   40.968000    -19.1454
   23.763100   40.968000    -16.8191
   23.796400   40.968000    -13.4669
   23.829700   40.968000     -8.9684
   23.863000   40.968000     -2.8334
   23.896300   40.968000      4.4638
   23.929600   40.968000      9.5255
   23.962900   40.968000     11.3379
   23.996200   40.968000     10.8714
   24.029500   40.968000      9.8339
   24.062800   40.968000     10.0247
   24.096100   40.968000     11.6614
   24.129400   40.968000     12.8151
   24.162700   40.968000      5.7263
   24.196000   40.968000     -6.0830
   24.229300   40.968000    -10.1944
   24.262600   40.968000     -5.2435
   24.295900   40.968000     -0.2466
   24.329200   40.968000     -0.5696
   24.362500   40.968000     -1.5456
   24.395800   40.968000      0.8239
   24.429100   40.968000      2.7298
   24.462400   40.968000      1.7661
   24.495700   40.968000      0.0186
   24.529000   40.968000     -1.7314
   24.562300   40.968000     -4.6242
   24.595600   40.968000     -6.9018
   24.628900   40.968000     -7.8271
   24.662200   40.968000     -7.8314
   24.695500   40.968000     -6.1078
   24.728800   40.968000     -4.1667
   24.762100   40.968000     -3.7935
   24.795400   40.968000     -4.0713
   24.828700   40.968000     -3.9648
   24.862000   40.968000     -0.5265
   24.895300   40.968000      7.3075
   24.928600   40.968000     12.5088
   24.961900   40.968000     11.0950
   24.995200   40.968000      9.4096
   25.028500   40.968000     11.5593
   25.061800   40.968000     13.7267
   25.095100   40.968000     13.2302
   25.128400   40.968000     12.3133
   25.161700   40.968000     12.0118
   25.195000   40.968000     10.8614
   25.228300   40.968000      8.8909
   25.261600   40.968000      6.7715
   25.294900   40.968000      3.1968
   25.328200   40.968000     -1.5985
   25.361500   40.968000     -4.0863
   25.394800   40.968000     -0.9385
   25.428100   40.968000      7.1332
   25.461400   40.968000     14.3522
   25.494700   40.968000     14.9850
   25.528000   40.968000      7.1881
   25.561300   40.968000     -7.3651
   25.594600   40.968000    -28.6653
   20.200000   40.934700    -16.7648
   20.233300   40.934700     -3.7748
   20.266600   40.934700     -1.1201
   20.299900   40.934700     -6.0826
   20.333200   40.934700     -9.3217
   20.366500   40.934700     -8.4019
   20.399800   40.934700     -6.7229
   20.433100   40.934700     -4.5124
   20.466400   40.934700     -1.7298
   20.499700   40.934700      1.8327
   20.533000   40.934700      4.4797
   20.566300   40.934700      5.4835
   20.599600   40.934700      4.8038
   20.632900   40.934700      0.8316
   20.666200   40.934700    -13.8287
   20.699500   40.934700    -34.8349
   20.732800   40.934700    -46.1931
   20.766100   40.934700    -33.1236
   20.799400   40.934700      1.2469
   20.832700   40.934700     17.7474
   20.866000   40.934700     19.5564
   20.899300   40.934700      0.5014
   20.932600   40.934700    -21.1364
   20.965900   40.934700    -18.1721
   20.999200   40.934700      3.2422
   21.032500   40.934700     16.7649
   21.065800   40.934700      8.8992
   21.099100   40.934700     -6.1279
   21.132400   40.934700     -3.0985
   21.165700   40.934700     14.2602
   21.199000   40.934700     30.5591
   21.232300   40.934700     35.9372
   21.265600   40.934700     29.8676
   21.298900   40.934700     22.1099
   21.332200   40.934700     11.8195
   21.365500   40.934700      1.9484
   21.398800   40.934700     -9.7569
   21.432100   40.934700    -18.8811
   21.465400   40.934700    -21.9615
   21.498700   40.934700    -16.4249
   21.532000   40.934700     -2.5528
   21.565300   40.934700      9.7262
   21.598600   40.934700      4.2909
   21.631900   40.934700    -17.7280
   21.665200   40.934700    -31.6591
   21.698500   40.934700    -28.1271
   21.731800   40.934700    -12.6041
   21.765100   40.934700      0.2997
   21.798400   40.934700      3.0522
   21.831700   40.934700     -0.6587
   21.865000   40.934700     -8.2841
   21.898300   40.934700    -11.1935
   21.931600   40.934700    -11.7180
   21.964900   40.934700    -10.3594
   21.998200   40.934700     -8.4277
   22.031500   40.934700     -7.7174
   22.064800   40.934700     -7.4686
   22.098100   40.934700     -3.6653
   22.131400   40.934700      2.6814
   22.164700   40.934700      4.5450
   22.198000   40.934700     -1.1931
   22.231300   40.934700     -9.4157
   22.264600   40.934700    -10.0961
   22.297900   40.934700     -8.1369
   22.331200   40.934700     -2.1846
   22.364500   40.934700     -0.2677
   22.397800   40.934700     -0.2896
   22.431100   40.934700      2.5966
   22.464400   40.934700      5.2488
   22.497700   40.934700      0.6801
   22.531000   40.934700     -7.0929
   22.564300   40.934700     -9.7275
   22.597600   40.934700     -7.4738
   22.630900   40.934700     -4.6773
   22.664200   40.934700     -1.4986
   22.697500   40.934700      1.5598
   22.730800   40.934700      2.7416
   22.764100   40.934700      2.7566
   22.797400   40.934700      1.3332
   22.830700   40.934700     -3.7486
   22.864000   40.934700     -9.9842
   22.897300   40.934700    -11.5609
   22.930600   40.934700     -8.4636
   22.963900   40.934700     -6.0423
   22.997200   40.934700     -5.5470
   23.030500   40.934700     -5.4481
   23.063800   40.934700     -5.1462
   23.097100   40.934700     -4.3015
   23.130400   40.934700     -2.1697
   23.163700   40.934700      1.4943
   23.197000   40.934700      5.1574
   23.230300   40.934700      7.6317
   23.263600   40.934700      9.4033
   23.296900   40.934700     11.4976
   23.330200   40.934700     13.5748
   23.363500   40.934700     15.0703
   23.396800   40.934700     15.6196
   23.430100   40.934700     13.9064
   23.463400   40.934700      8.8824
   23.496700   40.934700      2.6713
   23.530000   40.934700     -3.1557
   23.563300   40.934700     -7.9471
   23.596600   40.934700    -12.0181
   23.629900   40.934700    -15.5579
   23.663200   40.934700    -17.3089
   23.696500   40.934700    -17.4678
   23.729800   40.934700    -18.5582
   23.763100   40.934700    -19.9828
   23.796400   40.934700    -18.5050
   23.829700   40.934700    -14.6508
   23.863000   40.934700     -9.6047
   23.896300   40.934700     -1.6778
   23.929600   40.934700      6.6748
   23.962900   40.934700      9.0780
   23.996200   40.934700      2.9868
   24.029500   40.934700     -4.9626
   24.062800   40.934700     -5.7205
   24.096100   40.934700     -0.8463
   24.129400   40.934700      3.6731
   24.162700   40.934700      4.2721
   24.196000   40.934700      0.7552
   24.229300   40.934700     -1.1159
   24.262600   40.934700      3.1891
   24.295900   40.934700      6.6161
   24.329200   40.934700      4.9549
   24.362500   40.934700      3.5610
   24.395800   40.934700      6.3098
   24.429100   40.934700     10.0390
   24.462400   40.934700      9.7792
   24.495700   40.934700      4.8665
   24.529000   40.934700     -4.5426
   24.562300   40.934700    -14.4478
   24.595600   40.934700    -17.4895
   24.628900   40.934700    -14.5787
   24.662200   40.934700    -12.4574
   24.695500   40.934700    -12.1996
   24.728800   40.934700    -11.2343
   24.762100   40.934700     -7.4484
   24.795400   40.934700     -0.8059
   24.828700   40.934700      4.0872
   24.862000   40.934700      6.1350
   24.895300   40.934700     10.6847
   24.928600   40.934700     17.2120
   24.961900   40.934700     19.9301
   24.995200   40.934700     19.2319
   25.028500   40.934700     18.8794
   25.061800   40.934700     19.1635
   25.095100   40.934700     19.1299
   25.128400   40.934700     18.9080
   25.161700   40.934700     18.1939
   25.195000   40.934700     16.7691
   25.228300   40.934700     14.7847
   25.261600   40.934700     10.7922
   25.294900   40.934700      3.8687
   25.328200   40.934700     -3.2600
   25.361500   40.934700     -7.5800
   25.394800   40.934700     -7.6824
   25.428100   40.934700     -2.4527
   25.461400   40.934700      6.2689
   25.494700   40.934700     11.6414
   25.528000   40.934700      9.0095
   25.561300   40.934700     -2.4900
   25.594600   40.934700    -26.1291
   20.200000   40.901400    -22.5060
   20.233300   40.901400     -8.6038
   20.266600   40.901400     -2.2322
   20.299900   40.901400     -2.0809
   20.333200   40.901400     -7.4480
   20.366500   40.901400    -13.7655
   20.399800   40.901400    -17.2829
   20.433100   40.901400    -18.6808
   20.466400   40.901400    -11.8374
   20.499700   40.901400     -1.6470
   20.533000   40.901400      5.8970
   20.566300   40.901400     12.0305
   20.599600   40.901400     12.9167
   20.632900   40.901400     11.5088
   20.666200   40.901400      0.9181
   20.699500   40.901400    -13.3461
   20.732800   40.901400    -19.7665
   20.766100   40.901400    -16.0508
   20.799400   40.901400     -0.4401
   20.832700   40.901400      9.6372
   20.866000   40.901400     15.7972
   20.899300   40.901400      5.0753
   20.932600   40.901400     -9.9289
   20.965900   40.901400    -11.7935
   20.999200   40.901400     -7.0280
   21.032500   40.901400     -8.5694
   21.065800   40.901400    -22.0564
   21.099100   40.901400    -29.5905
   21.132400   40.901400    -10.1921
   21.165700   40.901400     25.5713
   21.199000   40.901400     43.5933
   21.232300   40.901400     38.5027
   21.265600   40.901400     26.0096
   21.298900   40.901400     10.4435
   21.332200   40.901400      2.9428
   21.365500   40.901400     -1.1428
   21.398800   40.901400     -9.8243
   21.432100   40.901400    -18.8287
   21.465400   40.901400    -21.8435
   21.498700   40.901400    -17.3179
   21.532000   40.901400     -7.1040
   21.565300   40.901400      2.7770
   21.598600   40.901400      4.5608
   21.631900   40.901400     -3.3790
   21.665200   40.901400    -10.6458
   21.698500   40.901400    -12.0505
   21.731800   40.901400     -7.3324
   21.765100   40.901400     -5.7217
   21.798400   40.901400     -7.5210
   21.831700   40.901400     -8.2952
   21.865000   40.901400     -5.5174
   21.898300   40.901400     -0.9016
   21.931600   40.901400      1.3740
   21.964900   40.901400     -1.0363
   21.998200   40.901400     -4.0038
   22.031500   40.901400     -6.0171
   22.064800   40.901400     -7.5081
   22.098100   40.901400     -4.8504
   22.131400   40.901400      2.2291
   22.164700   40.901400      7.6783
   22.198000   40.901400      5.3768
   22.231300   40.901400     -3.8101
   22.264600   40.901400     -7.4130
   22.297900   40.901400     -3.4264
   22.331200   40.901400      2.3217
   22.364500   40.901400      3.4648
   22.397800   40.901400      2.6609
   22.431100   40.901400      5.3941
   22.464400   40.901400      7.3031
   22.497700   40.901400      0.4951
   22.531000   40.901400     -8.6809
   22.564300   40.901400    -10.8581
   22.597600   40.901400     -8.0395
   22.630900   40.901400     -6.2695
   22.664200   40.901400     -2.7810
   22.697500   40.901400      3.5127
   22.730800   40.901400      7.0103
   22.764100   40.901400      6.4717
   22.797400   40.901400      4.6621
   22.830700   40.901400      1.8624
   22.864000   40.901400     -2.3825
   22.897300   40.901400     -6.1160
   22.930600   40.901400     -7.9469
   22.963900   40.901400     -8.5740
   22.997200   40.901400     -8.7872
   23.030500   40.901400     -9.8410
   23.063800   40.901400    -11.6477
   23.097100   40.901400    -12.0184
   23.130400   40.901400     -9.1465
   23.163700   40.901400     -4.4066
   23.197000   40.901400     -0.4041
   23.230300   40.901400      2.6194
   23.263600   40.901400      6.0110
   23.296900   40.901400      9.4292
   23.330200   40.901400     11.4615
   23.363500   40.901400     12.8248
   23.396800   40.901400     15.2505
   23.430100   40.901400     18.4380
   23.463400   40.901400     19.4580
   23.496700   40.901400     15.6161
   23.530000   40.901400      9.2326
   23.563300   40.901400      4.8267
   23.596600   40.901400      2.0475
   23.629900   40.901400     -2.9311
   23.663200   40.901400     -8.1695
   23.696500   40.901400    -10.5728
   23.729800   40.901400    -12.8239
   23.763100   40.901400    -15.8776
   23.796400   40.901400    -16.3889
   23.829700   40.901400    -15.4690
   23.863000   40.901400    -13.5240
   23.896300   40.901400     -3.9567
   23.929600   40.901400      9.5242
   23.962900   40.901400      9.9168
   23.996200   40.901400     -3.6656
   24.029500   40.901400    -13.0724
   24.062800   40.901400    -10.3310
   24.096100   40.901400     -2.9493
   24.129400   40.901400      5.6081
   24.162700   40.901400     11.2633
   24.196000   40.901400     13.9410
   24.229300   40.901400     14.3206
   24.262600   40.901400     11.9691
   24.295900   40.901400     10.1424
   24.329200   40.901400     10.4769
   24.362500   40.901400     12.4394
   24.395800   40.901400     12.9267
   24.429100   40.901400      9.7769
   24.462400   40.901400      3.9747
   24.495700   40.901400     -2.5150
   24.529000   40.901400    -10.1047
   24.562300   40.901400    -18.1443
   24.595600   40.901400    -22.5146
   24.628900   40.901400    -21.4882
   24.662200   40.901400    -17.7860
   24.695500   40.901400    -15.2317
   24.728800   40.901400    -15.6126
   24.762100   40.901400    -14.5611
   24.795400   40.901400     -7.0217
   24.828700   40.901400      2.2071
   24.862000   40.901400      6.9872
   24.895300   40.901400      9.7471
   24.928600   40.901400     12.8501
   24.961900   40.901400     13.8597
   24.995200   40.901400     12.6438
   25.028500   40.901400     11.7107
   25.061800   40.901400     12.0557
   25.095100   40.901400     13.6727
   25.128400   40.901400     15.8209
   25.161700   40.901400     16.6321
   25.195000   40.901400     15.3915
   25.228300   40.901400     12.4475
   25.261600   40.901400      6.8311
   25.294900   40.901400     -1.1925
   25.328200   40.901400     -7.9901
   25.361500   40.901400    -10.9578
   25.394800   40.901400    -10.2187
   25.428100   40.901400     -5.7202
   25.461400   40.901400      1.0037
   25.494700   40.901400      6.2249
   25.528000   40.901400      7.5052
   25.561300   40.901400      5.8100
   25.594600   40.901400     -4.6944
   20.200000   40.868100     -5.8845
   20.233300   40.868100     -7.7880
   20.266600   40.868100     -3.8835
   20.299900   40.868100      0.6456
   20.333200   40.868100     -0.4419
   20.366500   40.868100     -9.8770
   20.399800   40.868100    -16.8802
   20.433100   40.868100    -16.3694
   20.466400   40.868100    -11.6934
   20.499700   40.868100     -2.9827
   20.533000   40.868100      4.1855
   20.566300   40.868100      9.1410
   20.599600   40.868100     11.7694
   20.632900   40.868100     10.9082
   20.666200   40.868100      5.9046
   20.699500   40.868100      0.4750
   20.732800   40.868100     -2.1387
   20.766100   40.868100     -3.1482
   20.799400   40.868100     -2.0581
   20.832700   40.868100      1.0455
   20.866000   40.868100      4.1822
   20.899300   40.868100      3.8688
   20.932600   40.868100     -0.9854
   20.965900   40.868100     -4.9715
   20.999200   40.868100     -5.0209
   21.032500   40.868100     -5.3720
   21.065800   40.868100     -8.8610
   21.099100   40.868100    -10.1472
   21.132400   40.868100     -2.1312
   21.165700   40.868100      6.4651
   21.199000   40.868100      9.3828
   21.232300   40.868100      2.7746
   21.265600   40.868100     -2.8566
   21.298900   40.868100     -2.5681
   21.332200   40.868100      3.8026
   21.365500   40.868100      3.6233
   21.398800   40.868100     -6.5324
   21.432100   40.868100    -16.8621
   21.465400   40.868100    -20.6737
   21.498700   40.868100    -18.6292
   21.532000   40.868100    -13.0021
   21.565300   40.868100     -5.9911
   21.598600   40.868100      0.1241
   21.631900   40.868100      4.2526
   21.665200   40.868100      7.1468
   21.698500   40.868100      7.1292
   21.731800   40.868100      2.7739
   21.765100   40.868100     -3.4437
   21.798400   40.868100    -11.2807
   21.831700   40.868100    -12.3767
   21.865000   40.868100     -1.8784
   21.898300   40.868100      5.6552
   21.931600   40.868100      9.6155
   21.964900   40.868100      4.9483
   21.998200   40.868100     -1.1479
   22.031500   40.868100     -3.8229
   22.064800   40.868100     -2.6899
   22.098100   40.868100      1.6988
   22.131400   40.868100      7.5094
   22.164700   40.868100     12.8810
   22.198000   40.868100     13.5906
   22.231300   40.868100      7.6302
   22.264600   40.868100      1.2245
   22.297900   40.868100      1.7136
   22.331200   40.868100      5.3011
   22.364500   40.868100      5.5910
   22.397800   40.868100      3.3255
   22.431100   40.868100      4.8030
   22.464400   40.868100      5.8703
   22.497700   40.868100     -0.7373
   22.531000   40.868100     -9.1518
   22.564300   40.868100     -9.7102
   22.597600   40.868100     -6.2876
   22.630900   40.868100     -4.8395
   22.664200   40.868100     -1.8675
   22.697500   40.868100      4.2811
   22.730800   40.868100      7.3771
   22.764100   40.868100      5.9220
   22.797400   40.868100      4.9984
   22.830700   40.868100      5.2518
   22.864000   40.868100      3.4238
   22.897300   40.868100     -0.3030
   22.930600   40.868100     -4.0910
   22.963900   40.868100     -7.9187
   22.997200   40.868100    -11.7185
   23.030500   40.868100    -15.1821
   23.063800   40.868100    -17.7333
   23.097100   40.868100    -17.2821
   23.130400   40.868100    -12.3098
   23.163700   40.868100     -4.9291
   23.197000   40.868100     -0.3621
   23.230300   40.868100      2.6874
   23.263600   40.868100      6.4891
   23.296900   40.868100     10.0352
   23.330200   40.868100     11.5562
   23.363500   40.868100     12.1254
   23.396800   40.868100     13.2517
   23.430100   40.868100     15.8269
   23.463400   40.868100     18.7671
   23.496700   40.868100     19.4733
   23.530000   40.868100     16.7780
   23.563300   40.868100     13.3032
   23.596600   40.868100     10.2576
   23.629900   40.868100      4.8811
   23.663200   40.868100     -1.6210
   23.696500   40.868100     -5.4609
   23.729800   40.868100     -7.4227
   23.763100   40.868100     -8.1498
   23.796400   40.868100     -6.2409
   23.829700   40.868100     -5.0390
   23.863000   40.868100     -4.5575
   23.896300   40.868100      4.5368
   23.929600   40.868100     17.8059
   23.962900   40.868100     15.3151
   23.996200   40.868100      1.9344
   24.029500   40.868100     -8.0606
   24.062800   40.868100     -1.6636
   24.096100   40.868100     11.5041
   24.129400   40.868100     18.9021
   24.162700   40.868100     18.2689
   24.196000   40.868100     17.2456
   24.229300   40.868100     15.2670
   24.262600   40.868100     11.9565
   24.295900   40.868100     10.2244
   24.329200   40.868100     13.3084
   24.362500   40.868100     14.7145
   24.395800   40.868100      9.3685
   24.429100   40.868100      0.7040
   24.462400   40.868100     -7.0639
   24.495700   40.868100    -13.2480
   24.529000   40.868100    -17.6829
   24.562300   40.868100    -20.2155
   24.595600   40.868100    -21.6715
   24.628900   40.868100    -21.3305
   24.662200   40.868100    -16.8243
   24.695500   40.868100    -10.7209
   24.728800   40.868100     -9.1722
   24.762100   40.868100    -10.5081
   24.795400   40.868100     -7.9665
   24.828700   40.868100     -2.8591
   24.862000   40.868100     -0.1823
   24.895300   40.868100      0.5281
   24.928600   40.868100      0.8381
   24.961900   40.868100      0.2547
   24.995200   40.868100     -0.4183
   25.028500   40.868100     -0.0816
   25.061800   40.868100      1.0377
   25.095100   40.868100      3.3056
   25.128400   40.868100      6.7197
   25.161700   40.868100      9.1493
   25.195000   40.868100      9.1727
   25.228300   40.868100      7.5056
   25.261600   40.868100      4.3865
   25.294900   40.868100     -0.5501
   25.328200   40.868100     -6.4600
   25.361500   40.868100    -11.4767
   25.394800   40.868100    -13.1906
   25.428100   40.868100     -9.9638
   25.461400   40.868100     -3.4731
   25.494700   40.868100      3.4594
   25.528000   40.868100     10.6820
   25.561300   40.868100     16.1974
   25.594600   40.868100     18.7295
   20.200000   40.834800     15.6006
   20.233300   40.834800     -1.7648
   20.266600   40.834800     -5.3798
   20.299900   40.834800      1.8268
   20.333200   40.834800      6.9279
   20.366500   40.834800      3.3058
   20.399800   40.834800     -6.9123
   20.433100   40.834800    -11.9247
   20.466400   40.834800    -11.0931
   20.499700   40.834800     -6.3705
   20.533000   40.834800      0.6354
   20.566300   40.834800      6.1549
   20.599600   40.834800      9.3156
   20.632900   40.834800      8.3012
   20.666200   40.834800      6.2906
   20.699500   40.834800      4.0024
   20.732800   40.834800      0.3721
   20.766100   40.834800     -6.6180
   20.799400   40.834800    -12.6117
   20.832700   40.834800    -11.0004
   20.866000   40.834800     -7.1591
   20.899300   40.834800     -4.0737
   20.932600   40.834800     -3.7631
   20.965900   40.834800     -6.2946
   20.999200   40.834800     -3.7360
   21.032500   40.834800      6.2922
   21.065800   40.834800     17.7921
   21.099100   40.834800     19.6279
   21.132400   40.834800      7.2731
   21.165700   40.834800    -14.7504
   21.199000   40.834800    -28.9574
   21.232300   40.834800    -36.7987
   21.265600   40.834800    -28.5610
   21.298900   40.834800    -10.0984
   21.332200   40.834800      7.9135
   21.365500   40.834800      9.4444
   21.398800   40.834800      0.4328
   21.432100   40.834800     -9.6037
   21.465400   40.834800    -16.3818
   21.498700   40.834800    -19.8532
   21.532000   40.834800    -18.0591
   21.565300   40.834800    -11.3145
   21.598600   40.834800     -3.5477
   21.631900   40.834800      1.8035
   21.665200   40.834800      4.6787
   21.698500   40.834800      6.2893
   21.731800   40.834800      4.7540
   21.765100   40.834800     -0.6989
   21.798400   40.834800     -6.9812
   21.831700   40.834800     -6.0888
   21.865000   40.834800      1.3187
   21.898300   40.834800      5.2495
   21.931600   40.834800      1.9354
   21.964900   40.834800     -4.2725
   21.998200   40.834800     -7.6053
   22.031500   40.834800     -7.0121
   22.064800   40.834800     -2.3625
   22.098100   40.834800      3.9039
   22.131400   40.834800      9.5466
   22.164700   40.834800     13.6025
   22.198000   40.834800     16.3410
   22.231300   40.834800     14.4889
   22.264600   40.834800      8.9598
   22.297900   40.834800      6.6089
   22.331200   40.834800      8.2952
   22.364500   40.834800      6.8478
   22.397800   40.834800      2.2612
   22.431100   40.834800      0.8529
   22.464400   40.834800      1.1891
   22.497700   40.834800     -2.6451
   22.531000   40.834800     -7.0495
   22.564300   40.834800     -4.9281
   22.597600   40.834800     -0.2135
   22.630900   40.834800      0.1596
   22.664200   40.834800     -0.7753
   22.697500   40.834800      1.0980
   22.730800   40.834800      3.1519
   22.764100   40.834800      4.3003
   22.797400   40.834800      6.6255
   22.830700   40.834800      7.8077
   22.864000   40.834800      5.0345
   22.897300   40.834800      2.0506
   22.930600   40.834800      0.4684
   22.963900   40.834800     -4.2688
   22.997200   40.834800    -11.8846
   23.030500   40.834800    -17.5120
   23.063800   40.834800    -19.7425
   23.097100   40.834800    -19.8282
   23.130400   40.834800    -15.4057
   23.163700   40.834800     -8.5534
   23.197000   40.834800     -3.1631
   23.230300   40.834800      0.7884
   23.263600   40.834800      4.4915
   23.296900   40.834800      6.8599
   23.330200   40.834800      8.4325
   23.363500   40.834800     10.7524
   23.396800   40.834800     13.5248
   23.430100   40.834800     14.8506
   23.463400   40.834800     15.0812
   23.496700   40.834800     16.0205
   23.530000   40.834800     15.2384
   23.563300   40.834800     11.9063
   23.596600   40.834800      6.0845
   23.629900   40.834800      1.0852
   23.663200   40.834800     -1.3786
   23.696500   40.834800     -1.3228
   23.729800   40.834800     -1.5694
   23.763100   40.834800     -1.4228
   23.796400   40.834800      1.8167
   23.829700   40.834800      5.3311
   23.863000   40.834800      6.1469
   23.896300   40.834800     10.3869
   23.929600   40.834800     16.7965
   23.962900   40.834800     16.4454
   23.996200   40.834800     12.7191
   24.029500   40.834800     12.6726
   24.062800   40.834800     20.8164
   24.096100   40.834800     26.8876
   24.129400   40.834800     22.3195
   24.162700   40.834800     16.6465
   24.196000   40.834800     15.1096
   24.229300   40.834800     15.8171
   24.262600   40.834800     15.0665
   24.295900   40.834800     13.5048
   24.329200   40.834800     11.7072
   24.362500   40.834800      5.6864
   24.395800   40.834800     -3.7165
   24.429100   40.834800    -10.9055
   24.462400   40.834800    -15.7732
   24.495700   40.834800    -21.0872
   24.529000   40.834800    -23.8984
   24.562300   40.834800    -20.3563
   24.595600   40.834800    -13.1655
   24.628900   40.834800     -6.6893
   24.662200   40.834800     -1.2882
   24.695500   40.834800      2.1395
   24.728800   40.834800      0.3935
   24.762100   40.834800     -4.8654
   24.795400   40.834800     -8.0732
   24.828700   40.834800     -8.7397
   24.862000   40.834800     -9.3998
   24.895300   40.834800     -9.4927
   24.928600   40.834800     -8.2322
   24.961900   40.834800     -7.3112
   24.995200   40.834800     -7.6356
   25.028500   40.834800     -8.0608
   25.061800   40.834800     -7.3514
   25.095100   40.834800     -4.6529
   25.128400   40.834800     -0.2176
   25.161700   40.834800      3.8398
   25.195000   40.834800      5.8922
   25.228300   40.834800      6.3904
   25.261600   40.834800      5.7860
   25.294900   40.834800      3.3979
   25.328200   40.834800     -1.4948
   25.361500   40.834800     -8.4691
   25.394800   40.834800    -15.0480
   25.428100   40.834800    -17.9564
   25.461400   40.834800    -15.9070
   25.494700   40.834800     -9.7700
   25.528000   40.834800     -1.1191
   25.561300   40.834800      7.3325
   25.594600   40.834800     13.4112
   20.200000   40.801500     13.0541
   20.233300   40.801500      2.4620
   20.266600   40.801500     -2.1168
   20.299900   40.801500      0.5258
   20.333200   40.801500      2.9597
   20.366500   40.801500      1.2137
   20.399800   40.801500     -5.2461
   20.433100   40.801500    -13.0064
   20.466400   40.801500    -15.3562
   20.499700   40.801500    -14.6349
   20.533000   40.801500     -7.2206
   20.566300   40.801500      2.4015
   20.599600   40.801500      4.8056
   20.632900   40.801500      1.9941
   20.666200   40.801500     -0.1078
   20.699500   40.801500      2.1671
   20.732800   40.801500      4.4664
   20.766100   40.801500      1.5377
   20.799400   40.801500     -5.1912
   20.832700   40.801500     -8.5956
   20.866000   40.801500     -7.7977
   20.899300   40.801500     -7.4477
   20.932600   40.801500     -7.0337
   20.965900   40.801500     -8.9825
   20.999200   40.801500     -6.1343
   21.032500   40.801500      3.6332
   21.065800   40.801500     15.2056
   21.099100   40.801500     18.2159
   21.132400   40.801500      3.6518
   21.165700   40.801500    -18.0654
   21.199000   40.801500    -28.5699
   21.232300   40.801500    -31.2353
   21.265600   40.801500    -13.4798
   21.298900   40.801500      1.8900
   21.332200   40.801500     10.1536
   21.365500   40.801500      7.8924
   21.398800   40.801500      3.1957
   21.432100   40.801500     -1.0944
   21.465400   40.801500     -8.9457
   21.498700   40.801500    -18.0407
   21.532000   40.801500    -19.1869
   21.565300   40.801500    -10.1117
   21.598600   40.801500     -0.7757
   21.631900   40.801500      1.1666
   21.665200   40.801500     -2.0145
   21.698500   40.801500     -4.3979
   21.731800   40.801500     -5.3814
   21.765100   40.801500     -5.4927
   21.798400   40.801500     -2.9731
   21.831700   40.801500      3.1454
   21.865000   40.801500      6.6014
   21.898300   40.801500      1.6560
   21.931600   40.801500     -9.5677
   21.964900   40.801500    -16.0143
   21.998200   40.801500    -14.7710
   22.031500   40.801500    -10.1835
   22.064800   40.801500     -4.6594
   22.098100   40.801500      0.8434
   22.131400   40.801500      5.3295
   22.164700   40.801500      9.5374
   22.198000   40.801500     15.3952
   22.231300   40.801500     20.0116
   22.264600   40.801500     18.7160
   22.297900   40.801500     14.1907
   22.331200   40.801500     10.7873
   22.364500   40.801500      6.1170
   22.397800   40.801500     -0.5003
   22.431100   40.801500     -3.4375
   22.464400   40.801500     -2.7157
   22.497700   40.801500     -3.8542
   22.531000   40.801500     -5.2786
   22.564300   40.801500     -1.2451
   22.597600   40.801500      5.0197
   22.630900   40.801500      5.7399
   22.664200   40.801500      2.5995
   22.697500   40.801500      2.1480
   22.730800   40.801500      5.2692
   22.764100   40.801500     10.0726
   22.797400   40.801500     13.7341
   22.830700   40.801500     11.1378
   22.864000   40.801500      3.4475
   22.897300   40.801500      0.4532
   22.930600   40.801500      1.9284
   22.963900   40.801500     -1.6594
   22.997200   40.801500    -11.5295
   23.030500   40.801500    -18.4746
   23.063800   40.801500    -20.7768
   23.097100   40.801500    -21.9825
   23.130400   40.801500    -21.0646
   23.163700   40.801500    -15.8847
   23.197000   40.801500     -9.7505
   23.230300   40.801500     -4.7733
   23.263600   40.801500     -0.7521
   23.296900   40.801500      1.5681
   23.330200   40.801500      3.6495
   23.363500   40.801500      8.3425
   23.396800   40.801500     13.7940
   23.430100   40.801500     16.0790
   23.463400   40.801500     15.0114
   23.496700   40.801500     13.6040
   23.530000   40.801500     11.1239
   23.563300   40.801500      6.7496
   23.596600   40.801500      2.3201
   23.629900   40.801500     -0.4325
   23.663200   40.801500     -1.1618
   23.696500   40.801500     -0.2019
   23.729800   40.801500      0.6935
   23.763100   40.801500      0.8238
   23.796400   40.801500      1.7341
   23.829700   40.801500      3.0317
   23.863000   40.801500      2.8678
   23.896300   40.801500      2.2960
   23.929600   40.801500      3.6505
   23.962900   40.801500      7.1325
   23.996200   40.801500     13.3899
   24.029500   40.801500     20.8680
   24.062800   40.801500     25.4971
   24.096100   40.801500     20.9273
   24.129400   40.801500     16.3603
   24.162700   40.801500     14.7802
   24.196000   40.801500     16.7785
   24.229300   40.801500     18.2047
   24.262600   40.801500     17.2748
   24.295900   40.801500     11.5963
   24.329200   40.801500      2.7482
   24.362500   40.801500     -7.6010
   24.395800   40.801500    -15.3563
   24.429100   40.801500    -18.7752
   24.462400   40.801500    -20.8459
   24.495700   40.801500    -21.7796
   24.529000   40.801500    -17.0859
   24.562300   40.801500     -6.0601
   24.595600   40.801500      5.6343
   24.628900   40.801500     13.1067
   24.662200   40.801500     16.5640
   24.695500   40.801500     17.6174
   24.728800   40.801500     14.3534
   24.762100   40.801500      4.8863
   24.795400   40.801500     -6.3725
   24.828700   40.801500    -13.4333
   24.862000   40.801500    -16.0698
   24.895300   40.801500    -16.7626
   24.928600   40.801500    -15.8029
   24.961900   40.801500    -13.8435
   24.995200   40.801500    -12.6593
   25.028500   40.801500    -11.3925
   25.061800   40.801500     -7.9224
   25.095100   40.801500     -2.6027
   25.128400   40.801500      2.4934
   25.161700   40.801500      5.6862
   25.195000   40.801500      6.6845
   25.228300   40.801500      6.3539
   25.261600   40.801500      5.1204
   25.294900   40.801500      2.5510
   25.328200   40.801500     -1.7718
   25.361500   40.801500     -8.0914
   25.394800   40.801500    -16.0051
   25.428100   40.801500    -23.5783
   25.461400   40.801500    -27.8782
   25.494700   40.801500    -26.9330
   25.528000   40.801500    -21.7193
   25.561300   40.801500    -15.1134
   25.594600   40.801500     -7.3690
   20.200000   40.768200    -17.8225
   20.233300   40.768200     -0.9210
   20.266600   40.768200      6.0276
   20.299900   40.768200      6.3916
   20.333200   40.768200      2.8636
   20.366500   40.768200      0.9439
   20.399800   40.768200     -3.3315
   20.433100   40.768200    -10.4277
   20.466400   40.768200    -16.0412
   20.499700   40.768200    -19.0584
   20.533000   40.768200     -7.6103
   20.566300   40.768200      6.9958
   20.599600   40.768200     10.2822
   20.632900   40.768200      3.0177
   20.666200   40.768200     -2.8298
   20.699500   40.768200     -1.5099
   20.732800   40.768200      6.3501
   20.766100   40.768200     14.6493
   20.799400   40.768200     17.8455
   20.832700   40.768200     10.9468
   20.866000   40.768200      3.3542
   20.899300   40.768200     -1.7153
   20.932600   40.768200     -2.9407
   20.965900   40.768200     -2.7984
   20.999200   40.768200     -2.3785
   21.032500   40.768200      0.1040
   21.065800   40.768200      3.4178
   21.099100   40.768200      4.1424
   21.132400   40.768200      1.2242
   21.165700   40.768200     -1.6993
   21.199000   40.768200      0.5003
   21.232300   40.768200      9.2711
   21.265600   40.768200     19.3001
   21.298900   40.768200     27.3404
   21.332200   40.768200     21.7388
   21.365500   40.768200     11.2820
   21.398800   40.768200     10.0083
   21.432100   40.768200     12.3637
   21.465400   40.768200      3.9308
   21.498700   40.768200    -10.5615
   21.532000   40.768200    -14.5201
   21.565300   40.768200     -4.0667
   21.598600   40.768200      6.2387
   21.631900   40.768200      3.5975
   21.665200   40.768200     -4.5817
   21.698500   40.768200    -11.5727
   21.731800   40.768200    -12.5984
   21.765100   40.768200    -12.0513
   21.798400   40.768200     -5.5767
   21.831700   40.768200      4.7879
   21.865000   40.768200     10.9575
   21.898300   40.768200      5.4448
   21.931600   40.768200     -5.1038
   21.964900   40.768200    -10.6126
   21.998200   40.768200    -10.2290
   22.031500   40.768200     -4.6262
   22.064800   40.768200      1.4053
   22.098100   40.768200      6.2392
   22.131400   40.768200      7.5724
   22.164700   40.768200      3.9494
   22.198000   40.768200      4.8338
   22.231300   40.768200     14.5027
   22.264600   40.768200     23.1429
   22.297900   40.768200     22.7589
   22.331200   40.768200     16.9041
   22.364500   40.768200      9.3939
   22.397800   40.768200      1.5417
   22.431100   40.768200     -2.4689
   22.464400   40.768200     -2.1527
   22.497700   40.768200     -3.1610
   22.531000   40.768200     -5.4486
   22.564300   40.768200     -3.3800
   22.597600   40.768200      2.2773
   22.630900   40.768200      4.9884
   22.664200   40.768200      4.3467
   22.697500   40.768200      5.6084
   22.730800   40.768200     10.7287
   22.764100   40.768200     17.8005
   22.797400   40.768200     22.3850
   22.830700   40.768200     18.9179
   22.864000   40.768200     10.3638
   22.897300   40.768200      6.4965
   22.930600   40.768200      6.5434
   22.963900   40.768200      2.1550
   22.997200   40.768200     -8.3833
   23.030500   40.768200    -15.9927
   23.063800   40.768200    -18.1722
   23.097100   40.768200    -19.6075
   23.130400   40.768200    -19.8330
   23.163700   40.768200    -16.3831
   23.197000   40.768200    -12.4324
   23.230300   40.768200     -9.6073
   23.263600   40.768200     -6.6013
   23.296900   40.768200     -3.5371
   23.330200   40.768200      0.1988
   23.363500   40.768200      6.0422
   23.396800   40.768200     12.7157
   23.430100   40.768200     18.2952
   23.463400   40.768200     21.8441
   23.496700   40.768200     22.1093
   23.530000   40.768200     16.8329
   23.563300   40.768200      8.7120
   23.596600   40.768200      3.0065
   23.629900   40.768200     -0.2855
   23.663200   40.768200     -3.1305
   23.696500   40.768200     -4.5064
   23.729800   40.768200     -2.5358
   23.763100   40.768200      0.4465
   23.796400   40.768200     -0.5248
   23.829700   40.768200     -4.4330
   23.863000   40.768200     -6.6285
   23.896300   40.768200     -6.1443
   23.929600   40.768200     -4.5449
   23.962900   40.768200     -1.1172
   23.996200   40.768200      5.4235
   24.029500   40.768200     11.1634
   24.062800   40.768200     11.5794
   24.096100   40.768200      8.0377
   24.129400   40.768200      6.8835
   24.162700   40.768200      9.1025
   24.196000   40.768200     11.4229
   24.229300   40.768200     10.2354
   24.262600   40.768200      5.3823
   24.295900   40.768200     -2.0857
   24.329200   40.768200    -10.2951
   24.362500   40.768200    -16.4896
   24.395800   40.768200    -18.9633
   24.429100   40.768200    -19.3806
   24.462400   40.768200    -18.1140
   24.495700   40.768200    -11.0685
   24.529000   40.768200      2.5028
   24.562300   40.768200     16.3555
   24.595600   40.768200     23.6179
   24.628900   40.768200     21.3395
   24.662200   40.768200     13.5738
   24.695500   40.768200     11.9543
   24.728800   40.768200     16.0496
   24.762100   40.768200     14.4784
   24.795400   40.768200      1.2411
   24.828700   40.768200    -12.4340
   24.862000   40.768200    -18.1357
   24.895300   40.768200    -20.0320
   24.928600   40.768200    -20.9425
   24.961900   40.768200    -18.8726
   24.995200   40.768200    -14.6351
   25.028500   40.768200     -9.6990
   25.061800   40.768200     -3.4884
   25.095100   40.768200      2.9042
   25.128400   40.768200      6.8615
   25.161700   40.768200      7.3224
   25.195000   40.768200      5.3007
   25.228300   40.768200      2.6058
   25.261600   40.768200      0.3192
   25.294900   40.768200     -1.7340
   25.328200   40.768200     -4.2523
   25.361500   40.768200     -8.0250
   25.394800   40.768200    -13.5850
   25.428100   40.768200    -20.3133
   25.461400   40.768200    -26.0789
   25.494700   40.768200    -28.3042
   25.528000   40.768200    -26.5179
   25.561300   40.768200    -22.2995
   25.594600   40.768200    -15.2726
   20.200000   40.734900    -49.7573
   20.233300   40.734900     -8.4434
   20.266600   40.734900      8.4356
   20.299900   40.734900      7.9094
   20.333200   40.734900      6.3976
   20.366500   40.734900      2.3760
   20.399800   40.734900      1.5298
   20.433100   40.734900     -1.6934
   20.466400   40.734900     -4.3631
   20.499700   40.734900     -2.9263
   20.533000   40.734900      7.9850
   20.566300   40.734900     22.3324
   20.599600   40.734900     24.6423
   20.632900   40.734900     18.6630
   20.666200   40.734900      8.7870
   20.699500   40.734900     -1.1769
   20.732800   40.734900     -5.8865
   20.766100   40.734900      0.4617
   20.799400   40.734900     13.3029
   20.832700   40.734900     18.5375
   20.866000   40.734900     10.3662
   20.899300   40.734900      0.4929
   20.932600   40.734900     -1.7259
   20.965900   40.734900      1.5898
   20.999200   40.734900      3.5973
   21.032500   40.734900      3.0779
   21.065800   40.734900      0.5952
   21.099100   40.734900     -0.6593
   21.132400   40.734900      2.2433
   21.165700   40.734900      7.5996
   21.199000   40.734900     17.7487
   21.232300   40.734900     23.2726
   21.265600   40.734900     26.9158
   21.298900   40.734900     25.6315
   21.332200   40.734900     12.7419
   21.365500   40.734900      6.3745
   21.398800   40.734900     11.9164
   21.432100   40.734900     20.1928
   21.465400   40.734900     13.4881
   21.498700   40.734900     -3.3821
   21.532000   40.734900     -9.1855
   21.565300   40.734900     -0.7332
   21.598600   40.734900      6.5750
   21.631900   40.734900      2.0533
   21.665200   40.734900     -6.3693
   21.698500   40.734900     -9.2721
   21.731800   40.734900     -7.5563
   21.765100   40.734900     -8.1907
   21.798400   40.734900     -7.8232
   21.831700   40.734900     -1.8200
   21.865000   40.734900      4.5670
   21.898300   40.734900      4.5185
   21.931600   40.734900      0.8282
   21.964900   40.734900     -2.4193
   21.998200   40.734900     -3.3301
   22.031500   40.734900     -1.7128
   22.064800   40.734900      3.2569
   22.098100   40.734900      9.1005
   22.131400   40.734900      5.2689
   22.164700   40.734900    -10.8102
   22.198000   40.734900    -19.6020
   22.231300   40.734900     -6.7729
   22.264600   40.734900     14.2322
   22.297900   40.734900     23.9490
   22.331200   40.734900     21.4364
   22.364500   40.734900     13.8716
   22.397800   40.734900      5.2649
   22.431100   40.734900     -0.3397
   22.464400   40.734900     -1.5701
   22.497700   40.734900     -2.5868
   22.531000   40.734900     -5.1972
   22.564300   40.734900     -6.4191
   22.597600   40.734900     -5.0921
   22.630900   40.734900     -2.8227
   22.664200   40.734900      0.0896
   22.697500   40.734900      4.3735
   22.730800   40.734900     10.4744
   22.764100   40.734900     18.2173
   22.797400   40.734900     25.2640
   22.830700   40.734900     28.0681
   22.864000   40.734900     24.7235
   22.897300   40.734900     19.7956
   22.930600   40.734900     16.4780
   22.963900   40.734900     10.2914
   22.997200   40.734900      0.4955
   23.030500   40.734900     -9.0152
   23.063800   40.734900    -13.9455
   23.097100   40.734900    -16.6652
   23.130400   40.734900    -17.7684
   23.163700   40.734900    -15.1994
   23.197000   40.734900    -11.5751
   23.230300   40.734900     -9.3859
   23.263600   40.734900     -7.8056
   23.296900   40.734900     -6.4141
   23.330200   40.734900     -4.2342
   23.363500   40.734900      1.7322
   23.396800   40.734900     10.6013
   23.430100   40.734900     18.7422
   23.463400   40.734900     26.8039
   23.496700   40.734900     31.4426
   23.530000   40.734900     28.5981
   23.563300   40.734900     17.1888
   23.596600   40.734900      5.0805
   23.629900   40.734900     -1.8464
   23.663200   40.734900     -6.6679
   23.696500   40.734900     -8.4152
   23.729800   40.734900     -4.4479
   23.763100   40.734900     -1.4170
   23.796400   40.734900     -5.3415
   23.829700   40.734900    -12.3282
   23.863000   40.734900    -14.8794
   23.896300   40.734900    -11.5149
   23.929600   40.734900     -5.7982
   23.962900   40.734900     -0.4371
   23.996200   40.734900      3.5711
   24.029500   40.734900      5.0645
   24.062800   40.734900      4.3516
   24.096100   40.734900      3.3687
   24.129400   40.734900      3.9045
   24.162700   40.734900      4.2796
   24.196000   40.734900      2.6182
   24.229300   40.734900     -0.9691
   24.262600   40.734900     -5.6110
   24.295900   40.734900    -10.2930
   24.329200   40.734900    -14.0260
   24.362500   40.734900    -15.9139
   24.395800   40.734900    -16.1522
   24.429100   40.734900    -14.9603
   24.462400   40.734900     -8.8184
   24.495700   40.734900      4.0921
   24.529000   40.734900     16.8304
   24.562300   40.734900     22.9788
   24.595600   40.734900     24.2573
   24.628900   40.734900     14.7606
   24.662200   40.734900      0.6741
   24.695500   40.734900     -9.4161
   24.728800   40.734900     -1.8862
   24.762100   40.734900     14.5071
   24.795400   40.734900     10.1521
   24.828700   40.734900     -7.0695
   24.862000   40.734900    -16.8141
   24.895300   40.734900    -19.3276
   24.928600   40.734900    -21.2527
   24.961900   40.734900    -19.9632
   24.995200   40.734900    -14.0636
   25.028500   40.734900     -7.0853
   25.061800   40.734900     -0.7528
   25.095100   40.734900      4.3094
   25.128400   40.734900      6.3086
   25.161700   40.734900      4.4199
   25.195000   40.734900      0.3475
   25.228300   40.734900     -3.1657
   25.261600   40.734900     -4.5128
   25.294900   40.734900     -3.9650
   25.328200   40.734900     -2.9094
   25.361500   40.734900     -3.0533
   25.394800   40.734900     -5.5941
   25.428100   40.734900    -10.4184
   25.461400   40.734900    -15.8853
   25.494700   40.734900    -19.2113
   25.528000   40.734900    -19.1011
   25.561300   40.734900    -16.6641
   25.594600   40.734900    -11.6863
   20.200000   40.701600    -47.0374
   20.233300   40.701600     -6.6608
   20.266600   40.701600      9.7280
   20.299900   40.701600      7.2219
   20.333200   40.701600      1.6844
   20.366500   40.701600     -2.3485
   20.399800   40.701600     -2.3601
   20.433100   40.701600      1.5492
   20.466400   40.701600      7.1072
   20.499700   40.701600     13.6247
   20.533000   40.701600     16.2347
   20.566300   40.701600     16.5410
   20.599600   40.701600     17.3107
   20.632900   40.701600     19.7381
   20.666200   40.701600     13.3216
   20.699500   40.701600     -2.8099
   20.732800   40.701600    -23.2611
   20.766100   40.701600    -26.0668
   20.799400   40.701600     -8.7863
   20.832700   40.701600      7.4223
   20.866000   40.701600      6.2240
   20.899300   40.701600     -4.9694
   20.932600   40.701600    -10.4280
   20.965900   40.701600     -6.0926
   20.999200   40.701600     -0.7972
   21.032500   40.701600     -0.0196
   21.065800   40.701600     -3.7423
   21.099100   40.701600     -5.4760
   21.132400   40.701600     -5.1971
   21.165700   40.701600     -3.6033
   21.199000   40.701600     -3.2829
   21.232300   40.701600     -3.1682
   21.265600   40.701600     -4.8510
   21.298900   40.701600     -8.2026
   21.332200   40.701600    -13.1312
   21.365500   40.701600    -16.2507
   21.398800   40.701600     -6.1076
   21.432100   40.701600      7.6821
   21.465400   40.701600      9.0610
   21.498700   40.701600     -1.8972
   21.532000   40.701600     -7.7500
   21.565300   40.701600     -3.0749
   21.598600   40.701600     -0.0580
   21.631900   40.701600     -5.3994
   21.665200   40.701600    -10.5355
   21.698500   40.701600     -5.5950
   21.731800   40.701600      1.9904
   21.765100   40.701600      2.2906
   21.798400   40.701600     -2.0420
   21.831700   40.701600     -3.1030
   21.865000   40.701600     -0.4567
   21.898300   40.701600      1.8824
   21.931600   40.701600      3.2185
   21.964900   40.701600      3.8980
   21.998200   40.701600      3.3634
   22.031500   40.701600      1.8064
   22.064800   40.701600      4.1463
   22.098100   40.701600      8.3596
   22.131400   40.701600      1.3993
   22.164700   40.701600    -17.5241
   22.198000   40.701600    -26.6352
   22.231300   40.701600    -11.9865
   22.264600   40.701600     10.9797
   22.297900   40.701600     21.7491
   22.331200   40.701600     19.3336
   22.364500   40.701600     11.7986
   22.397800   40.701600      3.9744
   22.431100   40.701600     -1.3994
   22.464400   40.701600     -3.4684
   22.497700   40.701600     -3.8852
   22.531000   40.701600     -4.5718
   22.564300   40.701600     -6.8562
   22.597600   40.701600     -9.4986
   22.630900   40.701600     -8.7786
   22.664200   40.701600     -4.1129
   22.697500   40.701600      1.2383
   22.730800   40.701600      6.3302
   22.764100   40.701600     12.4854
   22.797400   40.701600     19.5815
   22.830700   40.701600     25.8355
   22.864000   40.701600     27.9744
   22.897300   40.701600     25.1654
   22.930600   40.701600     21.5463
   22.963900   40.701600     17.4099
   22.997200   40.701600      8.7459
   23.030500   40.701600     -1.7960
   23.063800   40.701600     -8.8670
   23.097100   40.701600    -13.5607
   23.130400   40.701600    -17.3365
   23.163700   40.701600    -16.8274
   23.197000   40.701600    -13.2678
   23.230300   40.701600    -10.2728
   23.263600   40.701600     -8.7240
   23.296900   40.701600     -9.8601
   23.330200   40.701600    -11.9409
   23.363500   40.701600     -7.2642
   23.396800   40.701600      3.5996
   23.430100   40.701600     12.0170
   23.463400   40.701600     17.6542
   23.496700   40.701600     25.2271
   23.530000   40.701600     25.2229
   23.563300   40.701600     17.3907
   23.596600   40.701600      6.0737
   23.629900   40.701600     -0.7604
   23.663200   40.701600     -1.6906
   23.696500   40.701600     -0.3145
   23.729800   40.701600     -0.0746
   23.763100   40.701600     -3.8360
   23.796400   40.701600    -10.8567
   23.829700   40.701600    -16.3275
   23.863000   40.701600    -17.4464
   23.896300   40.701600    -15.1055
   23.929600   40.701600    -10.4665
   23.962900   40.701600     -4.2683
   23.996200   40.701600      1.4436
   24.029500   40.701600      4.3863
   24.062800   40.701600      4.3750
   24.096100   40.701600      2.5580
   24.129400   40.701600     -0.7569
   24.162700   40.701600     -4.9359
   24.196000   40.701600     -7.8710
   24.229300   40.701600     -8.4211
   24.262600   40.701600     -7.5683
   24.295900   40.701600     -7.1213
   24.329200   40.701600     -8.2445
   24.362500   40.701600    -10.3108
   24.395800   40.701600    -11.5466
   24.429100   40.701600     -9.2133
   24.462400   40.701600      0.0713
   24.495700   40.701600     11.9743
   24.529000   40.701600     15.2081
   24.562300   40.701600     11.4757
   24.595600   40.701600     11.2723
   24.628900   40.701600      9.1548
   24.662200   40.701600     -5.1579
   24.695500   40.701600    -14.4190
   24.728800   40.701600    -11.3011
   24.762100   40.701600     12.0727
   24.795400   40.701600     16.8399
   24.828700   40.701600     -0.8110
   24.862000   40.701600    -13.8516
   24.895300   40.701600    -17.6526
   24.928600   40.701600    -20.7890
   24.961900   40.701600    -21.3174
   24.995200   40.701600    -15.9349
   25.028500   40.701600     -8.6302
   25.061800   40.701600     -2.6732
   25.095100   40.701600      1.3350
   25.128400   40.701600      1.9370
   25.161700   40.701600     -1.2895
   25.195000   40.701600     -5.3337
   25.228300   40.701600     -6.7977
   25.261600   40.701600     -5.1104
   25.294900   40.701600     -1.6328
   25.328200   40.701600      2.0997
   25.361500   40.701600      4.1405
   25.394800   40.701600      2.9203
   25.428100   40.701600     -1.3630
   25.461400   40.701600     -6.9127
   25.494700   40.701600    -10.7064
   25.528000   40.701600    -11.1495
   25.561300   40.701600     -9.5183
   25.594600   40.701600     -5.6755
   20.200000   40.668300    -15.2907
   20.233300   40.668300      5.3837
   20.266600   40.668300      9.2584
   20.299900   40.668300      3.1718
   20.333200   40.668300     -2.6905
   20.366500   40.668300     -8.2557
   20.399800   40.668300    -12.0553
   20.433100   40.668300     -9.4516
   20.466400   40.668300      0.6824
   20.499700   40.668300      8.8954
   20.533000   40.668300      7.9816
   20.566300   40.668300      3.5076
   20.599600   40.668300      3.2369
   20.632900   40.668300      7.7031
   20.666200   40.668300      8.3983
   20.699500   40.668300     -3.3142
   20.732800   40.668300    -20.6086
   20.766100   40.668300    -22.3544
   20.799400   40.668300     -5.3628
   20.832700   40.668300      8.9837
   20.866000   40.668300      5.1599
   20.899300   40.668300     -7.2611
   20.932600   40.668300    -18.2643
   20.965900   40.668300    -18.7718
   20.999200   40.668300    -13.4718
   21.032500   40.668300     -9.9659
   21.065800   40.668300     -8.9705
   21.099100   40.668300     -8.4896
   21.132400   40.668300     -7.2524
   21.165700   40.668300     -8.9613
   21.199000   40.668300    -15.6225
   21.232300   40.668300    -21.7234
   21.265600   40.668300    -20.7492
   21.298900   40.668300    -17.6056
   21.332200   40.668300    -22.5401
   21.365500   40.668300    -24.0431
   21.398800   40.668300    -18.5877
   21.432100   40.668300     -4.9038
   21.465400   40.668300      3.5286
   21.498700   40.668300      1.5201
   21.532000   40.668300     -3.5430
   21.565300   40.668300     -3.8997
   21.598600   40.668300     -2.8014
   21.631900   40.668300     -7.0393
   21.665200   40.668300     -9.9785
   21.698500   40.668300     -4.4834
   21.731800   40.668300      5.0383
   21.765100   40.668300      9.5885
   21.798400   40.668300      8.3827
   21.831700   40.668300      5.7125
   21.865000   40.668300      2.6858
   21.898300   40.668300      0.8768
   21.931600   40.668300      2.1122
   21.964900   40.668300      4.9362
   21.998200   40.668300      5.8445
   22.031500   40.668300      3.7098
   22.064800   40.668300      5.4417
   22.098100   40.668300     10.4007
   22.131400   40.668300      7.2670
   22.164700   40.668300     -4.3253
   22.198000   40.668300     -8.8323
   22.231300   40.668300      0.9449
   22.264600   40.668300     13.7803
   22.297900   40.668300     17.6371
   22.331200   40.668300     13.0303
   22.364500   40.668300      5.4222
   22.397800   40.668300     -1.3296
   22.431100   40.668300     -5.1511
   22.464400   40.668300     -6.2466
   22.497700   40.668300     -5.8024
   22.531000   40.668300     -5.4879
   22.564300   40.668300     -7.6755
   22.597600   40.668300    -10.9763
   22.630900   40.668300    -11.1414
   22.664200   40.668300     -8.6800
   22.697500   40.668300     -6.3728
   22.730800   40.668300     -2.7020
   22.764100   40.668300      3.1131
   22.797400   40.668300      8.8785
   22.830700   40.668300     14.5965
   22.864000   40.668300     19.5810
   22.897300   40.668300     22.7437
   22.930600   40.668300     27.5525
   22.963900   40.668300     30.5299
   22.997200   40.668300     22.0519
   23.030500   40.668300      9.4911
   23.063800   40.668300      0.7732
   23.097100   40.668300     -4.5634
   23.130400   40.668300    -10.3080
   23.163700   40.668300    -14.6094
   23.197000   40.668300    -16.8438
   23.230300   40.668300    -17.1901
   23.263600   40.668300    -14.9037
   23.296900   40.668300    -13.7644
   23.330200   40.668300    -15.4452
   23.363500   40.668300    -13.0876
   23.396800   40.668300     -5.7336
   23.430100   40.668300     -1.4131
   23.463400   40.668300     -0.5462
   23.496700   40.668300      2.9588
   23.530000   40.668300      7.0517
   23.563300   40.668300      5.5337
   23.596600   40.668300      0.5231
   23.629900   40.668300     -2.5643
   23.663200   40.668300     -3.0550
   23.696500   40.668300     -2.0430
   23.729800   40.668300     -1.3723
   23.763100   40.668300     -3.3207
   23.796400   40.668300     -7.0347
   23.829700   40.668300     -9.7248
   23.863000   40.668300    -10.9762
   23.896300   40.668300    -11.5814
   23.929600   40.668300    -11.2531
   23.962900   40.668300     -9.4422
   23.996200   40.668300     -6.9909
   24.029500   40.668300     -5.9693
   24.062800   40.668300     -7.3959
   24.096100   40.668300    -10.4196
   24.129400   40.668300    -13.8079
   24.162700   40.668300    -15.9673
   24.196000   40.668300    -15.0440
   24.229300   40.668300    -10.8009
   24.262600   40.668300     -5.1883
   24.295900   40.668300     -1.5793
   24.329200   40.668300     -2.3788
   24.362500   40.668300     -5.9184
   24.395800   40.668300     -7.7777
   24.429100   40.668300     -4.8967
   24.462400   40.668300      3.1230
   24.495700   40.668300     10.8584
   24.529000   40.668300      9.7880
   24.562300   40.668300      5.4093
   24.595600   40.668300      5.6311
   24.628900   40.668300      8.0917
   24.662200   40.668300      1.9024
   24.695500   40.668300     -6.5687
   24.728800   40.668300     -0.7899
   24.762100   40.668300     15.6860
   24.795400   40.668300     18.9338
   24.828700   40.668300      4.0797
   24.862000   40.668300     -9.5985
   24.895300   40.668300    -16.1697
   24.928600   40.668300    -21.4205
   24.961900   40.668300    -23.5996
   24.995200   40.668300    -19.7541
   25.028500   40.668300    -13.3102
   25.061800   40.668300     -7.3886
   25.095100   40.668300     -3.1643
   25.128400   40.668300     -2.5262
   25.161700   40.668300     -5.2334
   25.195000   40.668300     -7.3936
   25.228300   40.668300     -6.2731
   25.261600   40.668300     -2.7051
   25.294900   40.668300      1.7689
   25.328200   40.668300      6.0008
   25.361500   40.668300      7.6077
   25.394800   40.668300      5.1036
   25.428100   40.668300     -0.0024
   25.461400   40.668300     -5.3130
   25.494700   40.668300     -8.3744
   25.528000   40.668300     -8.0644
   25.561300   40.668300     -5.8859
   25.594600   40.668300     -1.2180
   20.200000   40.635000     12.1719
   20.233300   40.635000     14.5920
   20.266600   40.635000     11.5278
   20.299900   40.635000      3.7764
   20.333200   40.635000     -1.9237
   20.366500   40.635000     -7.4715
   20.399800   40.635000    -13.2886
   20.433100   40.635000    -13.8226
   20.466400   40.635000     -7.3300
   20.499700   40.635000      1.3231
   20.533000   40.635000      1.5488
   20.566300   40.635000     -1.7401
   20.599600   40.635000     -2.4394
   20.632900   40.635000      2.2047
   20.666200   40.635000      5.4107
   20.699500   40.635000      3.0319
   20.732800   40.635000     -1.0503
   20.766100   40.635000      3.9883
   20.799400   40.635000     14.6361
   20.832700   40.635000     15.4567
   20.866000   40.635000     10.1176
   20.899300   40.635000      0.3778
   20.932600   40.635000     -9.3264
   20.965900   40.635000    -12.5667
   20.999200   40.635000    -10.1188
   21.032500   40.635000     -7.3887
   21.065800   40.635000     -5.1140
   21.099100   40.635000     -0.8507
   21.132400   40.635000      2.8220
   21.165700   40.635000      1.9211
   21.199000   40.635000     -6.3013
   21.232300   40.635000    -10.7549
   21.265600   40.635000     -2.9374
   21.298900   40.635000      5.5547
   21.332200   40.635000      1.5491
   21.365500   40.635000     -8.2391
   21.398800   40.635000    -10.0136
   21.432100   40.635000     -2.6241
   21.465400   40.635000      5.7785
   21.498700   40.635000      6.3092
   21.532000   40.635000     -0.9740
   21.565300   40.635000     -3.6595
   21.598600   40.635000     -1.6676
   21.631900   40.635000     -2.9674
   21.665200   40.635000     -6.4118
   21.698500   40.635000     -4.5460
   21.731800   40.635000      3.6722
   21.765100   40.635000     11.9232
   21.798400   40.635000     12.7625
   21.831700   40.635000      8.6769
   21.865000   40.635000     -0.2578
   21.898300   40.635000     -4.7638
   21.931600   40.635000     -3.5624
   21.964900   40.635000     -0.7833
   21.998200   40.635000     -0.9900
   22.031500   40.635000     -5.6828
   22.064800   40.635000     -7.0168
   22.098100   40.635000     -0.6662
   22.131400   40.635000      3.3277
   22.164700   40.635000      0.7510
   22.198000   40.635000     -1.1318
   22.231300   40.635000      2.2598
   22.264600   40.635000      7.4419
   22.297900   40.635000      9.0588
   22.331200   40.635000      5.3147
   22.364500   40.635000     -1.9395
   22.397800   40.635000     -8.6275
   22.431100   40.635000    -11.5518
   22.464400   40.635000    -10.7606
   22.497700   40.635000     -8.3671
   22.531000   40.635000     -6.9249
   22.564300   40.635000     -8.2371
   22.597600   40.635000    -11.0840
   22.630900   40.635000    -13.3617
   22.664200   40.635000    -15.1291
   22.697500   40.635000    -14.7725
   22.730800   40.635000     -9.6180
   22.764100   40.635000     -3.0292
   22.797400   40.635000      1.1339
   22.830700   40.635000      6.3101
   22.864000   40.635000     13.5809
   22.897300   40.635000     19.9647
   22.930600   40.635000     28.2767
   22.963900   40.635000     35.3428
   22.997200   40.635000     31.3637
   23.030500   40.635000     22.4562
   23.063800   40.635000     15.5794
   23.097100   40.635000      9.9447
   23.130400   40.635000      3.8066
   23.163700   40.635000     -2.2053
   23.197000   40.635000     -9.2568
   23.230300   40.635000    -13.5667
   23.263600   40.635000    -11.2207
   23.296900   40.635000     -8.6587
   23.330200   40.635000    -10.0057
   23.363500   40.635000    -10.7089
   23.396800   40.635000     -7.9239
   23.430100   40.635000     -3.8048
   23.463400   40.635000     -0.4228
   23.496700   40.635000      2.0995
   23.530000   40.635000      2.4566
   23.563300   40.635000      0.6457
   23.596600   40.635000     -2.2326
   23.629900   40.635000     -6.5575
   23.663200   40.635000    -10.3992
   23.696500   40.635000    -11.2821
   23.729800   40.635000     -6.4719
   23.763100   40.635000     -0.6950
   23.796400   40.635000      2.5837
   23.829700   40.635000      2.2147
   23.863000   40.635000     -1.5743
   23.896300   40.635000     -6.1931
   23.929600   40.635000     -8.9478
   23.962900   40.635000    -10.1511
   23.996200   40.635000    -11.2198
   24.029500   40.635000    -12.8724
   24.062800   40.635000    -14.8583
   24.096100   40.635000    -16.2317
   24.129400   40.635000    -16.4801
   24.162700   40.635000    -15.2811
   24.196000   40.635000    -12.0475
   24.229300   40.635000     -6.8687
   24.262600   40.635000     -1.1766
   24.295900   40.635000      2.1176
   24.329200   40.635000      0.5660
   24.362500   40.635000     -3.8790
   24.395800   40.635000     -5.8811
   24.429100   40.635000     -3.4211
   24.462400   40.635000      1.6312
   24.495700   40.635000      7.8346
   24.529000   40.635000     13.4555
   24.562300   40.635000     15.8777
   24.595600   40.635000     13.1305
   24.628900   40.635000     10.2143
   24.662200   40.635000      8.8285
   24.695500   40.635000      8.5416
   24.728800   40.635000     11.7916
   24.762100   40.635000     18.6666
   24.795400   40.635000     19.2954
   24.828700   40.635000      8.5650
   24.862000   40.635000     -4.1393
   24.895300   40.635000    -13.4786
   24.928600   40.635000    -20.0039
   24.961900   40.635000    -22.1263
   24.995200   40.635000    -19.1350
   25.028500   40.635000    -13.8724
   25.061800   40.635000     -8.4426
   25.095100   40.635000     -4.0285
   25.128400   40.635000     -2.2396
   25.161700   40.635000     -2.5199
   25.195000   40.635000     -2.0836
   25.228300   40.635000      0.1668
   25.261600   40.635000      3.1272
   25.294900   40.635000      5.8774
   25.328200   40.635000      7.4036
   25.361500   40.635000      5.7507
   25.394800   40.635000      0.8887
   25.428100   40.635000     -4.7635
   25.461400   40.635000     -9.4831
   25.494700   40.635000    -11.8793
   25.528000   40.635000    -11.1920
   25.561300   40.635000     -8.9618
   25.594600   40.635000     -3.7755
   20.200000   40.601700     19.4147
   20.233300   40.601700     12.9790
   20.266600   40.601700     12.6277
   20.299900   40.601700      7.8691
   20.333200   40.601700      2.5178
   20.366500   40.601700     -3.9311
   20.399800   40.601700     -9.8091
   20.433100   40.601700     -9.4063
   20.466400   40.601700     -2.8137
   20.499700   40.601700      2.8289
   20.533000   40.601700      0.9105
   20.566300   40.601700     -4.8277
   20.599600   40.601700     -7.7417
   20.632900   40.601700     -4.7170
   20.666200   40.601700      0.8136
   20.699500   40.601700      4.6873
   20.732800   40.601700      7.3998
   20.766100   40.601700     10.8900
   20.799400   40.601700     12.6741
   20.832700   40.601700     10.9731
   20.866000   40.601700      9.8764
   20.899300   40.601700      8.6136
   20.932600   40.601700      4.9183
   20.965900   40.601700      1.4006
   20.999200   40.601700      1.1876
   21.032500   40.601700      1.1107
   21.065800   40.601700      0.2759
   21.099100   40.601700      1.2304
   21.132400   40.601700      3.9327
   21.165700   40.601700      2.1027
   21.199000   40.601700     -5.9539
   21.232300   40.601700     -7.5286
   21.265600   40.601700      3.1384
   21.298900   40.601700     18.6062
   21.332200   40.601700     16.8009
   21.365500   40.601700      6.4299
   21.398800   40.601700      0.0891
   21.432100   40.601700      5.0253
   21.465400   40.601700     10.9494
   21.498700   40.601700      8.5257
   21.532000   40.601700      0.7693
   21.565300   40.601700     -1.0752
   21.598600   40.601700      2.7458
   21.631900   40.601700      1.5732
   21.665200   40.601700     -4.1916
   21.698500   40.601700     -6.0162
   21.731800   40.601700      0.3991
   21.765100   40.601700      8.3991
   21.798400   40.601700      9.0337
   21.831700   40.601700     -0.1229
   21.865000   40.601700    -10.3551
   21.898300   40.601700    -13.0286
   21.931600   40.601700     -7.4888
   21.964900   40.601700     -0.9409
   21.998200   40.601700     -0.8411
   22.031500   40.601700     -9.4421
   22.064800   40.601700    -16.5927
   22.098100   40.601700    -14.6433
   22.131400   40.601700    -10.4020
   22.164700   40.601700     -7.9032
   22.198000   40.601700     -7.3779
   22.231300   40.601700     -5.3221
   22.264600   40.601700     -0.4698
   22.297900   40.601700      3.4688
   22.331200   40.601700      1.8760
   22.364500   40.601700     -4.2952
   22.397800   40.601700    -10.0814
   22.431100   40.601700    -12.5279
   22.464400   40.601700    -11.8790
   22.497700   40.601700     -9.6715
   22.531000   40.601700     -8.1669
   22.564300   40.601700     -9.3612
   22.597600   40.601700    -12.7147
   22.630900   40.601700    -15.6006
   22.664200   40.601700    -15.4798
   22.697500   40.601700    -11.0602
   22.730800   40.601700     -4.5731
   22.764100   40.601700     -1.0330
   22.797400   40.601700     -0.0019
   22.830700   40.601700      4.5411
   22.864000   40.601700     11.9157
   22.897300   40.601700     16.8654
   22.930600   40.601700     20.8283
   22.963900   40.601700     24.1289
   22.997200   40.601700     24.9689
   23.030500   40.601700     27.3910
   23.063800   40.601700     27.9367
   23.097100   40.601700     21.1603
   23.130400   40.601700     14.5135
   23.163700   40.601700      8.7483
   23.197000   40.601700      0.7217
   23.230300   40.601700     -5.8798
   23.263600   40.601700     -5.5462
   23.296900   40.601700     -4.6545
   23.330200   40.601700     -6.8728
   23.363500   40.601700     -7.6468
   23.396800   40.601700     -5.4627
   23.430100   40.601700     -0.8262
   23.463400   40.601700      5.1673
   23.496700   40.601700      9.3315
   23.530000   40.601700      8.8687
   23.563300   40.601700      6.8279
   23.596600   40.601700      3.5635
   23.629900   40.601700     -3.1603
   23.663200   40.601700     -9.4311
   23.696500   40.601700    -10.0135
   23.729800   40.601700     -4.6767
   23.763100   40.601700     -0.2058
   23.796400   40.601700      3.8131
   23.829700   40.601700      7.1148
   23.863000   40.601700      4.7217
   23.896300   40.601700     -2.4513
   23.929600   40.601700     -7.9574
   23.962900   40.601700    -10.0135
   23.996200   40.601700    -10.9696
   24.029500   40.601700    -11.8336
   24.062800   40.601700    -12.2532
   24.096100   40.601700    -12.4649
   24.129400   40.601700    -12.9594
   24.162700   40.601700    -12.9697
   24.196000   40.601700    -11.0384
   24.229300   40.601700     -7.0662
   24.262600   40.601700     -2.5449
   24.295900   40.601700      0.1342
   24.329200   40.601700     -1.2770
   24.362500   40.601700     -5.8499
   24.395800   40.601700     -8.5691
   24.429100   40.601700     -6.6065
   24.462400   40.601700     -2.0847
   24.495700   40.601700      4.8413
   24.529000   40.601700     16.2765
   24.562300   40.601700     25.8054
   24.595600   40.601700     24.0146
   24.628900   40.601700     17.1338
   24.662200   40.601700     17.4714
   24.695500   40.601700     22.5513
   24.728800   40.601700     25.6037
   24.762100   40.601700     24.1362
   24.795400   40.601700     19.0324
   24.828700   40.601700      9.6483
   24.862000   40.601700     -1.3116
   24.895300   40.601700    -10.3583
   24.928600   40.601700    -15.7171
   24.961900   40.601700    -16.3195
   24.995200   40.601700    -13.0368
   25.028500   40.601700     -8.4861
   25.061800   40.601700     -4.0449
   25.095100   40.601700     -0.0248
   25.128400   40.601700      2.7127
   25.161700   40.601700      3.9434
   25.195000   40.601700      4.8573
   25.228300   40.601700      6.4148
   25.261600   40.601700      8.1654
   25.294900   40.601700      8.6197
   25.328200   40.601700      6.5905
   25.361500   40.601700      2.1126
   25.394800   40.601700     -3.6945
   25.428100   40.601700     -9.9078
   25.461400   40.601700    -15.9796
   25.494700   40.601700    -20.2026
   25.528000   40.601700    -21.5862
   25.561300   40.601700    -21.5091
   25.594600   40.601700    -17.5696
   20.200000   40.568400     10.6480
   20.233300   40.568400     11.6982
   20.266600   40.568400      8.1201
   20.299900   40.568400      4.4315
   20.333200   40.568400      2.3208
   20.366500   40.568400      0.3412
   20.399800   40.568400     -1.9213
   20.433100   40.568400     -1.9846
   20.466400   40.568400      1.5080
   20.499700   40.568400      4.9178
   20.533000   40.568400      1.3394
   20.566300   40.568400     -5.8932
   20.599600   40.568400    -12.7223
   20.632900   40.568400    -13.0443
   20.666200   40.568400     -7.6592
   20.699500   40.568400     -1.3857
   20.732800   40.568400      1.8700
   20.766100   40.568400      1.5664
   20.799400   40.568400      0.0283
   20.832700   40.568400      0.2359
   20.866000   40.568400      3.4160
   20.899300   40.568400      5.3795
   20.932600   40.568400      1.4392
   20.965900   40.568400     -2.6909
   20.999200   40.568400     -0.7833
   21.032500   40.568400      1.0653
   21.065800   40.568400     -3.1371
   21.099100   40.568400     -7.1000
   21.132400   40.568400     -5.4998
   21.165700   40.568400     -3.3433
   21.199000   40.568400     -6.5983
   21.232300   40.568400     -8.5627
   21.265600   40.568400     -2.9454
   21.298900   40.568400      7.8099
   21.332200   40.568400     10.4384
   21.365500   40.568400      6.1356
   21.398800   40.568400      6.3507
   21.432100   40.568400     12.4760
   21.465400   40.568400     12.0472
   21.498700   40.568400     10.2894
   21.532000   40.568400      7.6675
   21.565300   40.568400     11.4702
   21.598600   40.568400     14.7144
   21.631900   40.568400      8.6095
   21.665200   40.568400     -2.4430
   21.698500   40.568400     -8.4199
   21.731800   40.568400     -5.4877
   21.765100   40.568400      0.8046
   21.798400   40.568400      1.8388
   21.831700   40.568400     -4.1934
   21.865000   40.568400    -10.8327
   21.898300   40.568400    -10.7871
   21.931600   40.568400     -1.9309
   21.964900   40.568400      8.8140
   21.998200   40.568400      8.5564
   22.031500   40.568400     -1.4200
   22.064800   40.568400    -10.5350
   22.098100   40.568400    -10.9760
   22.131400   40.568400     -6.5937
   22.164700   40.568400     -4.9776
   22.198000   40.568400     -6.6415
   22.231300   40.568400     -7.3250
   22.264600   40.568400     -4.6169
   22.297900   40.568400     -0.9359
   22.331200   40.568400     -0.4081
   22.364500   40.568400     -2.9970
   22.397800   40.568400     -5.2373
   22.431100   40.568400     -5.7321
   22.464400   40.568400     -5.9908
   22.497700   40.568400     -6.9795
   22.531000   40.568400     -8.6655
   22.564300   40.568400    -11.5405
   22.597600   40.568400    -14.7434
   22.630900   40.568400    -14.8807
   22.664200   40.568400    -10.2113
   22.697500   40.568400     -4.3320
   22.730800   40.568400     -1.8602
   22.764100   40.568400     -2.4010
   22.797400   40.568400     -2.1324
   22.830700   40.568400      0.0029
   22.864000   40.568400      2.0671
   22.897300   40.568400      6.0091
   22.930600   40.568400     14.6012
   22.963900   40.568400     19.8047
   22.997200   40.568400     17.6914
   23.030500   40.568400     20.7229
   23.063800   40.568400     27.8190
   23.097100   40.568400     26.4762
   23.130400   40.568400     21.0331
   23.163700   40.568400     15.4269
   23.197000   40.568400      6.6958
   23.230300   40.568400     -2.7510
   23.263600   40.568400     -6.0439
   23.296900   40.568400     -6.5365
   23.330200   40.568400     -6.8182
   23.363500   40.568400     -4.3428
   23.396800   40.568400     -1.2355
   23.430100   40.568400      0.3383
   23.463400   40.568400      2.4843
   23.496700   40.568400      5.4658
   23.530000   40.568400      7.8098
   23.563300   40.568400      9.7687
   23.596600   40.568400      9.4224
   23.629900   40.568400      4.6114
   23.663200   40.568400      0.0758
   23.696500   40.568400     -0.1686
   23.729800   40.568400      0.9201
   23.763100   40.568400     -0.9192
   23.796400   40.568400     -0.3903
   23.829700   40.568400      4.7946
   23.863000   40.568400      6.9636
   23.896300   40.568400      1.7688
   23.929600   40.568400     -4.0328
   23.962900   40.568400     -6.3713
   23.996200   40.568400     -7.2954
   24.029500   40.568400     -8.4101
   24.062800   40.568400     -9.4629
   24.096100   40.568400    -10.5378
   24.129400   40.568400    -11.9673
   24.162700   40.568400    -13.0504
   24.196000   40.568400    -12.5168
   24.229300   40.568400    -10.2516
   24.262600   40.568400     -7.3231
   24.295900   40.568400     -4.9191
   24.329200   40.568400     -4.6429
   24.362500   40.568400     -7.6310
   24.395800   40.568400    -11.2513
   24.429100   40.568400    -11.2927
   24.462400   40.568400     -7.4841
   24.495700   40.568400     -0.7034
   24.529000   40.568400     10.5225
   24.562300   40.568400     22.9159
   24.595600   40.568400     28.8037
   24.628900   40.568400     29.2002
   24.662200   40.568400     30.4384
   24.695500   40.568400     30.9060
   24.728800   40.568400     26.1512
   24.762100   40.568400     17.7816
   24.795400   40.568400      9.2604
   24.828700   40.568400      1.5940
   24.862000   40.568400     -4.9452
   24.895300   40.568400     -9.5117
   24.928600   40.568400    -11.1015
   24.961900   40.568400     -9.2728
   24.995200   40.568400     -5.4141
   25.028500   40.568400     -1.9239
   25.061800   40.568400      0.8857
   25.095100   40.568400      4.1506
   25.128400   40.568400      7.0824
   25.161700   40.568400      8.1248
   25.195000   40.568400      7.9246
   25.228300   40.568400      8.0309
   25.261600   40.568400      8.0903
   25.294900   40.568400      6.7545
   25.328200   40.568400      4.4190
   25.361500   40.568400      1.6753
   25.394800   40.568400     -3.1937
   25.428100   40.568400    -10.8575
   25.461400   40.568400    -17.8120
   25.494700   40.568400    -20.2613
   25.528000   40.568400    -19.2566
   25.561300   40.568400    -18.2220
   25.594600   40.568400    -15.4010
   20.200000   40.535100      5.0172
   20.233300   40.535100      9.6121
   20.266600   40.535100      2.8887
   20.299900   40.535100     -3.8258
   20.333200   40.535100     -6.3110
   20.366500   40.535100     -0.3760
   20.399800   40.535100      0.6313
   20.433100   40.535100     -1.5298
   20.466400   40.535100     -3.7062
   20.499700   40.535100     -0.7570
   20.533000   40.535100      3.1984
   20.566300   40.535100      1.0078
   20.599600   40.535100     -6.8618
   20.632900   40.535100    -12.5718
   20.666200   40.535100    -10.9989
   20.699500   40.535100     -6.5549
   20.732800   40.535100     -2.2098
   20.766100   40.535100     -0.5975
   20.799400   40.535100     -0.4895
   20.832700   40.535100      0.0310
   20.866000   40.535100      0.5544
   20.899300   40.535100     -2.6065
   20.932600   40.535100    -10.0093
   20.965900   40.535100    -11.6487
   20.999200   40.535100     -3.1070
   21.032500   40.535100      3.4006
   21.065800   40.535100     -1.6887
   21.099100   40.535100    -10.7880
   21.132400   40.535100     -9.1066
   21.165700   40.535100      0.5337
   21.199000   40.535100      5.4974
   21.232300   40.535100      3.2345
   21.265600   40.535100     -0.9825
   21.298900   40.535100     -2.4155
   21.332200   40.535100     -0.9889
   21.365500   40.535100      2.7804
   21.398800   40.535100      7.9830
   21.432100   40.535100      8.4316
   21.465400   40.535100      3.3019
   21.498700   40.535100     -0.3874
   21.532000   40.535100      4.8297
   21.565300   40.535100     16.0295
   21.598600   40.535100     17.9688
   21.631900   40.535100      7.7065
   21.665200   40.535100     -4.4499
   21.698500   40.535100    -10.8474
   21.731800   40.535100     -9.6948
   21.765100   40.535100     -2.6306
   21.798400   40.535100      4.4997
   21.831700   40.535100      4.7839
   21.865000   40.535100      0.2988
   21.898300   40.535100     -0.7440
   21.931600   40.535100      5.8450
   21.964900   40.535100     12.5634
   21.998200   40.535100     10.2117
   22.031500   40.535100      2.0419
   22.064800   40.535100     -4.1180
   22.098100   40.535100     -0.2197
   22.131400   40.535100      4.3562
   22.164700   40.535100      2.2459
   22.198000   40.535100     -3.7694
   22.231300   40.535100     -5.7650
   22.264600   40.535100     -5.3175
   22.297900   40.535100     -4.9706
   22.331200   40.535100     -3.6521
   22.364500   40.535100     -1.6107
   22.397800   40.535100      0.1835
   22.431100   40.535100      1.7769
   22.464400   40.535100      1.4567
   22.497700   40.535100     -2.1536
   22.531000   40.535100     -7.5765
   22.564300   40.535100    -11.8886
   22.597600   40.535100    -13.7452
   22.630900   40.535100    -12.5257
   22.664200   40.535100     -8.7594
   22.697500   40.535100     -5.7813
   22.730800   40.535100     -4.9925
   22.764100   40.535100     -3.7890
   22.797400   40.535100     -2.1953
   22.830700   40.535100     -2.8427
   22.864000   40.535100     -4.9071
   22.897300   40.535100     -3.2668
   22.930600   40.535100      5.7288
   22.963900   40.535100     13.0198
   22.997200   40.535100      8.5510
   23.030500   40.535100      4.7738
   23.063800   40.535100     12.1314
   23.097100   40.535100     19.0069
   23.130400   40.535100     22.1356
   23.163700   40.535100     21.8382
   23.197000   40.535100     15.9463
   23.230300   40.535100      8.7116
   23.263600   40.535100      1.5770
   23.296900   40.535100     -3.6699
   23.330200   40.535100     -6.4935
   23.363500   40.535100     -5.0744
   23.396800   40.535100     -3.1286
   23.430100   40.535100     -3.5362
   23.463400   40.535100     -3.8278
   23.496700   40.535100     -2.9003
   23.530000   40.535100     -0.4237
   23.563300   40.535100      4.2316
   23.596600   40.535100      7.9064
   23.629900   40.535100      7.6079
   23.663200   40.535100      5.1106
   23.696500   40.535100      3.8706
   23.729800   40.535100      3.1574
   23.763100   40.535100      1.8454
   23.796400   40.535100      3.0923
   23.829700   40.535100      7.4224
   23.863000   40.535100      9.2575
   23.896300   40.535100      5.8604
   23.929600   40.535100      2.1616
   23.962900   40.535100      2.1533
   23.996200   40.535100      3.3557
   24.029500   40.535100      2.8245
   24.062800   40.535100      0.2547
   24.096100   40.535100     -2.9795
   24.129400   40.535100     -6.0840
   24.162700   40.535100     -8.9824
   24.196000   40.535100    -10.6492
   24.229300   40.535100    -10.2380
   24.262600   40.535100     -8.4768
   24.295900   40.535100     -6.0691
   24.329200   40.535100     -3.8498
   24.362500   40.535100     -4.2806
   24.395800   40.535100     -8.0141
   24.429100   40.535100    -11.6244
   24.462400   40.535100    -11.9065
   24.495700   40.535100     -8.0895
   24.529000   40.535100     -0.2097
   24.562300   40.535100      9.8750
   24.595600   40.535100     18.3248
   24.628900   40.535100     22.7034
   24.662200   40.535100     22.2521
   24.695500   40.535100     17.5661
   24.728800   40.535100     11.1302
   24.762100   40.535100      4.9240
   24.795400   40.535100     -0.6690
   24.828700   40.535100     -5.2863
   24.862000   40.535100     -8.2813
   24.895300   40.535100     -9.0074
   24.928600   40.535100     -7.1101
   24.961900   40.535100     -3.2901
   24.995200   40.535100      0.2850
   25.028500   40.535100      1.7144
   25.061800   40.535100      2.1602
   25.095100   40.535100      3.9265
   25.128400   40.535100      6.1820
   25.161700   40.535100      7.1392
   25.195000   40.535100      7.4653
   25.228300   40.535100      7.8215
   25.261600   40.535100      7.0764
   25.294900   40.535100      5.5022
   25.328200   40.535100      5.4159
   25.361500   40.535100      5.9792
   25.394800   40.535100      3.2267
   25.428100   40.535100     -1.5771
   25.461400   40.535100     -2.0854
   25.494700   40.535100      3.0280
   25.528000   40.535100      8.5193
   25.561300   40.535100     10.7073
   25.594600   40.535100     11.2207
   20.200000   40.501800      8.9092
   20.233300   40.501800     13.0725
   20.266600   40.501800      4.3998
   20.299900   40.501800     -7.2775
   20.333200   40.501800    -10.5898
   20.366500   40.501800     -3.6698
   20.399800   40.501800      1.3932
   20.433100   40.501800     -4.3394
   20.466400   40.501800    -11.4815
   20.499700   40.501800     -6.1746
   20.533000   40.501800      3.9005
   20.566300   40.501800      7.6399
   20.599600   40.501800      2.7178
   20.632900   40.501800     -6.8591
   20.666200   40.501800    -10.5498
   20.699500   40.501800     -8.2180
   20.732800   40.501800     -4.6060
   20.766100   40.501800     -2.0391
   20.799400   40.501800     -0.0611
   20.832700   40.501800      0.4165
   20.866000   40.501800     -2.7949
   20.899300   40.501800     -9.1346
   20.932600   40.501800    -13.1047
   20.965900   40.501800     -7.1174
   20.999200   40.501800      6.9297
   21.032500   40.501800     16.7110
   21.065800   40.501800      8.9529
   21.099100   40.501800     -5.6356
   21.132400   40.501800     -9.9455
   21.165700   40.501800      0.5336
   21.199000   40.501800     11.7674
   21.232300   40.501800     11.2905
   21.265600   40.501800      0.8369
   21.298900   40.501800     -7.6615
   21.332200   40.501800     -5.8317
   21.365500   40.501800      2.7516
   21.398800   40.501800      5.6300
   21.432100   40.501800     -3.1636
   21.465400   40.501800    -12.5034
   21.498700   40.501800    -17.3720
   21.532000   40.501800     -6.9240
   21.565300   40.501800      7.3158
   21.598600   40.501800      7.4054
   21.631900   40.501800     -1.7697
   21.665200   40.501800     -8.3339
   21.698500   40.501800     -9.9118
   21.731800   40.501800     -8.3669
   21.765100   40.501800     -0.5487
   21.798400   40.501800     11.3841
   21.831700   40.501800     16.7489
   21.865000   40.501800     11.1933
   21.898300   40.501800      5.4581
   21.931600   40.501800      6.6732
   21.964900   40.501800     11.0137
   21.998200   40.501800      9.1885
   22.031500   40.501800      2.1847
   22.064800   40.501800     -1.0820
   22.098100   40.501800      5.2410
   22.131400   40.501800      9.3558
   22.164700   40.501800      2.4834
   22.198000   40.501800     -6.0772
   22.231300   40.501800     -7.2913
   22.264600   40.501800     -6.5363
   22.297900   40.501800     -7.9963
   22.331200   40.501800     -4.2329
   22.364500   40.501800      3.7993
   22.397800   40.501800      8.2336
   22.431100   40.501800      8.0034
   22.464400   40.501800      6.0906
   22.497700   40.501800      1.3652
   22.531000   40.501800     -5.2079
   22.564300   40.501800     -8.8507
   22.597600   40.501800     -8.7612
   22.630900   40.501800     -8.1941
   22.664200   40.501800     -7.8743
   22.697500   40.501800     -6.3677
   22.730800   40.501800     -2.7370
   22.764100   40.501800      1.0739
   22.797400   40.501800      0.5710
   22.830700   40.501800     -0.8406
   22.864000   40.501800      4.0136
   22.897300   40.501800     10.1976
   22.930600   40.501800     12.1200
   22.963900   40.501800     11.4099
   22.997200   40.501800      3.9210
   23.030500   40.501800     -5.6546
   23.063800   40.501800     -5.3298
   23.097100   40.501800      1.0082
   23.130400   40.501800      6.8751
   23.163700   40.501800     15.0206
   23.197000   40.501800     18.8411
   23.230300   40.501800     14.7784
   23.263600   40.501800      6.2765
   23.296900   40.501800     -2.9704
   23.330200   40.501800     -8.9379
   23.363500   40.501800     -9.6726
   23.396800   40.501800     -7.8576
   23.430100   40.501800     -6.2506
   23.463400   40.501800     -6.1297
   23.496700   40.501800     -7.0982
   23.530000   40.501800     -7.5696
   23.563300   40.501800     -3.8632
   23.596600   40.501800      2.0945
   23.629900   40.501800      6.1479
   23.663200   40.501800      6.0042
   23.696500   40.501800      4.2525
   23.729800   40.501800      3.4524
   23.763100   40.501800      5.2811
   23.796400   40.501800     10.9275
   23.829700   40.501800     16.6287
   23.863000   40.501800     15.1020
   23.896300   40.501800      8.6995
   23.929600   40.501800      5.6986
   23.962900   40.501800      8.2600
   23.996200   40.501800     12.2749
   24.029500   40.501800     13.8984
   24.062800   40.501800     12.3771
   24.096100   40.501800      9.6972
   24.129400   40.501800      6.5111
   24.162700   40.501800      1.4606
   24.196000   40.501800     -3.9113
   24.229300   40.501800     -6.2941
   24.262600   40.501800     -5.4546
   24.295900   40.501800     -2.9445
   24.329200   40.501800     -0.1455
   24.362500   40.501800      0.3794
   24.395800   40.501800     -3.0450
   24.429100   40.501800     -8.2630
   24.462400   40.501800    -11.5473
   24.495700   40.501800    -11.2353
   24.529000   40.501800     -8.7951
   24.562300   40.501800     -6.4614
   24.595600   40.501800     -4.2847
   24.628900   40.501800     -1.8155
   24.662200   40.501800     -0.4351
   24.695500   40.501800     -0.3059
   24.728800   40.501800     -0.0164
   24.762100   40.501800     -0.5947
   24.795400   40.501800     -3.4382
   24.828700   40.501800     -6.8272
   24.862000   40.501800     -8.5677
   24.895300   40.501800     -7.9901
   24.928600   40.501800     -5.3751
   24.961900   40.501800     -1.9995
   24.995200   40.501800      0.1350
   25.028500   40.501800      0.1035
   25.061800   40.501800     -0.5391
   25.095100   40.501800      0.0967
   25.128400   40.501800      1.5305
   25.161700   40.501800      3.0445
   25.195000   40.501800      5.1031
   25.228300   40.501800      7.1521
   25.261600   40.501800      8.1802
   25.294900   40.501800      8.9139
   25.328200   40.501800      9.9959
   25.361500   40.501800     10.0361
   25.394800   40.501800      9.2897
   25.428100   40.501800     11.7080
   25.461400   40.501800     17.1767
   25.494700   40.501800     18.0466
   25.528000   40.501800     10.6678
   25.561300   40.501800      3.7621
   25.594600   40.501800      3.4504
   20.200000   40.468500      3.8743
   20.233300   40.468500      6.9900
   20.266600   40.468500      9.3019
   20.299900   40.468500      1.4011
   20.333200   40.468500     -5.2441
   20.366500   40.468500     -1.7652
   20.399800   40.468500      4.7104
   20.433100   40.468500     -0.2037
   20.466400   40.468500    -10.6294
   20.499700   40.468500     -9.4618
   20.533000   40.468500      0.1240
   20.566300   40.468500      4.5440
   20.599600   40.468500     -0.0381
   20.632900   40.468500     -8.0181
   20.666200   40.468500     -9.9724
   20.699500   40.468500     -7.7060
   20.732800   40.468500     -6.3236
   20.766100   40.468500     -4.8260
   20.799400   40.468500     -4.0953
   20.832700   40.468500     -4.3558
   20.866000   40.468500     -7.2842
   20.899300   40.468500    -10.8389
   20.932600   40.468500    -10.3318
   20.965900   40.468500     -3.5261
   20.999200   40.468500      8.2522
   21.032500   40.468500     15.5420
   21.065800   40.468500     11.8869
   21.099100   40.468500     -2.2528
   21.132400   40.468500    -11.5782
   21.165700   40.468500     -6.5706
   21.199000   40.468500      4.4115
   21.232300   40.468500      7.1938
   21.265600   40.468500     -1.7496
   21.298900   40.468500     -9.8809
   21.332200   40.468500     -5.2147
   21.365500   40.468500      6.1701
   21.398800   40.468500      7.9305
   21.432100   40.468500     -3.3732
   21.465400   40.468500    -13.3203
   21.498700   40.468500    -10.7416
   21.532000   40.468500      3.2052
   21.565300   40.468500     13.1057
   21.598600   40.468500      9.1523
   21.631900   40.468500      1.1298
   21.665200   40.468500      0.1407
   21.698500   40.468500      0.6767
   21.731800   40.468500     -2.5297
   21.765100   40.468500     -2.3557
   21.798400   40.468500      5.8946
   21.831700   40.468500     12.5619
   21.865000   40.468500      9.9048
   21.898300   40.468500      3.7171
   21.931600   40.468500      4.3750
   21.964900   40.468500      9.0326
   21.998200   40.468500      7.5476
   22.031500   40.468500      1.5475
   22.064800   40.468500     -1.4665
   22.098100   40.468500      4.6446
   22.131400   40.468500     11.4152
   22.164700   40.468500      6.4695
   22.198000   40.468500     -2.4351
   22.231300   40.468500     -5.9526
   22.264600   40.468500     -6.7164
   22.297900   40.468500     -7.8320
   22.331200   40.468500     -1.6825
   22.364500   40.468500     10.1100
   22.397800   40.468500     15.5534
   22.431100   40.468500     12.5562
   22.464400   40.468500      8.0464
   22.497700   40.468500      3.2822
   22.531000   40.468500     -2.4233
   22.564300   40.468500     -5.1079
   22.597600   40.468500     -4.1526
   22.630900   40.468500     -3.8900
   22.664200   40.468500     -5.0528
   22.697500   40.468500     -4.4192
   22.730800   40.468500     -0.5092
   22.764100   40.468500      3.0932
   22.797400   40.468500     -0.1160
   22.830700   40.468500     -5.8399
   22.864000   40.468500     -3.1300
   22.897300   40.468500      2.6406
   22.930600   40.468500      4.0666
   22.963900   40.468500      4.7534
   22.997200   40.468500      2.1259
   23.030500   40.468500     -4.6548
   23.063800   40.468500     -4.8179
   23.097100   40.468500      0.1056
   23.130400   40.468500      2.5236
   23.163700   40.468500      6.0276
   23.197000   40.468500     12.0446
   23.230300   40.468500     12.3624
   23.263600   40.468500      6.2141
   23.296900   40.468500     -0.9844
   23.330200   40.468500     -6.5636
   23.363500   40.468500     -8.6442
   23.396800   40.468500     -6.9288
   23.430100   40.468500     -4.3743
   23.463400   40.468500     -3.6793
   23.496700   40.468500     -4.6467
   23.530000   40.468500     -4.9593
   23.563300   40.468500     -3.2744
   23.596600   40.468500      0.5920
   23.629900   40.468500      4.4665
   23.663200   40.468500      5.3758
   23.696500   40.468500      4.6839
   23.729800   40.468500      4.7088
   23.763100   40.468500      8.0839
   23.796400   40.468500     15.4318
   23.829700   40.468500     20.9490
   23.863000   40.468500     18.3527
   23.896300   40.468500     11.8647
   23.929600   40.468500      9.7496
   23.962900   40.468500     12.3679
   23.996200   40.468500     15.6944
   24.029500   40.468500     17.3226
   24.062800   40.468500     16.4005
   24.096100   40.468500     14.6537
   24.129400   40.468500     13.4148
   24.162700   40.468500     10.3131
   24.196000   40.468500      4.8031
   24.229300   40.468500      0.5647
   24.262600   40.468500     -0.3605
   24.295900   40.468500      0.8795
   24.329200   40.468500      2.7023
   24.362500   40.468500      3.0711
   24.395800   40.468500      0.3525
   24.429100   40.468500     -4.1119
   24.462400   40.468500     -7.2143
   24.495700   40.468500     -7.9156
   24.529000   40.468500     -8.4381
   24.562300   40.468500    -10.7046
   24.595600   40.468500    -13.2066
   24.628900   40.468500    -13.7122
   24.662200   40.468500    -12.4795
   24.695500   40.468500    -10.4050
   24.728800   40.468500     -8.0178
   24.762100   40.468500     -6.9840
   24.795400   40.468500     -7.7685
   24.828700   40.468500     -8.1783
   24.862000   40.468500     -7.1230
   24.895300   40.468500     -5.4041
   24.928600   40.468500     -3.4126
   24.961900   40.468500     -1.5672
   24.995200   40.468500     -0.7914
   25.028500   40.468500     -1.1982
   25.061800   40.468500     -1.7978
   25.095100   40.468500     -1.7640
   25.128400   40.468500     -0.8589
   25.161700   40.468500      1.3913
   25.195000   40.468500      4.7040
   25.228300   40.468500      7.7821
   25.261600   40.468500     10.6624
   25.294900   40.468500     13.3889
   25.328200   40.468500     13.4619
   25.361500   40.468500     10.4665
   25.394800   40.468500     10.5292
   25.428100   40.468500     17.8098
   25.461400   40.468500     22.6839
   25.494700   40.468500     10.7063
   25.528000   40.468500    -11.1862
   25.561300   40.468500    -19.8995
   25.594600   40.468500    -27.4828
   20.200000   40.435200     -1.3546
   20.233300   40.435200     -1.2382
   20.266600   40.435200      5.9863
   20.299900   40.435200      6.5832
   20.333200   40.435200     -1.4781
   20.366500   40.435200     -1.3448
   20.399800   40.435200      6.3729
   20.433100   40.435200      6.8518
   20.466400   40.435200     -2.4274
   20.499700   40.435200     -8.0951
   20.533000   40.435200     -7.2057
   20.566300   40.435200     -6.9246
   20.599600   40.435200     -9.4912
   20.632900   40.435200    -11.2400
   20.666200   40.435200     -9.3598
   20.699500   40.435200     -6.5954
   20.732800   40.435200     -3.7850
   20.766100   40.435200     -0.8096
   20.799400   40.435200      1.5059
   20.832700   40.435200      1.8652
   20.866000   40.435200      0.8989
   20.899300   40.435200     -0.8567
   20.932600   40.435200     -2.5322
   20.965900   40.435200     -3.5035
   20.999200   40.435200     -2.1270
   21.032500   40.435200      1.2147
   21.065800   40.435200      4.0418
   21.099100   40.435200      0.2374
   21.132400   40.435200     -6.6284
   21.165700   40.435200     -7.9628
   21.199000   40.435200     -0.9730
   21.232300   40.435200      3.4219
   21.265600   40.435200     -0.9250
   21.298900   40.435200     -6.1674
   21.332200   40.435200     -1.0605
   21.365500   40.435200      9.0986
   21.398800   40.435200     11.4385
   21.432100   40.435200      4.3072
   21.465400   40.435200     -1.8196
   21.498700   40.435200      6.2348
   21.532000   40.435200     19.1012
   21.565300   40.435200     22.3132
   21.598600   40.435200     17.1208
   21.631900   40.435200     10.4093
   21.665200   40.435200     11.3862
   21.698500   40.435200     11.5893
   21.731800   40.435200      5.0072
   21.765100   40.435200     -5.8667
   21.798400   40.435200     -9.0234
   21.831700   40.435200     -5.1783
   21.865000   40.435200     -2.6484
   21.898300   40.435200     -0.8372
   21.931600   40.435200      4.2577
   21.964900   40.435200      8.5782
   21.998200   40.435200      7.3309
   22.031500   40.435200     -0.0264
   22.064800   40.435200     -2.9518
   22.098100   40.435200      2.5181
   22.131400   40.435200      9.9547
   22.164700   40.435200     11.3553
   22.198000   40.435200      5.0825
   22.231300   40.435200      0.8209
   22.264600   40.435200     -0.5101
   22.297900   40.435200     -0.5300
   22.331200   40.435200      3.2612
   22.364500   40.435200     11.1301
   22.397800   40.435200     15.9129
   22.431100   40.435200     14.1986
   22.464400   40.435200     10.3961
   22.497700   40.435200      6.1909
   22.531000   40.435200      1.2581
   22.564300   40.435200     -2.4525
   22.597600   40.435200     -3.9886
   22.630900   40.435200     -5.3263
   22.664200   40.435200     -6.4470
   22.697500   40.435200     -6.0616
   22.730800   40.435200     -3.8529
   22.764100   40.435200     -0.3864
   22.797400   40.435200     -0.0062
   22.830700   40.435200     -4.7749
   22.864000   40.435200     -9.5676
   22.897300   40.435200    -12.6118
   22.930600   40.435200    -14.3368
   22.963900   40.435200    -10.2073
   22.997200   40.435200     -5.6762
   23.030500   40.435200     -7.4431
   23.063800   40.435200     -7.9276
   23.097100   40.435200     -2.9527
   23.130400   40.435200     -0.3510
   23.163700   40.435200     -0.1128
   23.197000   40.435200      1.5353
   23.230300   40.435200      4.1905
   23.263600   40.435200      6.7356
   23.296900   40.435200      7.6195
   23.330200   40.435200      5.2264
   23.363500   40.435200      1.7654
   23.396800   40.435200     -1.9124
   23.430100   40.435200     -4.2025
   23.463400   40.435200     -5.4760
   23.496700   40.435200     -5.0709
   23.530000   40.435200     -3.5769
   23.563300   40.435200     -2.1719
   23.596600   40.435200     -0.9749
   23.629900   40.435200      0.8923
   23.663200   40.435200      3.0200
   23.696500   40.435200      5.0036
   23.729800   40.435200      6.2086
   23.763100   40.435200      7.8487
   23.796400   40.435200     10.9607
   23.829700   40.435200     14.7270
   23.863000   40.435200     14.3339
   23.896300   40.435200     12.2438
   23.929600   40.435200     13.9811
   23.962900   40.435200     16.8444
   23.996200   40.435200     18.1799
   24.029500   40.435200     19.8089
   24.062800   40.435200     19.4853
   24.096100   40.435200     15.3405
   24.129400   40.435200     11.0099
   24.162700   40.435200      8.2554
   24.196000   40.435200      5.2483
   24.229300   40.435200      2.8025
   24.262600   40.435200      2.3913
   24.295900   40.435200      2.5692
   24.329200   40.435200      2.1971
   24.362500   40.435200      1.3394
   24.395800   40.435200     -0.5158
   24.429100   40.435200     -2.9493
   24.462400   40.435200     -4.4495
   24.495700   40.435200     -5.0064
   24.529000   40.435200     -5.8332
   24.562300   40.435200     -7.4693
   24.595600   40.435200     -9.8647
   24.628900   40.435200    -12.5177
   24.662200   40.435200    -14.2636
   24.695500   40.435200    -14.2176
   24.728800   40.435200    -12.6803
   24.762100   40.435200    -10.7950
   24.795400   40.435200     -9.0256
   24.828700   40.435200     -6.7691
   24.862000   40.435200     -4.2733
   24.895300   40.435200     -2.3238
   24.928600   40.435200     -0.6355
   24.961900   40.435200      0.8008
   24.995200   40.435200      1.2235
   25.028500   40.435200      0.7613
   25.061800   40.435200      0.2522
   25.095100   40.435200      0.1080
   25.128400   40.435200      0.8651
   25.161700   40.435200      3.2527
   25.195000   40.435200      6.2339
   25.228300   40.435200      8.1642
   25.261600   40.435200      9.9140
   25.294900   40.435200     12.0543
   25.328200   40.435200     11.9866
   25.361500   40.435200      9.4206
   25.394800   40.435200      9.8573
   25.428100   40.435200     16.1096
   25.461400   40.435200     19.2191
   25.494700   40.435200      7.2761
   25.528000   40.435200    -13.7487
   25.561300   40.435200    -21.4300
   25.594600   40.435200    -18.5380
   20.200000   40.401900      2.3454
   20.233300   40.401900     -2.0568
   20.266600   40.401900      2.5577
   20.299900   40.401900      4.5049
   20.333200   40.401900     -2.2535
   20.366500   40.401900     -3.5302
   20.399800   40.401900      2.6771
   20.433100   40.401900      5.8568
   20.466400   40.401900      1.2587
   20.499700   40.401900     -5.7838
   20.533000   40.401900     -9.1967
   20.566300   40.401900     -7.6931
   20.599600   40.401900     -4.7148
   20.632900   40.401900     -3.5987
   20.666200   40.401900     -6.5896
   20.699500   40.401900     -8.2028
   20.732800   40.401900     -3.2062
   20.766100   40.401900      3.8528
   20.799400   40.401900      7.5854
   20.832700   40.401900      9.6105
   20.866000   40.401900      8.3580
   20.899300   40.401900      9.5744
   20.932600   40.401900      8.6618
   20.965900   40.401900      2.2846
   20.999200   40.401900     -5.9086
   21.032500   40.401900     -4.2657
   21.065800   40.401900      4.1370
   21.099100   40.401900      7.5864
   21.132400   40.401900      1.5554
   21.165700   40.401900     -5.4846
   21.199000   40.401900     -3.8971
   21.232300   40.401900      1.7887
   21.265600   40.401900      2.9926
   21.298900   40.401900      0.3989
   21.332200   40.401900      1.7858
   21.365500   40.401900      7.5734
   21.398800   40.401900      8.8661
   21.432100   40.401900      3.3475
   21.465400   40.401900      1.2934
   21.498700   40.401900      9.4993
   21.532000   40.401900     16.4700
   21.565300   40.401900     15.9273
   21.598600   40.401900      8.5465
   21.631900   40.401900      0.1539
   21.665200   40.401900      3.9866
   21.698500   40.401900     11.6261
   21.731800   40.401900     10.5131
   21.765100   40.401900      1.5311
   21.798400   40.401900     -8.7018
   21.831700   40.401900    -11.5190
   21.865000   40.401900     -7.6335
   21.898300   40.401900     -0.1636
   21.931600   40.401900      7.4459
   21.964900   40.401900     10.8038
   21.998200   40.401900      8.0438
   22.031500   40.401900      2.4637
   22.064800   40.401900      1.1447
   22.098100   40.401900      5.3167
   22.131400   40.401900     10.4814
   22.164700   40.401900      9.8700
   22.198000   40.401900      3.1443
   22.231300   40.401900      1.3084
   22.264600   40.401900      4.0631
   22.297900   40.401900      7.2224
   22.331200   40.401900      9.4069
   22.364500   40.401900     12.2933
   22.397800   40.401900     16.3493
   22.431100   40.401900     18.0841
   22.464400   40.401900     15.3879
   22.497700   40.401900     10.0756
   22.531000   40.401900      5.2084
   22.564300   40.401900      1.1319
   22.597600   40.401900     -3.1344
   22.630900   40.401900     -7.5272
   22.664200   40.401900     -9.3042
   22.697500   40.401900     -8.0823
   22.730800   40.401900     -6.9084
   22.764100   40.401900     -6.1125
   22.797400   40.401900     -4.8668
   22.830700   40.401900     -4.2002
   22.864000   40.401900     -3.7906
   22.897300   40.401900     -5.3112
   22.930600   40.401900    -10.3569
   22.963900   40.401900    -11.8181
   22.997200   40.401900     -7.4182
   23.030500   40.401900     -7.1718
   23.063800   40.401900    -12.7512
   23.097100   40.401900    -15.3487
   23.130400   40.401900    -13.1272
   23.163700   40.401900    -11.8367
   23.197000   40.401900    -11.8791
   23.230300   40.401900     -8.9865
   23.263600   40.401900     -1.4185
   23.296900   40.401900      6.7609
   23.330200   40.401900     10.4594
   23.363500   40.401900      9.1971
   23.396800   40.401900      4.0459
   23.430100   40.401900     -2.5283
   23.463400   40.401900     -7.8590
   23.496700   40.401900     -8.2356
   23.530000   40.401900     -5.5120
   23.563300   40.401900     -3.2780
   23.596600   40.401900     -3.2658
   23.629900   40.401900     -3.2352
   23.663200   40.401900     -2.5531
   23.696500   40.401900     -0.6424
   23.729800   40.401900      1.0210
   23.763100   40.401900      1.4503
   23.796400   40.401900      3.8765
   23.829700   40.401900      7.4962
   23.863000   40.401900      7.8149
   23.896300   40.401900      8.1656
   23.929600   40.401900     13.4851
   23.962900   40.401900     17.0149
   23.996200   40.401900     16.5095
   24.029500   40.401900     19.9284
   24.062800   40.401900     25.9273
   24.096100   40.401900     26.0030
   24.129400   40.401900     21.4672
   24.162700   40.401900     17.0475
   24.196000   40.401900     11.6321
   24.229300   40.401900      5.7548
   24.262600   40.401900      2.8494
   24.295900   40.401900      2.1595
   24.329200   40.401900      0.8848
   24.362500   40.401900     -1.5971
   24.395800   40.401900     -4.4527
   24.429100   40.401900     -5.6360
   24.462400   40.401900     -4.5140
   24.495700   40.401900     -3.8259
   24.529000   40.401900     -4.5871
   24.562300   40.401900     -4.9740
   24.595600   40.401900     -5.4895
   24.628900   40.401900     -7.4280
   24.662200   40.401900     -9.0056
   24.695500   40.401900     -8.5188
   24.728800   40.401900     -6.7517
   24.762100   40.401900     -4.9433
   24.795400   40.401900     -3.5500
   24.828700   40.401900     -2.1612
   24.862000   40.401900     -0.5243
   24.895300   40.401900      0.8319
   24.928600   40.401900      1.9405
   24.961900   40.401900      3.1233
   24.995200   40.401900      3.7505
   25.028500   40.401900      3.4900
   25.061800   40.401900      3.0902
   25.095100   40.401900      3.0638
   25.128400   40.401900      3.6323
   25.161700   40.401900      5.0679
   25.195000   40.401900      6.2739
   25.228300   40.401900      5.7994
   25.261600   40.401900      4.5903
   25.294900   40.401900      4.2615
   25.328200   40.401900      4.3568
   25.361500   40.401900      4.1414
   25.394800   40.401900      4.3683
   25.428100   40.401900      5.5867
   25.461400   40.401900      5.3728
   25.494700   40.401900      0.1728
   25.528000   40.401900     -8.0396
   25.561300   40.401900    -10.7990
   25.594600   40.401900     -1.4908
   20.200000   40.368600      3.2464
   20.233300   40.368600     -2.7381
   20.266600   40.368600     -1.9551
   20.299900   40.368600     -1.8046
   20.333200   40.368600     -3.8439
   20.366500   40.368600     -2.2831
   20.399800   40.368600      4.1810
   20.433100   40.368600      8.5400
   20.466400   40.368600      3.6151
   20.499700   40.368600     -4.2881
   20.533000   40.368600     -8.2546
   20.566300   40.368600     -4.2625
   20.599600   40.368600      3.6568
   20.632900   40.368600      3.2917
   20.666200   40.368600     -6.0664
   20.699500   40.368600    -11.8922
   20.732800   40.368600     -6.0946
   20.766100   40.368600      0.9723
   20.799400   40.368600      1.8950
   20.832700   40.368600     -2.4329
   20.866000   40.368600     -4.7516
   20.899300   40.368600     -0.4741
   20.932600   40.368600      6.6763
   20.965900   40.368600      6.1863
   20.999200   40.368600      3.3927
   21.032500   40.368600      5.5905
   21.065800   40.368600     13.8712
   21.099100   40.368600     17.2511
   21.132400   40.368600      9.7382
   21.165700   40.368600      0.1457
   21.199000   40.368600     -0.3268
   21.232300   40.368600      6.1452
   21.265600   40.368600      9.6040
   21.298900   40.368600      6.3723
   21.332200   40.368600      2.9216
   21.365500   40.368600      3.7272
   21.398800   40.368600      4.5829
   21.432100   40.368600      0.6713
   21.465400   40.368600     -2.7880
   21.498700   40.368600      1.6526
   21.532000   40.368600      8.6743
   21.565300   40.368600      7.0033
   21.598600   40.368600     -4.9394
   21.631900   40.368600    -15.8709
   21.665200   40.368600    -15.2961
   21.698500   40.368600      0.5648
   21.731800   40.368600     13.1232
   21.765100   40.368600     14.1550
   21.798400   40.368600      6.2772
   21.831700   40.368600      0.3783
   21.865000   40.368600      1.2038
   21.898300   40.368600      5.5909
   21.931600   40.368600      7.9153
   21.964900   40.368600      6.6934
   21.998200   40.368600      5.1498
   22.031500   40.368600      5.9766
   22.064800   40.368600      9.2483
   22.098100   40.368600     13.9904
   22.131400   40.368600     15.7339
   22.164700   40.368600      8.1716
   22.198000   40.368600     -1.8231
   22.231300   40.368600     -3.2860
   22.264600   40.368600      4.0346
   22.297900   40.368600     10.6997
   22.331200   40.368600     12.5271
   22.364500   40.368600     12.3546
   22.397800   40.368600     16.3675
   22.431100   40.368600     21.9859
   22.464400   40.368600     21.0491
   22.497700   40.368600     15.2265
   22.531000   40.368600      9.4478
   22.564300   40.368600      4.8734
   22.597600   40.368600     -0.5396
   22.630900   40.368600     -6.4014
   22.664200   40.368600     -8.6069
   22.697500   40.368600     -6.7085
   22.730800   40.368600     -6.0038
   22.764100   40.368600     -8.4711
   22.797400   40.368600    -11.3718
   22.830700   40.368600    -12.9315
   22.864000   40.368600    -10.7337
   22.897300   40.368600     -6.0230
   22.930600   40.368600     -6.5879
   22.963900   40.368600    -11.7290
   22.997200   40.368600    -12.3735
   23.030500   40.368600    -11.0105
   23.063800   40.368600    -13.5878
   23.097100   40.368600    -15.0751
   23.130400   40.368600    -13.3840
   23.163700   40.368600    -13.1502
   23.197000   40.368600    -15.2723
   23.230300   40.368600    -14.8172
   23.263600   40.368600     -9.1569
   23.296900   40.368600     -1.1474
   23.330200   40.368600      5.5937
   23.363500   40.368600     10.4532
   23.396800   40.368600     11.7790
   23.430100   40.368600      7.3230
   23.463400   40.368600      0.1338
   23.496700   40.368600     -4.8218
   23.530000   40.368600     -3.7233
   23.563300   40.368600     -0.3715
   23.596600   40.368600      1.0345
   23.629900   40.368600     -2.2344
   23.663200   40.368600     -8.5929
   23.696500   40.368600    -10.3943
   23.729800   40.368600     -6.7255
   23.763100   40.368600     -2.2197
   23.796400   40.368600      2.2255
   23.829700   40.368600      5.1867
   23.863000   40.368600      3.1813
   23.896300   40.368600      3.4283
   23.929600   40.368600      9.7676
   23.962900   40.368600     10.4289
   23.996200   40.368600      2.2213
   24.029500   40.368600     -1.2900
   24.062800   40.368600      3.5300
   24.096100   40.368600      9.6612
   24.129400   40.368600     15.6785
   24.162700   40.368600     23.3150
   24.196000   40.368600     25.7445
   24.229300   40.368600     18.9690
   24.262600   40.368600      8.8790
   24.295900   40.368600      1.9767
   24.329200   40.368600     -0.2403
   24.362500   40.368600     -0.8322
   24.395800   40.368600     -4.0602
   24.429100   40.368600     -7.9024
   24.462400   40.368600     -7.6698
   24.495700   40.368600     -5.3801
   24.529000   40.368600     -4.2832
   24.562300   40.368600     -2.8037
   24.595600   40.368600     -0.7313
   24.628900   40.368600     -0.2354
   24.662200   40.368600     -0.8760
   24.695500   40.368600     -0.8935
   24.728800   40.368600      0.0640
   24.762100   40.368600      1.2814
   24.795400   40.368600      1.8146
   24.828700   40.368600      2.1544
   24.862000   40.368600      3.1467
   24.895300   40.368600      3.5900
   24.928600   40.368600      3.0896
   24.961900   40.368600      3.4550
   24.995200   40.368600      4.5501
   25.028500   40.368600      4.7117
   25.061800   40.368600      4.4179
   25.095100   40.368600      4.6876
   25.128400   40.368600      5.1495
   25.161700   40.368600      5.4901
   25.195000   40.368600      5.2965
   25.228300   40.368600      3.5633
   25.261600   40.368600      0.5195
   25.294900   40.368600     -2.1112
   25.328200   40.368600     -3.3122
   25.361500   40.368600     -3.4814
   25.394800   40.368600     -3.7807
   25.428100   40.368600     -5.5520
   25.461400   40.368600     -9.0139
   25.494700   40.368600    -12.5464
   25.528000   40.368600    -15.3151
   25.561300   40.368600    -16.8950
   25.594600   40.368600    -11.2975
   20.200000   40.335300     13.7071
   20.233300   40.335300      5.1156
   20.266600   40.335300     -1.1066
   20.299900   40.335300     -5.9063
   20.333200   40.335300    -10.4552
   20.366500   40.335300     -8.5259
   20.399800   40.335300     -2.3624
   20.433100   40.335300      3.8533
   20.466400   40.335300      3.8111
   20.499700   40.335300     -5.1029
   20.533000   40.335300    -11.4435
   20.566300   40.335300    -10.0433
   20.599600   40.335300     -4.6767
   20.632900   40.335300     -4.0365
   20.666200   40.335300     -9.4383
   20.699500   40.335300     -9.9362
   20.732800   40.335300     -1.9469
   20.766100   40.335300      1.6920
   20.799400   40.335300     -3.9524
   20.832700   40.335300    -14.9754
   20.866000   40.335300    -19.0784
   20.899300   40.335300    -15.9358
   20.932600   40.335300     -3.2433
   20.965900   40.335300      5.0028
   20.999200   40.335300      6.1083
   21.032500   40.335300      5.9457
   21.065800   40.335300      9.3504
   21.099100   40.335300      9.7924
   21.132400   40.335300      8.1199
   21.165700   40.335300      6.6192
   21.199000   40.335300      9.0143
   21.232300   40.335300     12.9661
   21.265600   40.335300     12.3603
   21.298900   40.335300      5.9956
   21.332200   40.335300      1.4453
   21.365500   40.335300      2.0923
   21.398800   40.335300      3.7501
   21.432100   40.335300     -0.3147
   21.465400   40.335300     -7.7201
   21.498700   40.335300     -9.0563
   21.532000   40.335300     -2.2422
   21.565300   40.335300      1.4740
   21.598600   40.335300     -4.8908
   21.631900   40.335300    -14.8927
   21.665200   40.335300    -17.4878
   21.698500   40.335300     -3.4618
   21.731800   40.335300     10.0560
   21.765100   40.335300     13.0767
   21.798400   40.335300      8.9681
   21.831700   40.335300      6.0722
   21.865000   40.335300      8.3998
   21.898300   40.335300     10.7721
   21.931600   40.335300      6.5150
   21.964900   40.335300     -0.4033
   21.998200   40.335300     -2.3494
   22.031500   40.335300      1.0932
   22.064800   40.335300      6.2955
   22.098100   40.335300     11.5010
   22.131400   40.335300     13.7640
   22.164700   40.335300      8.4903
   22.198000   40.335300      0.6049
   22.231300   40.335300     -2.6324
   22.264600   40.335300      2.1684
   22.297900   40.335300      9.9983
   22.331200   40.335300      8.5276
   22.364500   40.335300      3.7135
   22.397800   40.335300      6.6402
   22.431100   40.335300     15.7564
   22.464400   40.335300     20.5802
   22.497700   40.335300     18.4138
   22.531000   40.335300     13.5668
   22.564300   40.335300      7.9604
   22.597600   40.335300      1.8612
   22.630900   40.335300     -3.4737
   22.664200   40.335300     -4.9467
   22.697500   40.335300     -3.4278
   22.730800   40.335300     -4.3862
   22.764100   40.335300     -8.1732
   22.797400   40.335300    -10.9394
   22.830700   40.335300    -13.4922
   22.864000   40.335300    -15.3260
   22.897300   40.335300    -12.3118
   22.930600   40.335300     -8.0227
   22.963900   40.335300     -8.9505
   22.997200   40.335300    -12.2485
   23.030500   40.335300    -13.4732
   23.063800   40.335300    -13.6893
   23.097100   40.335300    -13.3901
   23.130400   40.335300    -12.9984
   23.163700   40.335300    -13.2933
   23.197000   40.335300    -13.1944
   23.230300   40.335300    -11.2437
   23.263600   40.335300     -6.1486
   23.296900   40.335300      2.3945
   23.330200   40.335300     12.6143
   23.363500   40.335300     20.7122
   23.396800   40.335300     24.1458
   23.430100   40.335300     23.5577
   23.463400   40.335300     18.8021
   23.496700   40.335300     10.8657
   23.530000   40.335300      3.4587
   23.563300   40.335300      0.1298
   23.596600   40.335300     -1.5942
   23.629900   40.335300     -7.5430
   23.663200   40.335300    -14.2702
   23.696500   40.335300    -12.0085
   23.729800   40.335300     -2.0560
   23.763100   40.335300      4.3473
   23.796400   40.335300      4.3832
   23.829700   40.335300      0.9899
   23.863000   40.335300     -3.7179
   23.896300   40.335300     -2.6529
   23.929600   40.335300      4.6781
   23.962900   40.335300      5.0103
   23.996200   40.335300     -6.4726
   24.029500   40.335300    -16.1659
   24.062800   40.335300    -23.2260
   24.096100   40.335300    -25.3552
   24.129400   40.335300    -18.9428
   24.162700   40.335300     -0.9109
   24.196000   40.335300     19.8092
   24.229300   40.335300     28.9780
   24.262600   40.335300     23.0158
   24.295900   40.335300      9.6003
   24.329200   40.335300      0.3331
   24.362500   40.335300      0.0601
   24.395800   40.335300      0.8250
   24.429100   40.335300     -3.6058
   24.462400   40.335300     -8.0507
   24.495700   40.335300     -8.1423
   24.529000   40.335300     -6.2528
   24.562300   40.335300     -4.0073
   24.595600   40.335300     -1.2124
   24.628900   40.335300      1.2541
   24.662200   40.335300      2.2585
   24.695500   40.335300      1.9888
   24.728800   40.335300      1.8755
   24.762100   40.335300      2.2395
   24.795400   40.335300      1.7235
   24.828700   40.335300      0.9405
   24.862000   40.335300      1.7580
   24.895300   40.335300      2.8552
   24.928600   40.335300      2.7696
   24.961900   40.335300      3.0842
   24.995200   40.335300      3.8458
   25.028500   40.335300      3.5629
   25.061800   40.335300      3.5362
   25.095100   40.335300      5.0057
   25.128400   40.335300      6.1878
   25.161700   40.335300      5.8586
   25.195000   40.335300      4.6955
   25.228300   40.335300      2.5533
   25.261600   40.335300     -0.7874
   25.294900   40.335300     -3.4079
   25.328200   40.335300     -3.9304
   25.361500   40.335300     -3.6032
   25.394800   40.335300     -3.9032
   25.428100   40.335300     -5.7597
   25.461400   40.335300     -9.3822
   25.494700   40.335300    -12.6967
   25.528000   40.335300    -15.5726
   25.561300   40.335300    -19.7390
   25.594600   40.335300    -17.3264
   20.200000   40.302000     23.2821
   20.233300   40.302000     19.0261
   20.266600   40.302000     10.6406
   20.299900   40.302000      2.1767
   20.333200   40.302000     -8.8084
   20.366500   40.302000    -17.1537
   20.399800   40.302000    -16.9266
   20.433100   40.302000     -7.7669
   20.466400   40.302000     -0.1250
   20.499700   40.302000     -2.1888
   20.533000   40.302000     -9.3070
   20.566300   40.302000    -14.3825
   20.599600   40.302000    -13.7661
   20.632900   40.302000    -12.2201
   20.666200   40.302000     -9.8091
   20.699500   40.302000     -2.1260
   20.732800   40.302000      5.5385
   20.766100   40.302000     11.0532
   20.799400   40.302000     -0.1342
   20.832700   40.302000    -14.2106
   20.866000   40.302000    -19.8974
   20.899300   40.302000    -10.7441
   20.932600   40.302000      0.6748
   20.965900   40.302000      8.3778
   20.999200   40.302000      3.9200
   21.032500   40.302000     -5.6180
   21.065800   40.302000    -11.8354
   21.099100   40.302000    -12.9052
   21.132400   40.302000     -7.8472
   21.165700   40.302000      1.3238
   21.199000   40.302000      8.1648
   21.232300   40.302000      8.0871
   21.265600   40.302000      2.9557
   21.298900   40.302000     -1.9832
   21.332200   40.302000     -3.7499
   21.365500   40.302000     -2.1797
   21.398800   40.302000      0.0263
   21.432100   40.302000     -1.1944
   21.465400   40.302000     -7.2395
   21.498700   40.302000    -12.1364
   21.532000   40.302000     -7.4632
   21.565300   40.302000      0.5465
   21.598600   40.302000      5.1154
   21.631900   40.302000      4.1219
   21.665200   40.302000      3.2587
   21.698500   40.302000      5.3763
   21.731800   40.302000      7.1284
   21.765100   40.302000      3.6451
   21.798400   40.302000     -1.9891
   21.831700   40.302000     -2.5203
   21.865000   40.302000      4.1986
   21.898300   40.302000     11.0401
   21.931600   40.302000     10.3855
   21.964900   40.302000      5.0209
   21.998200   40.302000      2.2053
   22.031500   40.302000      1.2422
   22.064800   40.302000     -0.7229
   22.098100   40.302000     -1.1390
   22.131400   40.302000      3.7863
   22.164700   40.302000      4.5390
   22.198000   40.302000     -0.1339
   22.231300   40.302000     -6.5036
   22.264600   40.302000     -7.8683
   22.297900   40.302000     -3.2203
   22.331200   40.302000     -2.5861
   22.364500   40.302000     -5.4505
   22.397800   40.302000     -2.4750
   22.431100   40.302000      5.3946
   22.464400   40.302000     11.0654
   22.497700   40.302000     12.5337
   22.531000   40.302000     11.6199
   22.564300   40.302000      8.9241
   22.597600   40.302000      4.1339
   22.630900   40.302000     -1.1334
   22.664200   40.302000     -2.9585
   22.697500   40.302000     -1.6175
   22.730800   40.302000     -2.7756
   22.764100   40.302000     -6.8703
   22.797400   40.302000     -8.9300
   22.830700   40.302000     -9.9224
   22.864000   40.302000    -13.0213
   22.897300   40.302000    -14.4695
   22.930600   40.302000    -11.1168
   22.963900   40.302000     -6.8953
   22.997200   40.302000     -5.0898
   23.030500   40.302000     -4.6555
   23.063800   40.302000     -5.9894
   23.097100   40.302000    -11.0011
   23.130400   40.302000    -17.6888
   23.163700   40.302000    -20.6699
   23.197000   40.302000    -17.0914
   23.230300   40.302000    -10.3019
   23.263600   40.302000     -2.3768
   23.296900   40.302000      8.3720
   23.330200   40.302000     20.0524
   23.363500   40.302000     26.3016
   23.396800   40.302000     27.5988
   23.430100   40.302000     31.7148
   23.463400   40.302000     35.6738
   23.496700   40.302000     32.2404
   23.530000   40.302000     20.2634
   23.563300   40.302000      6.8535
   23.596600   40.302000     -5.1795
   23.629900   40.302000    -16.1235
   23.663200   40.302000    -21.5013
   23.696500   40.302000    -14.5676
   23.729800   40.302000     -2.9831
   23.763100   40.302000     -1.2431
   23.796400   40.302000     -5.9665
   23.829700   40.302000     -8.8630
   23.863000   40.302000    -10.1391
   23.896300   40.302000     -8.2984
   23.929600   40.302000     -0.3343
   23.962900   40.302000      7.9788
   23.996200   40.302000     10.0488
   24.029500   40.302000      7.3009
   24.062800   40.302000      1.6012
   24.096100   40.302000     -6.9537
   24.129400   40.302000    -12.8112
   24.162700   40.302000     -7.2991
   24.196000   40.302000      6.4482
   24.229300   40.302000     20.1706
   24.262600   40.302000     30.6444
   24.295900   40.302000     26.9714
   24.329200   40.302000     13.4768
   24.362500   40.302000      3.0464
   24.395800   40.302000      1.6063
   24.429100   40.302000      1.5268
   24.462400   40.302000     -2.4868
   24.495700   40.302000     -6.7411
   24.529000   40.302000     -7.8445
   24.562300   40.302000     -6.6991
   24.595600   40.302000     -4.3034
   24.628900   40.302000     -0.5311
   24.662200   40.302000      3.1111
   24.695500   40.302000      4.5029
   24.728800   40.302000      4.2346
   24.762100   40.302000      3.4301
   24.795400   40.302000      1.3163
   24.828700   40.302000     -1.1623
   24.862000   40.302000     -0.8328
   24.895300   40.302000      2.0085
   24.928600   40.302000      4.1910
   24.961900   40.302000      4.8472
   24.995200   40.302000      4.6076
   25.028500   40.302000      3.9596
   25.061800   40.302000      4.1647
   25.095100   40.302000      5.4648
   25.128400   40.302000      5.8087
   25.161700   40.302000      4.1471
   25.195000   40.302000      1.9930
   25.228300   40.302000      0.1273
   25.261600   40.302000     -1.7783
   25.294900   40.302000     -2.3995
   25.328200   40.302000     -1.3076
   25.361500   40.302000     -1.4069
   25.394800   40.302000     -4.1502
   25.428100   40.302000     -7.4554
   25.461400   40.302000     -9.1244
   25.494700   40.302000     -8.5553
   25.528000   40.302000     -8.8119
   25.561300   40.302000    -12.2702
   25.594600   40.302000     -9.1034
   20.200000   40.268700      6.6629
   20.233300   40.268700     11.7768
   20.266600   40.268700     15.1479
   20.299900   40.268700     15.1283
   20.333200   40.268700      5.3758
   20.366500   40.268700     -9.6325
   20.399800   40.268700    -14.5418
   20.433100   40.268700    -10.0097
   20.466400   40.268700      0.9622
   20.499700   40.268700      3.9408
   20.533000   40.268700     -3.9000
   20.566300   40.268700    -11.5826
   20.599600   40.268700    -14.2118
   20.632900   40.268700    -13.5053
   20.666200   40.268700     -9.3740
   20.699500   40.268700     -1.5597
   20.732800   40.268700      7.6574
   20.766100   40.268700     11.8876
   20.799400   40.268700      4.7082
   20.832700   40.268700     -2.2754
   20.866000   40.268700     -3.6341
   20.899300   40.268700      2.1027
   20.932600   40.268700      7.3165
   20.965900   40.268700     13.1981
   20.999200   40.268700      7.7629
   21.032500   40.268700     -7.2639
   21.065800   40.268700    -17.4793
   21.099100   40.268700    -24.8109
   21.132400   40.268700    -17.8981
   21.165700   40.268700     -7.7202
   21.199000   40.268700     -0.9923
   21.232300   40.268700     -1.8359
   21.265600   40.268700     -4.4763
   21.298900   40.268700     -5.1784
   21.332200   40.268700     -6.1506
   21.365500   40.268700     -8.5725
   21.398800   40.268700     -6.6188
   21.432100   40.268700      1.4511
   21.465400   40.268700      7.0590
   21.498700   40.268700      3.2420
   21.532000   40.268700     -2.3366
   21.565300   40.268700     -0.0737
   21.598600   40.268700      6.4190
   21.631900   40.268700     13.2327
   21.665200   40.268700     13.0252
   21.698500   40.268700      9.3782
   21.731800   40.268700      7.1791
   21.765100   40.268700      3.8151
   21.798400   40.268700     -2.2373
   21.831700   40.268700     -7.3704
   21.865000   40.268700     -5.8794
   21.898300   40.268700      2.5178
   21.931600   40.268700     11.3892
   21.964900   40.268700     17.4096
   21.998200   40.268700     18.7532
   22.031500   40.268700     13.5667
   22.064800   40.268700      1.0257
   22.098100   40.268700     -4.7874
   22.131400   40.268700      0.3967
   22.164700   40.268700      3.4422
   22.198000   40.268700     -0.3274
   22.231300   40.268700     -9.8791
   22.264600   40.268700    -14.1616
   22.297900   40.268700    -10.7428
   22.331200   40.268700     -5.2947
   22.364500   40.268700     -2.7231
   22.397800   40.268700     -0.3700
   22.431100   40.268700      1.7165
   22.464400   40.268700      2.3785
   22.497700   40.268700      3.0455
   22.531000   40.268700      4.6750
   22.564300   40.268700      5.7673
   22.597600   40.268700      3.6660
   22.630900   40.268700     -0.9881
   22.664200   40.268700     -2.8337
   22.697500   40.268700      0.1217
   22.730800   40.268700      2.3354
   22.764100   40.268700      0.3254
   22.797400   40.268700     -2.8072
   22.830700   40.268700     -5.3373
   22.864000   40.268700     -8.8488
   22.897300   40.268700    -12.3322
   22.930600   40.268700    -12.9516
   22.963900   40.268700    -11.0473
   22.997200   40.268700     -8.6593
   23.030500   40.268700     -5.8066
   23.063800   40.268700     -3.2233
   23.097100   40.268700     -4.2560
   23.130400   40.268700     -9.4818
   23.163700   40.268700    -13.9145
   23.197000   40.268700    -12.9527
   23.230300   40.268700     -7.5810
   23.263600   40.268700     -0.6263
   23.296900   40.268700      6.9937
   23.330200   40.268700     13.9103
   23.363500   40.268700     17.8868
   23.396800   40.268700     22.0641
   23.430100   40.268700     31.5959
   23.463400   40.268700     41.2604
   23.496700   40.268700     43.2573
   23.530000   40.268700     38.7718
   23.563300   40.268700     27.5064
   23.596600   40.268700      7.5090
   23.629900   40.268700    -14.0684
   23.663200   40.268700    -27.1790
   23.696500   40.268700    -25.6404
   23.729800   40.268700    -19.5200
   23.763100   40.268700    -20.5674
   23.796400   40.268700    -24.1600
   23.829700   40.268700    -22.4401
   23.863000   40.268700    -20.1302
   23.896300   40.268700    -19.3706
   23.929600   40.268700    -11.9032
   23.962900   40.268700      4.2811
   23.996200   40.268700     20.2858
   24.029500   40.268700     29.9836
   24.062800   40.268700     33.4675
   24.096100   40.268700     31.4282
   24.129400   40.268700     25.7598
   24.162700   40.268700     19.1339
   24.196000   40.268700     11.5977
   24.229300   40.268700      9.5886
   24.262600   40.268700     17.2930
   24.295900   40.268700     31.5169
   24.329200   40.268700     32.1593
   24.362500   40.268700     17.3754
   24.395800   40.268700      4.5427
   24.429100   40.268700      2.3943
   24.462400   40.268700      2.5764
   24.495700   40.268700     -1.2790
   24.529000   40.268700     -5.4539
   24.562300   40.268700     -6.2654
   24.595600   40.268700     -4.2961
   24.628900   40.268700     -0.4673
   24.662200   40.268700      3.7839
   24.695500   40.268700      5.8764
   24.728800   40.268700      5.6132
   24.762100   40.268700      4.6035
   24.795400   40.268700      2.8533
   24.828700   40.268700      0.7794
   24.862000   40.268700      1.1922
   24.895300   40.268700      4.5951
   24.928600   40.268700      7.3764
   24.961900   40.268700      7.3843
   24.995200   40.268700      6.3762
   25.028500   40.268700      5.7833
   25.061800   40.268700      4.7502
   25.095100   40.268700      3.0432
   25.128400   40.268700      1.4366
   25.161700   40.268700     -0.1442
   25.195000   40.268700     -1.7324
   25.228300   40.268700     -2.8859
   25.261600   40.268700     -3.3046
   25.294900   40.268700     -2.1126
   25.328200   40.268700      0.0708
   25.361500   40.268700     -0.8569
   25.394800   40.268700     -7.1811
   25.428100   40.268700    -14.8378
   25.461400   40.268700    -17.2530
   25.494700   40.268700    -12.6958
   25.528000   40.268700     -7.8577
   25.561300   40.268700     -8.2757
   25.594600   40.268700     -5.1893
   20.200000   40.235400     -0.4087
   20.233300   40.235400      9.6820
   20.266600   40.235400     10.7915
   20.299900   40.235400     11.6255
   20.333200   40.235400     12.5869
   20.366500   40.235400      6.9721
   20.399800   40.235400      0.6804
   20.433100   40.235400      4.5061
   20.466400   40.235400     11.2246
   20.499700   40.235400      9.5935
   20.533000   40.235400      2.6418
   20.566300   40.235400     -5.7912
   20.599600   40.235400     -9.9282
   20.632900   40.235400    -10.9298
   20.666200   40.235400    -10.1197
   20.699500   40.235400     -7.6128
   20.732800   40.235400     -4.1128
   20.766100   40.235400     -0.4906
   20.799400   40.235400      3.6385
   20.832700   40.235400      7.0577
   20.866000   40.235400      5.8823
   20.899300   40.235400      0.2745
   20.932600   40.235400     -1.4711
   20.965900   40.235400      4.5489
   20.999200   40.235400     12.2754
   21.032500   40.235400      8.9461
   21.065800   40.235400      0.4259
   21.099100   40.235400     -5.4889
   21.132400   40.235400     -5.2848
   21.165700   40.235400     -1.2534
   21.199000   40.235400      0.7016
   21.232300   40.235400      1.2256
   21.265600   40.235400      3.0209
   21.298900   40.235400      3.5550
   21.332200   40.235400     -1.9096
   21.365500   40.235400    -11.2730
   21.398800   40.235400    -12.2026
   21.432100   40.235400      0.8311
   21.465400   40.235400     15.3773
   21.498700   40.235400     16.3920
   21.532000   40.235400      3.3386
   21.565300   40.235400     -4.6879
   21.598600   40.235400     -2.4642
   21.631900   40.235400      1.3308
   21.665200   40.235400      1.4126
   21.698500   40.235400      0.3600
   21.731800   40.235400      3.2084
   21.765100   40.235400      8.8440
   21.798400   40.235400      7.9641
   21.831700   40.235400     -1.8089
   21.865000   40.235400    -11.5433
   21.898300   40.235400    -10.6101
   21.931600   40.235400     -1.8478
   21.964900   40.235400      6.8612
   21.998200   40.235400      9.4881
   22.031500   40.235400      4.4230
   22.064800   40.235400     -2.5565
   22.098100   40.235400     -1.8760
   22.131400   40.235400      3.3597
   22.164700   40.235400      6.1945
   22.198000   40.235400      5.5566
   22.231300   40.235400      1.7724
   22.264600   40.235400     -0.5768
   22.297900   40.235400      2.4963
   22.331200   40.235400      7.3090
   22.364500   40.235400      8.4442
   22.397800   40.235400      5.8202
   22.431100   40.235400      1.6671
   22.464400   40.235400     -0.7048
   22.497700   40.235400     -0.5585
   22.531000   40.235400      0.4438
   22.564300   40.235400      1.3811
   22.597600   40.235400      1.2446
   22.630900   40.235400     -0.5938
   22.664200   40.235400     -1.2316
   22.697500   40.235400      1.8753
   22.730800   40.235400      5.9071
   22.764100   40.235400      7.1653
   22.797400   40.235400      5.8856
   22.830700   40.235400      3.4252
   22.864000   40.235400     -0.0518
   22.897300   40.235400     -3.7913
   22.930600   40.235400     -6.5081
   22.963900   40.235400     -8.3692
   22.997200   40.235400    -10.2549
   23.030500   40.235400    -11.2285
   23.063800   40.235400     -9.5459
   23.097100   40.235400     -5.8774
   23.130400   40.235400     -2.9010
   23.163700   40.235400     -2.1763
   23.197000   40.235400     -2.6752
   23.230300   40.235400     -2.2707
   23.263600   40.235400     -0.4145
   23.296900   40.235400      1.9583
   23.330200   40.235400      5.0575
   23.363500   40.235400      9.8870
   23.396800   40.235400     16.5981
   23.430100   40.235400     23.3493
   23.463400   40.235400     26.2017
   23.496700   40.235400     25.9935
   23.530000   40.235400     27.8025
   23.563300   40.235400     27.4644
   23.596600   40.235400     15.9601
   23.629900   40.235400     -3.6165
   23.663200   40.235400    -20.2620
   23.696500   40.235400    -26.7944
   23.729800   40.235400    -24.5939
   23.763100   40.235400    -20.5466
   23.796400   40.235400    -19.2573
   23.829700   40.235400    -19.0356
   23.863000   40.235400    -20.9513
   23.896300   40.235400    -24.4608
   23.929600   40.235400    -22.4534
   23.962900   40.235400    -12.3394
   23.996200   40.235400     -1.2674
   24.029500   40.235400      5.3024
   24.062800   40.235400      8.3573
   24.096100   40.235400     10.1497
   24.129400   40.235400     13.4653
   24.162700   40.235400     18.1715
   24.196000   40.235400     15.0952
   24.229300   40.235400      0.6849
   24.262600   40.235400     -7.8834
   24.295900   40.235400      0.8794
   24.329200   40.235400     25.6015
   24.362500   40.235400     33.8746
   24.395800   40.235400     20.8551
   24.429100   40.235400      7.9100
   24.462400   40.235400      5.8343
   24.495700   40.235400      5.7510
   24.529000   40.235400      1.9581
   24.562300   40.235400     -1.2471
   24.595600   40.235400     -1.1280
   24.628900   40.235400      1.2433
   24.662200   40.235400      4.4693
   24.695500   40.235400      6.5316
   24.728800   40.235400      6.6048
   24.762100   40.235400      5.8854
   24.795400   40.235400      4.9770
   24.828700   40.235400      4.2667
   24.862000   40.235400      5.3210
   24.895300   40.235400      8.0724
   24.928600   40.235400      9.6791
   24.961900   40.235400      8.7921
   24.995200   40.235400      7.4367
   25.028500   40.235400      6.3715
   25.061800   40.235400      3.7238
   25.095100   40.235400      0.1988
   25.128400   40.235400     -1.3699
   25.161700   40.235400     -1.5068
   25.195000   40.235400     -2.7363
   25.228300   40.235400     -5.3683
   25.261600   40.235400     -7.6571
   25.294900   40.235400     -6.9246
   25.328200   40.235400     -2.7188
   25.361500   40.235400     -0.1436
   25.394800   40.235400     -4.9796
   25.428100   40.235400    -15.1696
   25.461400   40.235400    -21.3346
   25.494700   40.235400    -17.8033
   25.528000   40.235400    -11.2433
   25.561300   40.235400    -10.2196
   25.594600   40.235400     -9.9539
   20.200000   40.202100     19.3093
   20.233300   40.202100     21.8599
   20.266600   40.202100     17.8565
   20.299900   40.202100     11.0605
   20.333200   40.202100      7.4585
   20.366500   40.202100      1.6653
   20.399800   40.202100     -3.1820
   20.433100   40.202100      3.6712
   20.466400   40.202100     15.7706
   20.499700   40.202100     17.3848
   20.533000   40.202100     11.6987
   20.566300   40.202100      1.6487
   20.599600   40.202100     -4.6295
   20.632900   40.202100     -7.1568
   20.666200   40.202100     -9.3079
   20.699500   40.202100    -10.5747
   20.732800   40.202100     -9.8922
   20.766100   40.202100     -3.7528
   20.799400   40.202100      8.0599
   20.832700   40.202100     15.5220
   20.866000   40.202100      6.3450
   20.899300   40.202100     -9.3857
   20.932600   40.202100    -19.6622
   20.965900   40.202100    -13.6710
   20.999200   40.202100      5.4482
   21.032500   40.202100     19.6575
   21.065800   40.202100     18.6206
   21.099100   40.202100     13.3957
   21.132400   40.202100      9.8790
   21.165700   40.202100      6.2546
   21.199000   40.202100      4.3523
   21.232300   40.202100      6.0652
   21.265600   40.202100      9.8820
   21.298900   40.202100      9.2204
   21.332200   40.202100      2.3174
   21.365500   40.202100     -6.8318
   21.398800   40.202100    -10.4815
   21.432100   40.202100     -5.6486
   21.465400   40.202100      2.8394
   21.498700   40.202100      4.3475
   21.532000   40.202100     -3.2184
   21.565300   40.202100     -8.7981
   21.598600   40.202100     -7.4391
   21.631900   40.202100     -2.5974
   21.665200   40.202100     -0.6406
   21.698500   40.202100     -1.2215
   21.731800   40.202100      0.3369
   21.765100   40.202100      6.1053
   21.798400   40.202100      9.6719
   21.831700   40.202100      2.9844
   21.865000   40.202100     -9.2368
   21.898300   40.202100    -14.5196
   21.931600   40.202100    -11.8538
   21.964900   40.202100    -10.2614
   21.998200   40.202100    -12.1098
   22.031500   40.202100    -11.2626
   22.064800   40.202100     -5.2281
   22.098100   40.202100      0.8313
   22.131400   40.202100      4.8763
   22.164700   40.202100      7.8099
   22.198000   40.202100      9.8117
   22.231300   40.202100     10.7584
   22.264600   40.202100      8.3233
   22.297900   40.202100      9.9019
   22.331200   40.202100     12.8540
   22.364500   40.202100     14.5659
   22.397800   40.202100     11.6732
   22.431100   40.202100      5.0384
   22.464400   40.202100      1.1434
   22.497700   40.202100      0.6196
   22.531000   40.202100     -0.7425
   22.564300   40.202100     -2.1101
   22.597600   40.202100     -0.5196
   22.630900   40.202100      1.2907
   22.664200   40.202100      0.3765
   22.697500   40.202100      0.2350
   22.730800   40.202100      3.8103
   22.764100   40.202100      8.1032
   22.797400   40.202100     10.1020
   22.830700   40.202100      9.9138
   22.864000   40.202100      7.8666
   22.897300   40.202100      4.5597
   22.930600   40.202100      1.4286
   22.963900   40.202100     -1.0403
   22.997200   40.202100     -3.7511
   23.030500   40.202100     -7.4017
   23.063800   40.202100    -11.0521
   23.097100   40.202100    -12.3021
   23.130400   40.202100    -10.0918
   23.163700   40.202100     -6.7922
   23.197000   40.202100     -5.1737
   23.230300   40.202100     -4.8202
   23.263600   40.202100     -4.7878
   23.296900   40.202100     -4.9673
   23.330200   40.202100     -3.2252
   23.363500   40.202100      1.8249
   23.396800   40.202100      7.3259
   23.430100   40.202100      9.7740
   23.463400   40.202100      7.8095
   23.496700   40.202100      4.1440
   23.530000   40.202100      3.5857
   23.563300   40.202100      5.6683
   23.596600   40.202100      6.6217
   23.629900   40.202100      4.2517
   23.663200   40.202100     -4.9332
   23.696500   40.202100    -17.7997
   23.729800   40.202100    -21.9276
   23.763100   40.202100    -15.0599
   23.796400   40.202100     -8.8259
   23.829700   40.202100    -11.3290
   23.863000   40.202100    -15.7238
   23.896300   40.202100    -15.2752
   23.929600   40.202100    -12.2340
   23.962900   40.202100    -12.3197
   23.996200   40.202100    -16.5469
   24.029500   40.202100    -20.3781
   24.062800   40.202100    -21.6809
   24.096100   40.202100    -22.8482
   24.129400   40.202100    -20.3235
   24.162700   40.202100     -6.0247
   24.196000   40.202100     11.0565
   24.229300   40.202100      4.9465
   24.262600   40.202100    -16.1433
   24.295900   40.202100    -28.9697
   24.329200   40.202100     -9.7803
   24.362500   40.202100     23.1302
   24.395800   40.202100     26.2384
   24.429100   40.202100     11.7371
   24.462400   40.202100      7.8840
   24.495700   40.202100     11.2229
   24.529000   40.202100      8.6791
   24.562300   40.202100      3.7344
   24.595600   40.202100      2.1134
   24.628900   40.202100      2.6795
   24.662200   40.202100      4.3391
   24.695500   40.202100      6.3796
   24.728800   40.202100      7.4533
   24.762100   40.202100      7.1965
   24.795400   40.202100      6.0879
   24.828700   40.202100      5.5092
   24.862000   40.202100      6.6100
   24.895300   40.202100      8.1410
   24.928600   40.202100      8.1409
   24.961900   40.202100      6.4537
   24.995200   40.202100      4.0355
   25.028500   40.202100      1.4160
   25.061800   40.202100     -0.9939
   25.095100   40.202100     -2.3218
   25.128400   40.202100     -2.6392
   25.161700   40.202100     -3.5310
   25.195000   40.202100     -5.7433
   25.228300   40.202100     -8.6458
   25.261600   40.202100    -11.3094
   25.294900   40.202100    -11.2690
   25.328200   40.202100     -6.9792
   25.361500   40.202100     -2.3263
   25.394800   40.202100     -2.8561
   25.428100   40.202100     -8.3444
   25.461400   40.202100    -12.5736
   25.494700   40.202100    -10.6351
   25.528000   40.202100     -5.8378
   25.561300   40.202100     -4.3471
   25.594600   40.202100     -5.6856
   20.200000   40.168800     16.7994
   20.233300   40.168800     14.6355
   20.266600   40.168800     19.1364
   20.299900   40.168800     18.8419
   20.333200   40.168800      9.3690
   20.366500   40.168800     -3.6819
   20.399800   40.168800    -17.4884
   20.433100   40.168800    -22.6401
   20.466400   40.168800     -2.7782
   20.499700   40.168800     15.7073
   20.533000   40.168800     14.6951
   20.566300   40.168800      7.1234
   20.599600   40.168800     -1.0505
   20.632900   40.168800     -5.3901
   20.666200   40.168800     -8.1266
   20.699500   40.168800    -10.3642
   20.732800   40.168800     -8.2178
   20.766100   40.168800     -0.1468
   20.799400   40.168800     12.1194
   20.832700   40.168800     14.1934
   20.866000   40.168800      4.1782
   20.899300   40.168800    -10.3819
   20.932600   40.168800    -19.5079
   20.965900   40.168800    -16.1310
   20.999200   40.168800      1.3677
   21.032500   40.168800     14.3286
   21.065800   40.168800     15.9416
   21.099100   40.168800     10.1772
   21.132400   40.168800      5.4626
   21.165700   40.168800      1.5737
   21.199000   40.168800      0.7601
   21.232300   40.168800      3.7337
   21.265600   40.168800      6.1534
   21.298900   40.168800      4.7441
   21.332200   40.168800      1.3307
   21.365500   40.168800     -0.6189
   21.398800   40.168800     -2.9899
   21.432100   40.168800     -7.3524
   21.465400   40.168800     -9.6268
   21.498700   40.168800     -8.0745
   21.532000   40.168800     -5.4419
   21.565300   40.168800     -3.4307
   21.598600   40.168800      0.8233
   21.631900   40.168800      7.5347
   21.665200   40.168800     10.3596
   21.698500   40.168800      8.7591
   21.731800   40.168800      3.0637
   21.765100   40.168800     -0.4690
   21.798400   40.168800      1.0452
   21.831700   40.168800     -0.6540
   21.865000   40.168800     -8.4283
   21.898300   40.168800    -12.1844
   21.931600   40.168800     -9.3462
   21.964900   40.168800     -8.4913
   21.998200   40.168800     -9.8607
   22.031500   40.168800     -4.8338
   22.064800   40.168800      2.0839
   22.098100   40.168800      6.0084
   22.131400   40.168800      4.7335
   22.164700   40.168800      2.4765
   22.198000   40.168800      3.5007
   22.231300   40.168800      6.3327
   22.264600   40.168800      5.8165
   22.297900   40.168800      2.9596
   22.331200   40.168800      3.1480
   22.364500   40.168800      7.0435
   22.397800   40.168800     10.3358
   22.431100   40.168800      9.8980
   22.464400   40.168800      9.4240
   22.497700   40.168800      9.5455
   22.531000   40.168800      4.3391
   22.564300   40.168800     -3.3255
   22.597600   40.168800     -4.1205
   22.630900   40.168800     -0.5093
   22.664200   40.168800     -1.8185
   22.697500   40.168800     -4.5101
   22.730800   40.168800     -0.4154
   22.764100   40.168800      6.6346
   22.797400   40.168800      9.9938
   22.830700   40.168800     10.4240
   22.864000   40.168800      9.8319
   22.897300   40.168800      8.2060
   22.930600   40.168800      6.1385
   22.963900   40.168800      4.2012
   22.997200   40.168800      2.0623
   23.030500   40.168800     -1.0915
   23.063800   40.168800     -5.8632
   23.097100   40.168800    -10.8394
   23.130400   40.168800    -13.3742
   23.163700   40.168800    -13.4550
   23.197000   40.168800    -12.8044
   23.230300   40.168800    -11.1299
   23.263600   40.168800     -8.7957
   23.296900   40.168800     -7.5057
   23.330200   40.168800     -5.2230
   23.363500   40.168800     -0.4068
   23.396800   40.168800      3.6979
   23.430100   40.168800      4.4073
   23.463400   40.168800      2.1364
   23.496700   40.168800     -1.9768
   23.530000   40.168800     -5.2253
   23.563300   40.168800     -5.0458
   23.596600   40.168800     -0.5276
   23.629900   40.168800      6.2347
   23.663200   40.168800      6.2983
   23.696500   40.168800     -5.5056
   23.729800   40.168800    -16.9845
   23.763100   40.168800    -17.8298
   23.796400   40.168800    -17.6725
   23.829700   40.168800    -23.7160
   23.863000   40.168800    -29.0490
   23.896300   40.168800    -21.2928
   23.929600   40.168800     -7.2416
   23.962900   40.168800     -1.6304
   23.996200   40.168800     -8.1960
   24.029500   40.168800    -17.9299
   24.062800   40.168800    -22.4580
   24.096100   40.168800    -22.5946
   24.129400   40.168800    -20.2148
   24.162700   40.168800     -8.2564
   24.196000   40.168800     15.4843
   24.229300   40.168800     27.4343
   24.262600   40.168800      3.3195
   24.295900   40.168800    -21.5327
   24.329200   40.168800    -18.0518
   24.362500   40.168800     -1.1702
   24.395800   40.168800     12.9992
   24.429100   40.168800     11.1149
   24.462400   40.168800     12.9578
   24.495700   40.168800     16.1243
   24.529000   40.168800     11.2411
   24.562300   40.168800      5.1921
   24.595600   40.168800      3.4158
   24.628900   40.168800      2.6687
   24.662200   40.168800      2.2900
   24.695500   40.168800      3.5418
   24.728800   40.168800      5.3442
   24.762100   40.168800      5.9001
   24.795400   40.168800      4.6904
   24.828700   40.168800      3.5700
   24.862000   40.168800      4.1449
   24.895300   40.168800      4.7470
   24.928600   40.168800      3.5154
   24.961900   40.168800      0.5834
   24.995200   40.168800     -3.7229
   25.028500   40.168800     -7.6614
   25.061800   40.168800     -7.7542
   25.095100   40.168800     -4.5512
   25.128400   40.168800     -3.3012
   25.161700   40.168800     -6.0481
   25.195000   40.168800     -9.1680
   25.228300   40.168800    -10.1761
   25.261600   40.168800     -9.8673
   25.294900   40.168800     -7.8843
   25.328200   40.168800     -4.1853
   25.361500   40.168800     -1.7062
   25.394800   40.168800     -1.8018
   25.428100   40.168800     -2.9042
   25.461400   40.168800     -3.6439
   25.494700   40.168800     -2.4138
   25.528000   40.168800      1.5471
   25.561300   40.168800      5.4592
   25.594600   40.168800      4.3544
   20.200000   40.135500     -3.8526
   20.233300   40.135500      2.2338
   20.266600   40.135500      7.1780
   20.299900   40.135500     15.1442
   20.333200   40.135500     16.9439
   20.366500   40.135500     -1.5463
   20.399800   40.135500    -16.0004
   20.433100   40.135500    -25.1310
   20.466400   40.135500    -19.0889
   20.499700   40.135500     -2.1399
   20.533000   40.135500      6.0923
   20.566300   40.135500      4.1984
   20.599600   40.135500     -0.2318
   20.632900   40.135500     -3.8332
   20.666200   40.135500     -6.0569
   20.699500   40.135500     -5.3964
   20.732800   40.135500     -1.5014
   20.766100   40.135500      3.2425
   20.799400   40.135500      5.0055
   20.832700   40.135500      3.1104
   20.866000   40.135500     -1.8590
   20.899300   40.135500     -7.1034
   20.932600   40.135500     -7.9475
   20.965900   40.135500     -3.0747
   20.999200   40.135500      3.2518
   21.032500   40.135500      6.0221
   21.065800   40.135500      3.8759
   21.099100   40.135500     -0.0503
   21.132400   40.135500     -1.0957
   21.165700   40.135500      0.2717
   21.199000   40.135500      1.8537
   21.232300   40.135500      3.4794
   21.265600   40.135500      3.3369
   21.298900   40.135500      0.9077
   21.332200   40.135500     -0.5629
   21.365500   40.135500      1.2266
   21.398800   40.135500      0.7073
   21.432100   40.135500     -5.3498
   21.465400   40.135500     -8.9750
   21.498700   40.135500     -3.1327
   21.532000   40.135500      6.9533
   21.565300   40.135500     12.0813
   21.598600   40.135500     13.4409
   21.631900   40.135500     15.4857
   21.665200   40.135500     17.8618
   21.698500   40.135500     13.8567
   21.731800   40.135500      2.9180
   21.765100   40.135500     -4.8472
   21.798400   40.135500     -5.9240
   21.831700   40.135500     -5.8509
   21.865000   40.135500    -10.1787
   21.898300   40.135500     -9.5009
   21.931600   40.135500     -4.7552
   21.964900   40.135500     -1.1608
   21.998200   40.135500     -1.2921
   22.031500   40.135500      0.4531
   22.064800   40.135500      5.9854
   22.098100   40.135500      9.1995
   22.131400   40.135500      5.5013
   22.164700   40.135500      0.3624
   22.198000   40.135500     -0.0517
   22.231300   40.135500      4.7147
   22.264600   40.135500      6.1846
   22.297900   40.135500      2.3481
   22.331200   40.135500     -2.4915
   22.364500   40.135500     -4.7434
   22.397800   40.135500     -2.8904
   22.431100   40.135500      0.2195
   22.464400   40.135500      7.4286
   22.497700   40.135500     16.8593
   22.531000   40.135500     15.0171
   22.564300   40.135500      0.4188
   22.597600   40.135500     -9.5664
   22.630900   40.135500     -7.9367
   22.664200   40.135500     -5.9232
   22.697500   40.135500     -6.4445
   22.730800   40.135500     -2.2148
   22.764100   40.135500      4.6277
   22.797400   40.135500      7.6130
   22.830700   40.135500      7.6582
   22.864000   40.135500      7.4272
   22.897300   40.135500      7.2618
   22.930600   40.135500      7.3593
   22.963900   40.135500      7.3321
   22.997200   40.135500      6.2255
   23.030500   40.135500      3.7430
   23.063800   40.135500     -0.3363
   23.097100   40.135500     -5.3842
   23.130400   40.135500     -9.3507
   23.163700   40.135500    -11.6658
   23.197000   40.135500    -12.9359
   23.230300   40.135500    -11.7332
   23.263600   40.135500     -8.4459
   23.296900   40.135500     -6.5068
   23.330200   40.135500     -4.7337
   23.363500   40.135500     -0.4554
   23.396800   40.135500      3.2662
   23.430100   40.135500      3.7683
   23.463400   40.135500      1.8620
   23.496700   40.135500     -1.8483
   23.530000   40.135500     -4.6595
   23.563300   40.135500     -3.4988
   23.596600   40.135500      0.0017
   23.629900   40.135500      4.2004
   23.663200   40.135500      8.3312
   23.696500   40.135500      7.4800
   23.729800   40.135500     -0.8034
   23.763100   40.135500    -11.2772
   23.796400   40.135500    -18.7099
   23.829700   40.135500    -24.3489
   23.863000   40.135500    -27.1621
   23.896300   40.135500    -27.8971
   23.929600   40.135500    -22.7029
   23.962900   40.135500    -10.4979
   23.996200   40.135500     -1.4483
   24.029500   40.135500     -1.8165
   24.062800   40.135500     -7.1746
   24.096100   40.135500     -8.2536
   24.129400   40.135500     -5.7430
   24.162700   40.135500     -3.1952
   24.196000   40.135500      8.2993
   24.229300   40.135500     27.7594
   24.262600   40.135500     28.2772
   24.295900   40.135500      3.3623
   24.329200   40.135500     -7.7988
   24.362500   40.135500     -1.0542
   24.395800   40.135500      9.9199
   24.429100   40.135500     11.5860
   24.462400   40.135500     13.1729
   24.495700   40.135500     13.7126
   24.529000   40.135500      8.8758
   24.562300   40.135500      4.0367
   24.595600   40.135500      2.0641
   24.628900   40.135500      0.2476
   24.662200   40.135500     -1.1025
   24.695500   40.135500     -0.4069
   24.728800   40.135500      1.6713
   24.762100   40.135500      3.5981
   24.795400   40.135500      3.8659
   24.828700   40.135500      2.7187
   24.862000   40.135500      1.8053
   24.895300   40.135500      0.8962
   24.928600   40.135500     -1.2926
   24.961900   40.135500     -4.4206
   24.995200   40.135500     -7.4060
   25.028500   40.135500     -8.5706
   25.061800   40.135500     -5.8903
   25.095100   40.135500     -1.6727
   25.128400   40.135500     -1.4541
   25.161700   40.135500     -5.2896
   25.195000   40.135500     -8.0024
   25.228300   40.135500     -8.3172
   25.261600   40.135500     -7.7888
   25.294900   40.135500     -4.9316
   25.328200   40.135500     -0.1624
   25.361500   40.135500      2.1516
   25.394800   40.135500      1.6864
   25.428100   40.135500      1.2348
   25.461400   40.135500      0.7910
   25.494700   40.135500      1.1779
   25.528000   40.135500      4.9287
   25.561300   40.135500      9.3105
   25.594600   40.135500      5.6698
   20.200000   40.102200      6.4905
   20.233300   40.102200     -0.4404
   20.266600   40.102200      1.7916
   20.299900   40.102200     11.7306
   20.333200   40.102200     16.3460
   20.366500   40.102200      7.3645
   20.399800   40.102200     -6.2399
   20.433100   40.102200     -9.7066
   20.466400   40.102200    -11.2515
   20.499700   40.102200     -6.0818
   20.533000   40.102200      0.2082
   20.566300   40.102200      3.2872
   20.599600   40.102200      1.7487
   20.632900   40.102200     -1.1036
   20.666200   40.102200     -2.1080
   20.699500   40.102200      1.3506
   20.732800   40.102200      6.9233
   20.766100   40.102200      7.4604
   20.799400   40.102200      1.7993
   20.832700   40.102200     -2.6172
   20.866000   40.102200     -3.7083
   20.899300   40.102200     -2.0359
   20.932600   40.102200     -0.2305
   20.965900   40.102200      0.4113
   20.999200   40.102200     -0.4226
   21.032500   40.102200     -3.6720
   21.065800   40.102200     -7.6912
   21.099100   40.102200     -8.7042
   21.132400   40.102200     -5.7992
   21.165700   40.102200     -1.3207
   21.199000   40.102200      1.0692
   21.232300   40.102200      1.0294
   21.265600   40.102200      1.3995
   21.298900   40.102200      0.2649
   21.332200   40.102200     -2.5667
   21.365500   40.102200     -4.9354
   21.398800   40.102200     -7.4681
   21.432100   40.102200    -10.6763
   21.465400   40.102200     -9.5228
   21.498700   40.102200     -0.4167
   21.532000   40.102200     10.7267
   21.565300   40.102200     16.1871
   21.598600   40.102200     17.1820
   21.631900   40.102200     16.7889
   21.665200   40.102200     17.7676
   21.698500   40.102200     15.9626
   21.731800   40.102200      8.9781
   21.765100   40.102200      1.0069
   21.798400   40.102200     -2.7316
   21.831700   40.102200     -3.8736
   21.865000   40.102200     -5.5144
   21.898300   40.102200     -3.9312
   21.931600   40.102200      1.3043
   21.964900   40.102200      3.3750
   21.998200   40.102200      0.5424
   22.031500   40.102200     -4.0108
   22.064800   40.102200     -3.1045
   22.098100   40.102200      3.2471
   22.131400   40.102200      6.1925
   22.164700   40.102200      2.3755
   22.198000   40.102200      0.7576
   22.231300   40.102200      4.7207
   22.264600   40.102200      6.8394
   22.297900   40.102200      4.7986
   22.331200   40.102200      0.4197
   22.364500   40.102200     -2.3636
   22.397800   40.102200     -5.5286
   22.431100   40.102200     -8.5269
   22.464400   40.102200     -4.0400
   22.497700   40.102200      8.5048
   22.531000   40.102200     15.3876
   22.564300   40.102200      4.0149
   22.597600   40.102200    -12.0865
   22.630900   40.102200    -14.7746
   22.664200   40.102200     -8.5208
   22.697500   40.102200     -3.3906
   22.730800   40.102200      0.6833
   22.764100   40.102200      4.3262
   22.797400   40.102200      5.6249
   22.830700   40.102200      5.3458
   22.864000   40.102200      5.0611
   22.897300   40.102200      5.5632
   22.930600   40.102200      7.4460
   22.963900   40.102200      9.7171
   22.997200   40.102200     10.4693
   23.030500   40.102200      8.9962
   23.063800   40.102200      5.2262
   23.097100   40.102200     -0.0850
   23.130400   40.102200     -4.7033
   23.163700   40.102200     -7.6722
   23.197000   40.102200     -9.5925
   23.230300   40.102200     -9.2612
   23.263600   40.102200     -7.1607
   23.296900   40.102200     -7.3466
   23.330200   40.102200     -8.6410
   23.363500   40.102200     -6.2798
   23.396800   40.102200     -1.7921
   23.430100   40.102200      2.0239
   23.463400   40.102200      4.7658
   23.496700   40.102200      3.7005
   23.530000   40.102200     -0.6810
   23.563300   40.102200     -2.5781
   23.596600   40.102200     -1.5277
   23.629900   40.102200     -0.9731
   23.663200   40.102200      1.1358
   23.696500   40.102200      5.6528
   23.729800   40.102200      5.9348
   23.763100   40.102200     -1.0404
   23.796400   40.102200     -7.5046
   23.829700   40.102200     -7.8050
   23.863000   40.102200     -7.4620
   23.896300   40.102200    -11.4080
   23.929600   40.102200    -17.9214
   23.962900   40.102200    -17.8998
   23.996200   40.102200     -4.9667
   24.029500   40.102200      6.1375
   24.062800   40.102200      5.2087
   24.096100   40.102200      2.0418
   24.129400   40.102200      3.1147
   24.162700   40.102200      1.2577
   24.196000   40.102200      0.9938
   24.229300   40.102200     12.5629
   24.262600   40.102200     21.4985
   24.295900   40.102200     12.9752
   24.329200   40.102200      3.3740
   24.362500   40.102200      6.2543
   24.395800   40.102200      8.9252
   24.429100   40.102200      4.0409
   24.462400   40.102200      1.1602
   24.495700   40.102200      3.4987
   24.529000   40.102200      4.6541
   24.562300   40.102200      2.5440
   24.595600   40.102200     -0.5080
   24.628900   40.102200     -2.8794
   24.662200   40.102200     -3.5256
   24.695500   40.102200     -2.5444
   24.728800   40.102200     -0.7272
   24.762100   40.102200      1.8493
   24.795400   40.102200      3.9646
   24.828700   40.102200      3.5779
   24.862000   40.102200      1.1429
   24.895300   40.102200     -1.5067
   24.928600   40.102200     -4.0477
   24.961900   40.102200     -6.0859
   24.995200   40.102200     -6.3492
   25.028500   40.102200     -4.7279
   25.061800   40.102200     -2.5215
   25.095100   40.102200     -2.0395
   25.128400   40.102200     -4.7280
   25.161700   40.102200     -7.3481
   25.195000   40.102200     -5.6968
   25.228300   40.102200     -2.7215
   25.261600   40.102200     -2.6415
   25.294900   40.102200     -2.1609
   25.328200   40.102200      1.1557
   25.361500   40.102200      3.2335
   25.394800   40.102200      2.6677
   25.428100   40.102200      2.1678
   25.461400   40.102200      2.4201
   25.494700   40.102200      3.8293
   25.528000   40.102200      7.5049
   25.561300   40.102200     10.5831
   25.594600   40.102200      6.0620
   20.200000   40.068900     24.6763
   20.233300   40.068900     12.9456
   20.266600   40.068900      5.6309
   20.299900   40.068900      8.0730
   20.333200   40.068900     11.7746
   20.366500   40.068900     13.8308
   20.399800   40.068900     10.2936
   20.433100   40.068900      4.2290
   20.466400   40.068900     -2.3364
   20.499700   40.068900     -4.6681
   20.533000   40.068900     -2.7278
   20.566300   40.068900      1.8941
   20.599600   40.068900      2.7415
   20.632900   40.068900     -0.7177
   20.666200   40.068900     -2.8187
   20.699500   40.068900     -0.6391
   20.732800   40.068900      4.7573
   20.766100   40.068900      7.8489
   20.799400   40.068900      5.3219
   20.832700   40.068900      2.0140
   20.866000   40.068900      1.2062
   20.899300   40.068900      0.9612
   20.932600   40.068900      0.1973
   20.965900   40.068900     -2.3953
   20.999200   40.068900     -6.9976
   21.032500   40.068900     -9.6138
   21.065800   40.068900    -11.8622
   21.099100   40.068900    -16.0461
   21.132400   40.068900    -14.8535
   21.165700   40.068900    -12.2101
   21.199000   40.068900     -9.8407
   21.232300   40.068900     -7.7204
   21.265600   40.068900     -3.2568
   21.298900   40.068900     -0.7350
   21.332200   40.068900     -4.2126
   21.365500   40.068900    -11.2446
   21.398800   40.068900    -15.5052
   21.432100   40.068900    -14.8073
   21.465400   40.068900    -11.2071
   21.498700   40.068900     -6.1185
   21.532000   40.068900      0.1770
   21.565300   40.068900      7.4638
   21.598600   40.068900     13.2466
   21.631900   40.068900     16.6865
   21.665200   40.068900     18.6119
   21.698500   40.068900     18.6528
   21.731800   40.068900     16.3030
   21.765100   40.068900      9.8268
   21.798400   40.068900      2.0432
   21.831700   40.068900     -1.5465
   21.865000   40.068900     -1.6334
   21.898300   40.068900      0.0341
   21.931600   40.068900      3.0793
   21.964900   40.068900      5.2218
   21.998200   40.068900      2.1219
   22.031500   40.068900     -5.1974
   22.064800   40.068900     -8.5623
   22.098100   40.068900     -0.9175
   22.131400   40.068900      8.2797
   22.164700   40.068900      8.0505
   22.198000   40.068900      3.8398
   22.231300   40.068900      3.1570
   22.264600   40.068900      3.6141
   22.297900   40.068900      2.8733
   22.331200   40.068900      2.2521
   22.364500   40.068900      1.6648
   22.397800   40.068900     -0.2367
   22.431100   40.068900     -3.3832
   22.464400   40.068900     -6.7958
   22.497700   40.068900     -4.0966
   22.531000   40.068900      2.5814
   22.564300   40.068900      1.5907
   22.597600   40.068900     -8.0572
   22.630900   40.068900    -12.9215
   22.664200   40.068900     -8.8657
   22.697500   40.068900     -2.4616
   22.730800   40.068900      2.0879
   22.764100   40.068900      4.2603
   22.797400   40.068900      4.4265
   22.830700   40.068900      4.1679
   22.864000   40.068900      4.6649
   22.897300   40.068900      6.3201
   22.930600   40.068900      9.4290
   22.963900   40.068900     12.8871
   22.997200   40.068900     14.5709
   23.030500   40.068900     13.5475
   23.063800   40.068900      9.9391
   23.097100   40.068900      4.6697
   23.130400   40.068900     -0.1929
   23.163700   40.068900     -3.5974
   23.197000   40.068900     -6.1741
   23.230300   40.068900     -6.8784
   23.263600   40.068900     -5.2236
   23.296900   40.068900     -4.8255
   23.330200   40.068900     -6.2333
   23.363500   40.068900     -4.9272
   23.396800   40.068900     -1.2640
   23.430100   40.068900      2.5842
   23.463400   40.068900      7.5056
   23.496700   40.068900     11.0420
   23.530000   40.068900      8.7652
   23.563300   40.068900      3.6952
   23.596600   40.068900      0.9858
   23.629900   40.068900     -0.6388
   23.663200   40.068900     -2.3219
   23.696500   40.068900     -1.0204
   23.729800   40.068900      2.9837
   23.763100   40.068900      4.8624
   23.796400   40.068900      3.6605
   23.829700   40.068900      3.7150
   23.863000   40.068900      6.3210
   23.896300   40.068900      5.7176
   23.929600   40.068900     -2.1667
   23.962900   40.068900    -10.7766
   23.996200   40.068900     -6.6565
   24.029500   40.068900      7.5107
   24.062800   40.068900     13.5722
   24.096100   40.068900     10.5844
   24.129400   40.068900      7.9787
   24.162700   40.068900      5.5184
   24.196000   40.068900      3.2254
   24.229300   40.068900      4.1405
   24.262600   40.068900      1.8160
   24.295900   40.068900     -6.5040
   24.329200   40.068900     -9.3120
   24.362500   40.068900     -3.4019
   24.395800   40.068900     -0.4687
   24.429100   40.068900     -3.6918
   24.462400   40.068900     -4.2018
   24.495700   40.068900      0.1287
   24.529000   40.068900      2.6273
   24.562300   40.068900      1.0280
   24.595600   40.068900     -1.5024
   24.628900   40.068900     -3.0484
   24.662200   40.068900     -3.0771
   24.695500   40.068900     -1.5524
   24.728800   40.068900      0.6290
   24.762100   40.068900      3.0471
   24.795400   40.068900      5.0499
   24.828700   40.068900      4.7125
   24.862000   40.068900      1.9100
   24.895300   40.068900     -0.9193
   24.928600   40.068900     -2.5445
   24.961900   40.068900     -3.1881
   24.995200   40.068900     -2.8838
   25.028500   40.068900     -2.1890
   25.061800   40.068900     -1.9931
   25.095100   40.068900     -2.9627
   25.128400   40.068900     -5.2492
   25.161700   40.068900     -6.1771
   25.195000   40.068900     -2.9292
   25.228300   40.068900      0.6401
   25.261600   40.068900     -0.1908
   25.294900   40.068900     -1.8731
   25.328200   40.068900     -0.6992
   25.361500   40.068900      0.4131
   25.394800   40.068900     -0.2064
   25.428100   40.068900     -0.5712
   25.461400   40.068900      0.1699
   25.494700   40.068900      1.9263
   25.528000   40.068900      4.6206
   25.561300   40.068900      7.2420
   25.594600   40.068900      7.4467
   20.200000   40.035600     16.0602
   20.233300   40.035600      5.5905
   20.266600   40.035600     -4.2405
   20.299900   40.035600     -0.7188
   20.333200   40.035600      5.6321
   20.366500   40.035600     14.1171
   20.399800   40.035600     13.6696
   20.433100   40.035600      9.1765
   20.466400   40.035600     -0.9682
   20.499700   40.035600     -7.6403
   20.533000   40.035600     -6.5324
   20.566300   40.035600     -2.2955
   20.599600   40.035600      0.0586
   20.632900   40.035600     -0.8078
   20.666200   40.035600     -4.4491
   20.699500   40.035600     -6.8298
   20.732800   40.035600     -5.7259
   20.766100   40.035600     -1.5742
   20.799400   40.035600      1.7036
   20.832700   40.035600      4.0199
   20.866000   40.035600      3.0001
   20.899300   40.035600     -2.0007
   20.932600   40.035600     -5.9619
   20.965900   40.035600     -5.4636
   20.999200   40.035600     -0.8570
   21.032500   40.035600      1.3235
   21.065800   40.035600     -3.3301
   21.099100   40.035600    -10.2919
   21.132400   40.035600    -16.6284
   21.165700   40.035600    -15.8831
   21.199000   40.035600    -12.3909
   21.232300   40.035600     -6.9278
   21.265600   40.035600     -2.8022
   21.298900   40.035600     -1.3808
   21.332200   40.035600     -4.7488
   21.365500   40.035600    -10.0592
   21.398800   40.035600    -11.0309
   21.432100   40.035600     -7.2242
   21.465400   40.035600     -4.2679
   21.498700   40.035600     -4.5185
   21.532000   40.035600     -3.0532
   21.565300   40.035600      3.2672
   21.598600   40.035600      8.6282
   21.631900   40.035600      6.6421
   21.665200   40.035600      1.6238
   21.698500   40.035600      0.5381
   21.731800   40.035600      2.3598
   21.765100   40.035600      1.4471
   21.798400   40.035600     -1.8434
   21.831700   40.035600     -2.5906
   21.865000   40.035600     -1.9385
   21.898300   40.035600     -2.2595
   21.931600   40.035600     -1.1180
   21.964900   40.035600      2.8300
   21.998200   40.035600      4.5200
   22.031500   40.035600      2.6179
   22.064800   40.035600     -1.0097
   22.098100   40.035600      1.6535
   22.131400   40.035600      7.6170
   22.164700   40.035600     10.0219
   22.198000   40.035600      8.6357
   22.231300   40.035600      4.4760
   22.264600   40.035600     -1.5762
   22.297900   40.035600     -3.7765
   22.331200   40.035600     -0.6453
   22.364500   40.035600      2.1593
   22.397800   40.035600      2.1271
   22.431100   40.035600      0.0376
   22.464400   40.035600     -3.2559
   22.497700   40.035600     -4.5676
   22.531000   40.035600     -3.1038
   22.564300   40.035600      0.1025
   22.597600   40.035600      0.1102
   22.630900   40.035600     -1.8738
   22.664200   40.035600     -2.3576
   22.697500   40.035600     -0.8291
   22.730800   40.035600      1.6593
   22.764100   40.035600      3.0369
   22.797400   40.035600      2.3092
   22.830700   40.035600      1.9993
   22.864000   40.035600      4.2184
   22.897300   40.035600      7.9770
   22.930600   40.035600     11.9932
   22.963900   40.035600     15.4490
   22.997200   40.035600     16.8986
   23.030500   40.035600     15.4608
   23.063800   40.035600     11.5845
   23.097100   40.035600      6.5464
   23.130400   40.035600      2.1059
   23.163700   40.035600     -0.9417
   23.197000   40.035600     -3.7269
   23.230300   40.035600     -5.9192
   23.263600   40.035600     -5.1444
   23.296900   40.035600     -2.4832
   23.330200   40.035600     -0.7734
   23.363500   40.035600      0.9206
   23.396800   40.035600      2.7224
   23.430100   40.035600      2.6799
   23.463400   40.035600      3.1950
   23.496700   40.035600      7.4976
   23.530000   40.035600     11.9831
   23.563300   40.035600     12.9190
   23.596600   40.035600     11.9408
   23.629900   40.035600     10.4147
   23.663200   40.035600      8.3855
   23.696500   40.035600      7.6249
   23.729800   40.035600      9.8574
   23.763100   40.035600     13.5668
   23.796400   40.035600     13.7930
   23.829700   40.035600      7.7972
   23.863000   40.035600      1.4786
   23.896300   40.035600     -1.0882
   23.929600   40.035600     -4.8273
   23.962900   40.035600    -10.0600
   23.996200   40.035600     -4.0522
   24.029500   40.035600     11.2884
   24.062800   40.035600     18.9840
   24.096100   40.035600     14.3131
   24.129400   40.035600      6.2698
   24.162700   40.035600     -0.4201
   24.196000   40.035600     -3.1189
   24.229300   40.035600     -2.7279
   24.262600   40.035600     -5.7720
   24.295900   40.035600    -11.0268
   24.329200   40.035600    -10.6579
   24.362500   40.035600     -6.1264
   24.395800   40.035600     -4.2205
   24.429100   40.035600     -4.3902
   24.462400   40.035600     -2.9420
   24.495700   40.035600     -1.0643
   24.529000   40.035600     -1.0353
   24.562300   40.035600     -1.2393
   24.595600   40.035600     -0.6393
   24.628900   40.035600     -1.0282
   24.662200   40.035600     -1.8314
   24.695500   40.035600     -0.5305
   24.728800   40.035600      2.2869
   24.762100   40.035600      4.3678
   24.795400   40.035600      5.0674
   24.828700   40.035600      4.5241
   24.862000   40.035600      3.0007
   24.895300   40.035600      1.1776
   24.928600   40.035600     -0.5579
   24.961900   40.035600     -1.8397
   24.995200   40.035600     -2.1617
   25.028500   40.035600     -1.3245
   25.061800   40.035600      0.9078
   25.095100   40.035600      3.8840
   25.128400   40.035600      5.5774
   25.161700   40.035600      5.0532
   25.195000   40.035600      3.0342
   25.228300   40.035600     -0.6037
   25.261600   40.035600     -4.8985
   25.294900   40.035600     -6.3523
   25.328200   40.035600     -4.8288
   25.361500   40.035600     -3.4921
   25.394800   40.035600     -2.6959
   25.428100   40.035600     -1.6853
   25.461400   40.035600     -1.1891
   25.494700   40.035600     -1.0256
   25.528000   40.035600     -0.6607
   25.561300   40.035600      0.1744
   25.594600   40.035600      2.8220
   20.200000   40.002300      9.1736
   20.233300   40.002300     -0.7236
   20.266600   40.002300    -13.5098
   20.299900   40.002300     -9.3996
   20.333200   40.002300     -2.6837
   20.366500   40.002300      3.8187
   20.399800   40.002300      5.6532
   20.433100   40.002300      4.8426
   20.466400   40.002300     -0.3316
   20.499700   40.002300     -4.8908
   20.533000   40.002300     -6.7717
   20.566300   40.002300     -5.7575
   20.599600   40.002300     -3.7029
   20.632900   40.002300     -2.4595
   20.666200   40.002300     -3.1381
   20.699500   40.002300     -5.4355
   20.732800   40.002300     -6.1740
   20.766100   40.002300     -4.8515
   20.799400   40.002300     -1.3582
   20.832700   40.002300      1.5315
   20.866000   40.002300     -1.9360
   20.899300   40.002300    -11.2979
   20.932600   40.002300    -16.1230
   20.965900   40.002300     -6.3989
   20.999200   40.002300      8.9662
   21.032500   40.002300     18.5440
   21.065800   40.002300     10.7488
   21.099100   40.002300     -2.2081
   21.132400   40.002300     -9.8047
   21.165700   40.002300     -7.1602
   21.199000   40.002300      0.9103
   21.232300   40.002300      6.4694
   21.265600   40.002300      6.6830
   21.298900   40.002300      1.9053
   21.332200   40.002300     -2.0424
   21.365500   40.002300     -2.7495
   21.398800   40.002300      0.1195
   21.432100   40.002300      2.5980
   21.465400   40.002300      1.5292
   21.498700   40.002300     -1.4861
   21.532000   40.002300     -0.3367
   21.565300   40.002300      6.3621
   21.598600   40.002300      9.0886
   21.631900   40.002300      0.1205
   21.665200   40.002300    -12.2144
   21.698500   40.002300    -16.4555
   21.731800   40.002300    -11.3925
   21.765100   40.002300     -6.3928
   21.798400   40.002300     -3.9587
   21.831700   40.002300     -1.9338
   21.865000   40.002300     -1.6374
   21.898300   40.002300     -4.0945
   21.931600   40.002300     -4.5318
   21.964900   40.002300      0.0313
   21.998200   40.002300      5.0531
   22.031500   40.002300      5.8858
   22.064800   40.002300      1.6576
   22.098100   40.002300     -2.2582
   22.131400   40.002300     -1.4909
   22.164700   40.002300      4.6535
   22.198000   40.002300     12.0621
   22.231300   40.002300     12.3330
   22.264600   40.002300      2.9969
   22.297900   40.002300     -4.3855
   22.331200   40.002300     -2.0313
   22.364500   40.002300      0.7673
   22.397800   40.002300     -0.0558
   22.431100   40.002300     -1.0938
   22.464400   40.002300      1.1688
   22.497700   40.002300      2.1972
   22.531000   40.002300     -2.1882
   22.564300   40.002300     -6.7048
   22.597600   40.002300     -6.1649
   22.630900   40.002300     -1.8011
   22.664200   40.002300      1.1989
   22.697500   40.002300      1.5235
   22.730800   40.002300      1.7443
   22.764100   40.002300      1.6648
   22.797400   40.002300     -0.7130
   22.830700   40.002300     -2.6923
   22.864000   40.002300     -0.4381
   22.897300   40.002300      4.9657
   22.930600   40.002300     10.4328
   22.963900   40.002300     14.2619
   22.997200   40.002300     15.4335
   23.030500   40.002300     13.7720
   23.063800   40.002300     10.2348
   23.097100   40.002300      6.0036
   23.130400   40.002300      2.3131
   23.163700   40.002300      0.1176
   23.197000   40.002300     -1.9250
   23.230300   40.002300     -5.4940
   23.263600   40.002300     -8.2910
   23.296900   40.002300     -7.9063
   23.330200   40.002300     -6.1823
   23.363500   40.002300     -4.0061
   23.396800   40.002300     -0.9453
   23.430100   40.002300      0.2882
   23.463400   40.002300     -0.8124
   23.496700   40.002300     -1.4163
   23.530000   40.002300     -0.5163
   23.563300   40.002300      3.1145
   23.596600   40.002300      7.7064
   23.629900   40.002300     11.6765
   23.663200   40.002300     16.2870
   23.696500   40.002300     21.0770
   23.729800   40.002300     22.9661
   23.763100   40.002300     24.3528
   23.796400   40.002300     27.6249
   23.829700   40.002300     25.7719
   23.863000   40.002300     15.5215
   23.896300   40.002300      5.5093
   23.929600   40.002300      0.4818
   23.962900   40.002300      0.3282
   23.996200   40.002300      7.3385
   24.029500   40.002300     16.4568
   24.062800   40.002300     16.3400
   24.096100   40.002300     10.0444
   24.129400   40.002300      3.4302
   24.162700   40.002300     -4.0520
   24.196000   40.002300     -8.3991
   24.229300   40.002300     -6.7252
   24.262600   40.002300     -4.4059
   24.295900   40.002300     -4.0625
   24.329200   40.002300     -3.6644
   24.362500   40.002300     -3.8138
   24.395800   40.002300     -5.2276
   24.429100   40.002300     -6.4404
   24.462400   40.002300     -6.5484
   24.495700   40.002300     -5.5998
   24.529000   40.002300     -3.6253
   24.562300   40.002300     -0.8392
   24.595600   40.002300      1.2869
   24.628900   40.002300      1.4012
   24.662200   40.002300      0.8466
   24.695500   40.002300      1.5998
   24.728800   40.002300      2.8833
   24.762100   40.002300      2.9351
   24.795400   40.002300      1.9283
   24.828700   40.002300      1.2014
   24.862000   40.002300      1.1458
   24.895300   40.002300      0.5210
   24.928600   40.002300     -1.7357
   24.961900   40.002300     -4.1054
   24.995200   40.002300     -3.8240
   25.028500   40.002300      0.1419
   25.061800   40.002300      6.3472
   25.095100   40.002300     11.4693
   25.128400   40.002300     12.3487
   25.161700   40.002300     10.0251
   25.195000   40.002300      4.4733
   25.228300   40.002300     -1.0392
   25.261600   40.002300     -3.5181
   25.294900   40.002300     -2.5640
   25.328200   40.002300     -1.4872
   25.361500   40.002300     -1.5676
   25.394800   40.002300     -0.8028
   25.428100   40.002300      0.0097
   25.461400   40.002300     -1.3696
   25.494700   40.002300     -3.2718
   25.528000   40.002300     -4.0298
   25.561300   40.002300     -4.8562
   25.594600   40.002300     -4.2860
   20.200000   39.969000     10.7888
   20.233300   39.969000      8.0177
   20.266600   39.969000     -0.7247
   20.299900   39.969000     -5.2335
   20.333200   39.969000     -4.8710
   20.366500   39.969000     -6.3539
   20.399800   39.969000     -8.9048
   20.433100   39.969000     -7.8279
   20.466400   39.969000     -3.3646
   20.499700   39.969000     -1.1669
   20.533000   39.969000     -4.0945
   20.566300   39.969000     -8.5722
   20.599600   39.969000     -8.5590
   20.632900   39.969000     -4.3456
   20.666200   39.969000     -0.9133
   20.699500   39.969000     -1.4517
   20.732800   39.969000     -3.2243
   20.766100   39.969000     -0.7921
   20.799400   39.969000      3.2749
   20.832700   39.969000      4.8043
   20.866000   39.969000      1.7526
   20.899300   39.969000    -10.3505
   20.932600   39.969000    -19.6883
   20.965900   39.969000    -10.8902
   20.999200   39.969000      3.4095
   21.032500   39.969000     12.9442
   21.065800   39.969000     10.1215
   21.099100   39.969000     -1.5438
   21.132400   39.969000     -7.3347
   21.165700   39.969000     -2.6238
   21.199000   39.969000     10.2961
   21.232300   39.969000     19.6177
   21.265600   39.969000     16.1734
   21.298900   39.969000      9.8045
   21.332200   39.969000      3.8634
   21.365500   39.969000      4.1854
   21.398800   39.969000      7.0642
   21.432100   39.969000      5.5466
   21.465400   39.969000      0.4509
   21.498700   39.969000     -4.1646
   21.532000   39.969000     -2.4918
   21.565300   39.969000      4.3766
   21.598600   39.969000      9.1422
   21.631900   39.969000      5.0404
   21.665200   39.969000     -2.2213
   21.698500   39.969000     -2.7955
   21.731800   39.969000      0.6862
   21.765100   39.969000     -0.0915
   21.798400   39.969000     -1.5946
   21.831700   39.969000     -1.6584
   21.865000   39.969000     -1.2956
   21.898300   39.969000     -2.6491
   21.931600   39.969000     -2.8676
   21.964900   39.969000      0.4431
   21.998200   39.969000      3.6986
   22.031500   39.969000      3.0254
   22.064800   39.969000     -0.7312
   22.098100   39.969000     -4.7453
   22.131400   39.969000     -5.2881
   22.164700   39.969000      0.7683
   22.198000   39.969000     10.8195
   22.231300   39.969000     14.5751
   22.264600   39.969000      8.9719
   22.297900   39.969000      4.3798
   22.331200   39.969000      5.3885
   22.364500   39.969000      5.4325
   22.397800   39.969000      0.1055
   22.431100   39.969000     -2.3132
   22.464400   39.969000      0.3940
   22.497700   39.969000     -0.1310
   22.531000   39.969000     -5.6756
   22.564300   39.969000    -13.1369
   22.597600   39.969000    -14.1397
   22.630900   39.969000     -7.7513
   22.664200   39.969000     -2.8712
   22.697500   39.969000     -3.7673
   22.730800   39.969000     -5.2623
   22.764100   39.969000     -5.0646
   22.797400   39.969000     -5.8355
   22.830700   39.969000     -7.2885
   22.864000   39.969000     -6.4223
   22.897300   39.969000     -2.7098
   22.930600   39.969000      2.4159
   22.963900   39.969000      7.1186
   22.997200   39.969000      9.3562
   23.030500   39.969000      8.7225
   23.063800   39.969000      6.6899
   23.097100   39.969000      4.3502
   23.130400   39.969000      2.0556
   23.163700   39.969000      0.6232
   23.197000   39.969000     -0.6438
   23.230300   39.969000     -4.3629
   23.263600   39.969000     -9.8938
   23.296900   39.969000    -13.5310
   23.330200   39.969000    -14.4041
   23.363500   39.969000    -12.6580
   23.396800   39.969000     -7.3990
   23.430100   39.969000     -0.6125
   23.463400   39.969000      4.3042
   23.496700   39.969000      4.0397
   23.530000   39.969000     -0.1375
   23.563300   39.969000     -2.4123
   23.596600   39.969000     -1.3758
   23.629900   39.969000      2.0817
   23.663200   39.969000      9.9548
   23.696500   39.969000     21.5432
   23.729800   39.969000     27.8282
   23.763100   39.969000     28.8222
   23.796400   39.969000     32.9726
   23.829700   39.969000     37.3981
   23.863000   39.969000     33.5258
   23.896300   39.969000     23.3609
   23.929600   39.969000     14.2043
   23.962900   39.969000     11.5327
   23.996200   39.969000     15.5454
   24.029500   39.969000     18.3041
   24.062800   39.969000     15.3505
   24.096100   39.969000     12.2750
   24.129400   39.969000      9.7408
   24.162700   39.969000      3.6134
   24.196000   39.969000     -2.1773
   24.229300   39.969000     -2.9795
   24.262600   39.969000     -1.1895
   24.295900   39.969000     -0.1963
   24.329200   39.969000     -1.0497
   24.362500   39.969000     -2.5494
   24.395800   39.969000     -2.9669
   24.429100   39.969000     -3.7215
   24.462400   39.969000     -5.4810
   24.495700   39.969000     -5.0350
   24.529000   39.969000     -1.8048
   24.562300   39.969000      0.9139
   24.595600   39.969000      2.1124
   24.628900   39.969000      3.3038
   24.662200   39.969000      4.4874
   24.695500   39.969000      4.4388
   24.728800   39.969000      2.9921
   24.762100   39.969000      0.9840
   24.795400   39.969000     -0.6849
   24.828700   39.969000     -1.5096
   24.862000   39.969000     -1.6416
   24.895300   39.969000     -2.2623
   24.928600   39.969000     -4.1491
   24.961900   39.969000     -5.2035
   24.995200   39.969000     -2.2801
   25.028500   39.969000      4.0726
   25.061800   39.969000      7.2402
   25.095100   39.969000      4.0425
   25.128400   39.969000     -4.7961
   25.161700   39.969000    -11.1120
   25.195000   39.969000     -9.9952
   25.228300   39.969000     -2.9648
   25.261600   39.969000      3.8955
   25.294900   39.969000      6.8767
   25.328200   39.969000      6.4071
   25.361500   39.969000      5.2713
   25.394800   39.969000      4.9224
   25.428100   39.969000      3.1266
   25.461400   39.969000     -1.4343
   25.494700   39.969000     -5.1172
   25.528000   39.969000     -5.7835
   25.561300   39.969000     -6.5862
   25.594600   39.969000     -7.6518
   20.200000   39.935700      1.2898
   20.233300   39.935700      5.5863
   20.266600   39.935700      7.0882
   20.299900   39.935700      5.9917
   20.333200   39.935700      1.9922
   20.366500   39.935700     -6.3748
   20.399800   39.935700    -13.4748
   20.433100   39.935700    -14.7476
   20.466400   39.935700     -7.3782
   20.499700   39.935700     -3.1184
   20.533000   39.935700     -5.8319
   20.566300   39.935700    -10.3971
   20.599600   39.935700     -8.6289
   20.632900   39.935700     -1.5241
   20.666200   39.935700      2.8226
   20.699500   39.935700      2.0176
   20.732800   39.935700      0.7797
   20.766100   39.935700      3.1719
   20.799400   39.935700      8.1935
   20.832700   39.935700      9.7685
   20.866000   39.935700      2.2780
   20.899300   39.935700     -7.9871
   20.932600   39.935700    -14.4475
   20.965900   39.935700    -10.4702
   20.999200   39.935700     -1.3273
   21.032500   39.935700      3.9745
   21.065800   39.935700      1.3744
   21.099100   39.935700     -5.2974
   21.132400   39.935700    -11.5075
   21.165700   39.935700     -9.4336
   21.199000   39.935700      0.1695
   21.232300   39.935700     13.3574
   21.265600   39.935700     16.3777
   21.298900   39.935700      8.4999
   21.332200   39.935700     -0.2786
   21.365500   39.935700     -1.8942
   21.398800   39.935700      2.2940
   21.432100   39.935700      4.1376
   21.465400   39.935700      0.7143
   21.498700   39.935700     -3.9140
   21.532000   39.935700     -4.5156
   21.565300   39.935700     -1.2763
   21.598600   39.935700      1.9727
   21.631900   39.935700      1.4948
   21.665200   39.935700      0.8600
   21.698500   39.935700      3.7102
   21.731800   39.935700      5.0989
   21.765100   39.935700      1.3995
   21.798400   39.935700     -1.4823
   21.831700   39.935700     -1.1068
   21.865000   39.935700      0.3303
   21.898300   39.935700      0.5623
   21.931600   39.935700      1.8272
   21.964900   39.935700      4.4447
   21.998200   39.935700      5.2536
   22.031500   39.935700      4.3985
   22.064800   39.935700      5.1958
   22.098100   39.935700      6.3429
   22.131400   39.935700      4.1290
   22.164700   39.935700      1.9666
   22.198000   39.935700      3.0370
   22.231300   39.935700      2.6617
   22.264600   39.935700     -0.4091
   22.297900   39.935700      0.3008
   22.331200   39.935700      5.5275
   22.364500   39.935700      6.5402
   22.397800   39.935700      0.1293
   22.431100   39.935700     -4.6398
   22.464400   39.935700     -3.9107
   22.497700   39.935700     -3.4660
   22.531000   39.935700     -6.4439
   22.564300   39.935700     -9.0464
   22.597600   39.935700     -4.2807
   22.630900   39.935700      2.3709
   22.664200   39.935700      1.0777
   22.697500   39.935700     -5.7572
   22.730800   39.935700    -10.8752
   22.764100   39.935700    -12.8027
   22.797400   39.935700    -13.6130
   22.830700   39.935700    -13.0075
   22.864000   39.935700    -10.7719
   22.897300   39.935700     -8.5130
   22.930600   39.935700     -6.1835
   22.963900   39.935700     -2.7293
   22.997200   39.935700      0.8439
   23.030500   39.935700      3.0091
   23.063800   39.935700      3.8735
   23.097100   39.935700      3.9212
   23.130400   39.935700      3.0704
   23.163700   39.935700      1.8468
   23.197000   39.935700      0.5175
   23.230300   39.935700     -2.5801
   23.263600   39.935700     -8.3702
   23.296900   39.935700    -14.6969
   23.330200   39.935700    -18.4181
   23.363500   39.935700    -17.1114
   23.396800   39.935700    -11.2400
   23.430100   39.935700     -3.5239
   23.463400   39.935700      5.3465
   23.496700   39.935700     13.5053
   23.530000   39.935700     16.5272
   23.563300   39.935700     15.1073
   23.596600   39.935700     12.4479
   23.629900   39.935700      9.1675
   23.663200   39.935700      8.4601
   23.696500   39.935700     13.1493
   23.729800   39.935700     16.4227
   23.763100   39.935700     14.2396
   23.796400   39.935700     13.6933
   23.829700   39.935700     17.9495
   23.863000   39.935700     21.8396
   23.896300   39.935700     20.4348
   23.929600   39.935700     14.6365
   23.962900   39.935700     11.4660
   23.996200   39.935700     14.4617
   24.029500   39.935700     17.7257
   24.062800   39.935700     17.6148
   24.096100   39.935700     16.5961
   24.129400   39.935700     13.9865
   24.162700   39.935700      8.7164
   24.196000   39.935700      4.2637
   24.229300   39.935700      2.6275
   24.262600   39.935700      2.6610
   24.295900   39.935700      2.2246
   24.329200   39.935700     -0.2160
   24.362500   39.935700     -1.9826
   24.395800   39.935700     -0.6026
   24.429100   39.935700      0.0722
   24.462400   39.935700     -1.8689
   24.495700   39.935700     -2.0470
   24.529000   39.935700      0.4222
   24.562300   39.935700      2.1953
   24.595600   39.935700      3.4312
   24.628900   39.935700      5.3222
   24.662200   39.935700      5.8253
   24.695500   39.935700      4.0298
   24.728800   39.935700      1.7549
   24.762100   39.935700     -0.0544
   24.795400   39.935700     -1.3861
   24.828700   39.935700     -2.1275
   24.862000   39.935700     -2.8086
   24.895300   39.935700     -4.2457
   24.928600   39.935700     -5.9035
   24.961900   39.935700     -5.3254
   24.995200   39.935700     -0.8239
   25.028500   39.935700      4.6018
   25.061800   39.935700      3.0460
   25.095100   39.935700     -9.5909
   25.128400   39.935700    -24.5696
   25.161700   39.935700    -27.3692
   25.195000   39.935700    -12.7987
   25.228300   39.935700      6.9910
   25.261600   39.935700     15.2608
   25.294900   39.935700     13.4719
   25.328200   39.935700     11.0617
   25.361500   39.935700     10.3783
   25.394800   39.935700      7.8038
   25.428100   39.935700      2.6782
   25.461400   39.935700     -2.7350
   25.494700   39.935700     -5.7190
   25.528000   39.935700     -6.1277
   25.561300   39.935700     -6.9509
   25.594600   39.935700     -7.7355
   20.200000   39.902400      1.7978
   20.233300   39.902400      3.7646
   20.266600   39.902400      4.2553
   20.299900   39.902400      6.0499
   20.333200   39.902400      6.8165
   20.366500   39.902400      2.5670
   20.399800   39.902400     -2.9761
   20.433100   39.902400     -4.8887
   20.466400   39.902400     -2.9097
   20.499700   39.902400     -1.9444
   20.533000   39.902400     -5.8648
   20.566300   39.902400    -10.5214
   20.599600   39.902400     -8.9729
   20.632900   39.902400     -1.6536
   20.666200   39.902400      1.7341
   20.699500   39.902400      0.3197
   20.732800   39.902400     -0.1492
   20.766100   39.902400      3.1504
   20.799400   39.902400      6.2445
   20.832700   39.902400      2.7665
   20.866000   39.902400     -8.6637
   20.899300   39.902400    -15.3952
   20.932600   39.902400    -13.3348
   20.965900   39.902400     -6.4574
   20.999200   39.902400     -0.4788
   21.032500   39.902400      2.1639
   21.065800   39.902400      0.8273
   21.099100   39.902400     -6.2497
   21.132400   39.902400    -14.5232
   21.165700   39.902400    -15.1851
   21.199000   39.902400     -9.2026
   21.232300   39.902400      3.6050
   21.265600   39.902400      8.6599
   21.298900   39.902400     -0.5118
   21.332200   39.902400    -12.6887
   21.365500   39.902400    -14.2810
   21.398800   39.902400     -5.5711
   21.432100   39.902400      1.8057
   21.465400   39.902400      2.3302
   21.498700   39.902400     -1.8467
   21.532000   39.902400     -4.6244
   21.565300   39.902400     -3.8703
   21.598600   39.902400     -3.0099
   21.631900   39.902400     -5.4365
   21.665200   39.902400     -7.9597
   21.698500   39.902400     -5.7637
   21.731800   39.902400     -1.8621
   21.765100   39.902400     -0.2894
   21.798400   39.902400      0.5293
   21.831700   39.902400      2.1220
   21.865000   39.902400      2.1750
   21.898300   39.902400      0.8862
   21.931600   39.902400      1.4943
   21.964900   39.902400      3.5277
   21.998200   39.902400      3.8087
   22.031500   39.902400      5.1026
   22.064800   39.902400     10.9407
   22.098100   39.902400     15.1571
   22.131400   39.902400      9.8711
   22.164700   39.902400      2.1481
   22.198000   39.902400     -1.4208
   22.231300   39.902400     -3.3356
   22.264600   39.902400     -6.5596
   22.297900   39.902400     -4.6006
   22.331200   39.902400      0.8989
   22.364500   39.902400      3.5730
   22.397800   39.902400     -2.2054
   22.431100   39.902400     -7.7897
   22.464400   39.902400     -5.6781
   22.497700   39.902400     -2.5184
   22.531000   39.902400     -3.7110
   22.564300   39.902400     -4.5602
   22.597600   39.902400      1.1834
   22.630900   39.902400      7.3878
   22.664200   39.902400      5.8283
   22.697500   39.902400      0.8915
   22.730800   39.902400     -1.6280
   22.764100   39.902400     -4.7531
   22.797400   39.902400    -11.3591
   22.830700   39.902400    -16.5539
   22.864000   39.902400    -16.2962
   22.897300   39.902400    -13.4321
   22.930600   39.902400    -11.3106
   22.963900   39.902400     -9.1812
   22.997200   39.902400     -5.3179
   23.030500   39.902400     -0.1711
   23.063800   39.902400      4.2688
   23.097100   39.902400      6.3492
   23.130400   39.902400      5.8354
   23.163700   39.902400      3.9048
   23.197000   39.902400      1.9700
   23.230300   39.902400     -0.4295
   23.263600   39.902400     -5.4561
   23.296900   39.902400    -13.5279
   23.330200   39.902400    -20.2318
   23.363500   39.902400    -19.6263
   23.396800   39.902400    -13.3930
   23.430100   39.902400     -8.5967
   23.463400   39.902400     -4.5491
   23.496700   39.902400      3.5385
   23.530000   39.902400     12.7258
   23.563300   39.902400     18.6870
   23.596600   39.902400     20.9063
   23.629900   39.902400     17.7914
   23.663200   39.902400     11.2504
   23.696500   39.902400      6.6809
   23.729800   39.902400      2.6433
   23.763100   39.902400     -2.9308
   23.796400   39.902400     -4.2622
   23.829700   39.902400      2.7600
   23.863000   39.902400     13.6798
   23.896300   39.902400     20.1582
   23.929600   39.902400     19.3032
   23.962900   39.902400     16.9384
   23.996200   39.902400     17.2609
   24.029500   39.902400     17.0691
   24.062800   39.902400     14.9018
   24.096100   39.902400     12.7627
   24.129400   39.902400     10.5459
   24.162700   39.902400      8.1281
   24.196000   39.902400      6.2158
   24.229300   39.902400      4.3155
   24.262600   39.902400      2.5289
   24.295900   39.902400      0.6453
   24.329200   39.902400     -1.8695
   24.362500   39.902400     -2.5921
   24.395800   39.902400     -0.8515
   24.429100   39.902400     -0.6416
   24.462400   39.902400     -2.0908
   24.495700   39.902400     -1.1038
   24.529000   39.902400      1.6361
   24.562300   39.902400      2.9895
   24.595600   39.902400      3.4798
   24.628900   39.902400      3.6242
   24.662200   39.902400      2.3647
   24.695500   39.902400      1.1024
   24.728800   39.902400      1.1271
   24.762100   39.902400      0.6668
   24.795400   39.902400     -0.8641
   24.828700   39.902400     -2.0881
   24.862000   39.902400     -3.1833
   24.895300   39.902400     -4.8338
   24.928600   39.902400     -5.9509
   24.961900   39.902400     -4.9830
   24.995200   39.902400     -2.0059
   25.028500   39.902400      0.8151
   25.061800   39.902400     -0.5530
   25.095100   39.902400     -8.2527
   25.128400   39.902400    -14.3015
   25.161700   39.902400     -7.6309
   25.195000   39.902400     11.9600
   25.228300   39.902400     26.4759
   25.261600   39.902400     22.9137
   25.294900   39.902400     13.2109
   25.328200   39.902400     11.1789
   25.361500   39.902400     11.9833
   25.394800   39.902400      6.7632
   25.428100   39.902400     -0.9174
   25.461400   39.902400     -4.9582
   25.494700   39.902400     -5.8417
   25.528000   39.902400     -6.3498
   25.561300   39.902400     -7.4522
   25.594600   39.902400     -6.4323
   20.200000   39.869100     12.9056
   20.233300   39.869100      8.1385
   20.266600   39.869100      4.7365
   20.299900   39.869100      4.9312
   20.333200   39.869100      8.6259
   20.366500   39.869100      9.9373
   20.399800   39.869100      6.3685
   20.433100   39.869100      2.2348
   20.466400   39.869100     -0.5675
   20.499700   39.869100     -1.3540
   20.533000   39.869100     -2.8366
   20.566300   39.869100     -9.0568
   20.599600   39.869100    -13.5678
   20.632900   39.869100    -11.1227
   20.666200   39.869100     -7.6098
   20.699500   39.869100     -6.6971
   20.732800   39.869100     -3.8226
   20.766100   39.869100      4.0283
   20.799400   39.869100      8.3056
   20.832700   39.869100      0.6161
   20.866000   39.869100    -11.8549
   20.899300   39.869100    -15.0815
   20.932600   39.869100     -9.5140
   20.965900   39.869100     -1.8248
   20.999200   39.869100      0.8175
   21.032500   39.869100      0.2216
   21.065800   39.869100      0.0620
   21.099100   39.869100     -4.1438
   21.132400   39.869100     -9.8223
   21.165700   39.869100    -12.3712
   21.199000   39.869100     -6.4301
   21.232300   39.869100      4.3921
   21.265600   39.869100      8.7734
   21.298900   39.869100      1.9811
   21.332200   39.869100     -8.2302
   21.365500   39.869100     -9.8524
   21.398800   39.869100     -2.5941
   21.432100   39.869100      3.3031
   21.465400   39.869100      2.8980
   21.498700   39.869100     -2.6044
   21.532000   39.869100     -5.8223
   21.565300   39.869100     -3.8267
   21.598600   39.869100     -1.2411
   21.631900   39.869100     -3.3372
   21.665200   39.869100     -7.1318
   21.698500   39.869100     -6.4040
   21.731800   39.869100     -2.1922
   21.765100   39.869100      1.0495
   21.798400   39.869100      1.3949
   21.831700   39.869100     -0.2418
   21.865000   39.869100     -3.2141
   21.898300   39.869100     -6.2740
   21.931600   39.869100     -7.5427
   21.964900   39.869100     -6.8206
   21.998200   39.869100     -4.3501
   22.031500   39.869100      2.7521
   22.064800   39.869100     12.0513
   22.098100   39.869100     13.3655
   22.131400   39.869100      5.6761
   22.164700   39.869100     -1.7157
   22.198000   39.869100      0.1340
   22.231300   39.869100      2.4658
   22.264600   39.869100     -1.6705
   22.297900   39.869100     -3.5168
   22.331200   39.869100      0.8278
   22.364500   39.869100      3.8585
   22.397800   39.869100     -1.3959
   22.431100   39.869100     -6.3793
   22.464400   39.869100     -3.2495
   22.497700   39.869100      0.7492
   22.531000   39.869100     -4.5782
   22.564300   39.869100    -11.8570
   22.597600   39.869100     -9.7825
   22.630900   39.869100     -4.0936
   22.664200   39.869100     -1.4006
   22.697500   39.869100     -1.8568
   22.730800   39.869100      2.1913
   22.764100   39.869100      8.2343
   22.797400   39.869100      6.1116
   22.830700   39.869100     -4.1612
   22.864000   39.869100    -13.4224
   22.897300   39.869100    -16.0737
   22.930600   39.869100    -14.3263
   22.963900   39.869100    -11.5399
   22.997200   39.869100     -7.3217
   23.030500   39.869100     -0.6010
   23.063800   39.869100      6.2008
   23.097100   39.869100      9.4279
   23.130400   39.869100      8.4431
   23.163700   39.869100      5.3917
   23.197000   39.869100      2.6481
   23.230300   39.869100      0.7078
   23.263600   39.869100     -2.1537
   23.296900   39.869100     -7.5204
   23.330200   39.869100    -13.0389
   23.363500   39.869100    -13.8424
   23.396800   39.869100    -10.5949
   23.430100   39.869100     -9.2271
   23.463400   39.869100     -9.8596
   23.496700   39.869100     -8.0995
   23.530000   39.869100     -5.3936
   23.563300   39.869100     -4.4800
   23.596600   39.869100     -3.8251
   23.629900   39.869100     -3.4640
   23.663200   39.869100     -4.0072
   23.696500   39.869100     -4.2518
   23.729800   39.869100     -6.2573
   23.763100   39.869100    -10.6919
   23.796400   39.869100    -11.3140
   23.829700   39.869100     -4.9750
   23.863000   39.869100      3.1208
   23.896300   39.869100      7.4122
   23.929600   39.869100      8.1900
   23.962900   39.869100      8.5758
   23.996200   39.869100      8.7441
   24.029500   39.869100      7.3931
   24.062800   39.869100      6.0823
   24.096100   39.869100      5.9848
   24.129400   39.869100      5.7443
   24.162700   39.869100      5.0349
   24.196000   39.869100      4.0736
   24.229300   39.869100      2.5984
   24.262600   39.869100      1.4251
   24.295900   39.869100      0.5161
   24.329200   39.869100     -0.8501
   24.362500   39.869100     -1.4264
   24.395800   39.869100     -1.0877
   24.429100   39.869100     -1.4801
   24.462400   39.869100     -1.3905
   24.495700   39.869100      0.8499
   24.529000   39.869100      2.9905
   24.562300   39.869100      2.8234
   24.595600   39.869100      1.3425
   24.628900   39.869100     -0.1451
   24.662200   39.869100     -0.7987
   24.695500   39.869100      0.4026
   24.728800   39.869100      2.1341
   24.762100   39.869100      1.7274
   24.795400   39.869100     -0.3627
   24.828700   39.869100     -2.2160
   24.862000   39.869100     -3.8233
   24.895300   39.869100     -5.2284
   24.928600   39.869100     -5.6803
   24.961900   39.869100     -5.4017
   24.995200   39.869100     -5.0827
   25.028500   39.869100     -3.8857
   25.061800   39.869100     -0.6359
   25.095100   39.869100      3.1342
   25.128400   39.869100      7.0063
   25.161700   39.869100     14.9974
   25.195000   39.869100     25.6260
   25.228300   39.869100     28.4396
   25.261600   39.869100     18.1826
   25.294900   39.869100      7.4588
   25.328200   39.869100      6.9152
   25.361500   39.869100      9.2551
   25.394800   39.869100      4.0003
   25.428100   39.869100     -4.0778
   25.461400   39.869100     -7.6487
   25.494700   39.869100     -7.9624
   25.528000   39.869100     -8.2640
   25.561300   39.869100     -8.0904
   25.594600   39.869100     -3.9572
   20.200000   39.835800      7.9416
   20.233300   39.835800      8.8942
   20.266600   39.835800      3.9883
   20.299900   39.835800      3.2785
   20.333200   39.835800      6.3493
   20.366500   39.835800      8.9379
   20.399800   39.835800      4.7009
   20.433100   39.835800     -3.4301
   20.466400   39.835800     -8.9943
   20.499700   39.835800     -5.6683
   20.533000   39.835800     -2.0092
   20.566300   39.835800     -4.5726
   20.599600   39.835800    -11.1158
   20.632900   39.835800    -13.3896
   20.666200   39.835800    -11.6382
   20.699500   39.835800    -10.1863
   20.732800   39.835800     -4.1897
   20.766100   39.835800      7.5939
   20.799400   39.835800     16.0366
   20.832700   39.835800     13.9381
   20.866000   39.835800      4.1686
   20.899300   39.835800     -0.4639
   20.932600   39.835800      0.8148
   20.965900   39.835800      1.7096
   20.999200   39.835800     -3.0834
   21.032500   39.835800     -7.0953
   21.065800   39.835800     -6.4505
   21.099100   39.835800     -5.3477
   21.132400   39.835800     -6.4838
   21.165700   39.835800     -6.4099
   21.199000   39.835800      0.2095
   21.232300   39.835800     11.3133
   21.265600   39.835800     19.0875
   21.298900   39.835800     20.7866
   21.332200   39.835800     11.5926
   21.365500   39.835800      3.9275
   21.398800   39.835800      2.1452
   21.432100   39.835800      2.8629
   21.465400   39.835800      1.4441
   21.498700   39.835800     -2.7609
   21.532000   39.835800     -5.3163
   21.565300   39.835800     -2.8284
   21.598600   39.835800      0.1498
   21.631900   39.835800     -1.5231
   21.665200   39.835800     -5.0829
   21.698500   39.835800     -4.7423
   21.731800   39.835800     -1.9211
   21.765100   39.835800     -2.5555
   21.798400   39.835800     -6.4141
   21.831700   39.835800     -9.1270
   21.865000   39.835800     -9.2929
   21.898300   39.835800     -9.3094
   21.931600   39.835800    -11.7021
   21.964900   39.835800    -15.5043
   21.998200   39.835800    -13.3960
   22.031500   39.835800      1.0602
   22.064800   39.835800     15.7698
   22.098100   39.835800     16.1343
   22.131400   39.835800      4.9913
   22.164700   39.835800     -1.8490
   22.198000   39.835800      1.4493
   22.231300   39.835800      4.7940
   22.264600   39.835800      1.1140
   22.297900   39.835800     -3.4715
   22.331200   39.835800     -1.1460
   22.364500   39.835800      1.8467
   22.397800   39.835800     -0.8500
   22.431100   39.835800     -4.5776
   22.464400   39.835800     -1.2456
   22.497700   39.835800      3.3790
   22.531000   39.835800     -2.2590
   22.564300   39.835800     -9.1844
   22.597600   39.835800     -9.7830
   22.630900   39.835800     -4.1617
   22.664200   39.835800     -3.8023
   22.697500   39.835800     -9.7690
   22.730800   39.835800    -11.3420
   22.764100   39.835800     -3.5407
   22.797400   39.835800     10.7956
   22.830700   39.835800     11.0547
   22.864000   39.835800     -0.3351
   22.897300   39.835800    -10.7253
   22.930600   39.835800    -13.7924
   22.963900   39.835800    -12.1814
   22.997200   39.835800     -8.1747
   23.030500   39.835800     -1.3498
   23.063800   39.835800      6.0549
   23.097100   39.835800      9.9170
   23.130400   39.835800      9.3239
   23.163700   39.835800      6.3843
   23.197000   39.835800      3.2561
   23.230300   39.835800      0.8858
   23.263600   39.835800     -0.5251
   23.296900   39.835800     -1.2527
   23.330200   39.835800     -1.7811
   23.363500   39.835800     -2.2274
   23.396800   39.835800     -3.0297
   23.430100   39.835800     -5.0801
   23.463400   39.835800     -7.4342
   23.496700   39.835800     -8.6685
   23.530000   39.835800    -10.5407
   23.563300   39.835800    -14.3053
   23.596600   39.835800    -17.3152
   23.629900   39.835800    -17.5143
   23.663200   39.835800    -15.1350
   23.696500   39.835800    -11.5831
   23.729800   39.835800    -10.1768
   23.763100   39.835800    -11.7385
   23.796400   39.835800    -11.6932
   23.829700   39.835800     -8.0220
   23.863000   39.835800     -4.3150
   23.896300   39.835800     -2.4779
   23.929600   39.835800     -0.5969
   23.962900   39.835800      1.8354
   23.996200   39.835800      2.8106
   24.029500   39.835800      2.2663
   24.062800   39.835800      2.4016
   24.096100   39.835800      3.2732
   24.129400   39.835800      3.2928
   24.162700   39.835800      2.6183
   24.196000   39.835800      1.9398
   24.229300   39.835800      1.4913
   24.262600   39.835800      1.7217
   24.295900   39.835800      1.7075
   24.329200   39.835800      0.1017
   24.362500   39.835800     -2.1153
   24.395800   39.835800     -2.9652
   24.429100   39.835800     -1.7256
   24.462400   39.835800      0.9774
   24.495700   39.835800      3.4277
   24.529000   39.835800      4.1982
   24.562300   39.835800      3.3995
   24.595600   39.835800      2.0363
   24.628900   39.835800      1.1863
   24.662200   39.835800      1.7839
   24.695500   39.835800      3.4793
   24.728800   39.835800      4.1178
   24.762100   39.835800      2.2814
   24.795400   39.835800     -0.7137
   24.828700   39.835800     -3.2579
   24.862000   39.835800     -4.8845
   24.895300   39.835800     -5.0005
   24.928600   39.835800     -4.2015
   24.961900   39.835800     -4.5393
   24.995200   39.835800     -6.0936
   25.028500   39.835800     -6.0629
   25.061800   39.835800     -1.9670
   25.095100   39.835800      4.5055
   25.128400   39.835800      9.1416
   25.161700   39.835800     11.7829
   25.195000   39.835800     15.3987
   25.228300   39.835800     17.6184
   25.261600   39.835800     12.7350
   25.294900   39.835800      4.9760
   25.328200   39.835800      2.3880
   25.361500   39.835800      2.9067
   25.394800   39.835800     -0.6812
   25.428100   39.835800     -6.9720
   25.461400   39.835800    -10.2819
   25.494700   39.835800    -10.1215
   25.528000   39.835800     -8.8745
   25.561300   39.835800     -6.6784
   25.594600   39.835800     -0.5440
   20.200000   39.802500      5.4768
   20.233300   39.802500     11.1619
   20.266600   39.802500      6.6659
   20.299900   39.802500      3.8050
   20.333200   39.802500      5.2567
   20.366500   39.802500      7.1419
   20.399800   39.802500      3.9061
   20.433100   39.802500     -2.4909
   20.466400   39.802500     -8.0307
   20.499700   39.802500     -4.3186
   20.533000   39.802500      0.9053
   20.566300   39.802500      2.6182
   20.599600   39.802500     -1.7176
   20.632900   39.802500     -4.4277
   20.666200   39.802500     -5.5440
   20.699500   39.802500     -6.9733
   20.732800   39.802500     -4.4020
   20.766100   39.802500      3.7006
   20.799400   39.802500     13.1723
   20.832700   39.802500     16.5244
   20.866000   39.802500     11.8383
   20.899300   39.802500      7.4109
   20.932600   39.802500      5.3827
   20.965900   39.802500      2.9590
   20.999200   39.802500     -2.6986
   21.032500   39.802500     -7.0023
   21.065800   39.802500     -7.4203
   21.099100   39.802500     -5.5058
   21.132400   39.802500     -3.8906
   21.165700   39.802500     -3.2182
   21.199000   39.802500      1.4811
   21.232300   39.802500     12.2892
   21.265600   39.802500     23.9598
   21.298900   39.802500     28.7511
   21.332200   39.802500     21.1035
   21.365500   39.802500      5.2153
   21.398800   39.802500     -4.7817
   21.432100   39.802500     -7.2677
   21.465400   39.802500     -5.7473
   21.498700   39.802500     -3.0633
   21.532000   39.802500     -2.1810
   21.565300   39.802500     -1.3607
   21.598600   39.802500     -1.0142
   21.631900   39.802500     -3.4143
   21.665200   39.802500     -5.6672
   21.698500   39.802500     -4.9253
   21.731800   39.802500     -4.2938
   21.765100   39.802500     -8.5284
   21.798400   39.802500    -14.2557
   21.831700   39.802500    -14.1334
   21.865000   39.802500     -5.6481
   21.898300   39.802500      2.1380
   21.931600   39.802500      0.3144
   21.964900   39.802500     -7.8867
   21.998200   39.802500    -11.4022
   22.031500   39.802500     -1.3013
   22.064800   39.802500     14.4916
   22.098100   39.802500     18.6135
   22.131400   39.802500     11.2606
   22.164700   39.802500      4.8613
   22.198000   39.802500      5.3360
   22.231300   39.802500      7.5757
   22.264600   39.802500      6.6181
   22.297900   39.802500      1.9779
   22.331200   39.802500     -1.0358
   22.364500   39.802500     -0.4268
   22.397800   39.802500      1.0054
   22.431100   39.802500      2.4211
   22.464400   39.802500      5.5414
   22.497700   39.802500      9.8331
   22.531000   39.802500      6.4917
   22.564300   39.802500     -1.5000
   22.597600   39.802500     -2.4216
   22.630900   39.802500      1.7702
   22.664200   39.802500     -1.3785
   22.697500   39.802500     -9.7408
   22.730800   39.802500    -18.4494
   22.764100   39.802500    -16.0336
   22.797400   39.802500     -3.0773
   22.830700   39.802500      8.8989
   22.864000   39.802500      6.5943
   22.897300   39.802500     -4.0107
   22.930600   39.802500    -11.2011
   22.963900   39.802500    -13.2113
   22.997200   39.802500    -11.4096
   23.030500   39.802500     -5.6878
   23.063800   39.802500      1.6753
   23.097100   39.802500      6.6358
   23.130400   39.802500      8.1950
   23.163700   39.802500      7.6984
   23.197000   39.802500      5.9897
   23.230300   39.802500      3.4399
   23.263600   39.802500      1.3266
   23.296900   39.802500      1.2734
   23.330200   39.802500      3.0759
   23.363500   39.802500      4.7782
   23.396800   39.802500      4.8100
   23.430100   39.802500      2.7316
   23.463400   39.802500     -1.0236
   23.496700   39.802500     -5.0636
   23.530000   39.802500     -8.0030
   23.563300   39.802500     -9.2418
   23.596600   39.802500     -9.0340
   23.629900   39.802500     -8.1630
   23.663200   39.802500     -6.7705
   23.696500   39.802500     -4.8525
   23.729800   39.802500     -3.7445
   23.763100   39.802500     -4.0984
   23.796400   39.802500     -4.1438
   23.829700   39.802500     -2.6502
   23.863000   39.802500     -0.3338
   23.896300   39.802500      2.2368
   23.929600   39.802500      5.0004
   23.962900   39.802500      7.0771
   23.996200   39.802500      7.1972
   24.029500   39.802500      5.5388
   24.062800   39.802500      3.7765
   24.096100   39.802500      3.0818
   24.129400   39.802500      3.0827
   24.162700   39.802500      2.7925
   24.196000   39.802500      1.8843
   24.229300   39.802500      1.2624
   24.262600   39.802500      1.3572
   24.295900   39.802500      0.9826
   24.329200   39.802500     -0.3780
   24.362500   39.802500     -1.6892
   24.395800   39.802500     -1.6438
   24.429100   39.802500      0.2986
   24.462400   39.802500      2.7440
   24.495700   39.802500      3.6477
   24.529000   39.802500      3.2484
   24.562300   39.802500      2.9111
   24.595600   39.802500      2.9986
   24.628900   39.802500      3.6772
   24.662200   39.802500      5.1116
   24.695500   39.802500      6.2416
   24.728800   39.802500      5.4122
   24.762100   39.802500      2.2820
   24.795400   39.802500     -1.6841
   24.828700   39.802500     -4.9624
   24.862000   39.802500     -6.6228
   24.895300   39.802500     -5.9598
   24.928600   39.802500     -4.3371
   24.961900   39.802500     -4.4963
   24.995200   39.802500     -6.1275
   25.028500   39.802500     -6.3960
   25.061800   39.802500     -4.1394
   25.095100   39.802500     -0.7250
   25.128400   39.802500      1.8478
   25.161700   39.802500      3.3164
   25.195000   39.802500      5.4661
   25.228300   39.802500      8.2542
   25.261600   39.802500      7.9261
   25.294900   39.802500      3.6546
   25.328200   39.802500      0.4145
   25.361500   39.802500     -0.3503
   25.394800   39.802500     -2.5947
   25.428100   39.802500     -7.0470
   25.461400   39.802500     -9.6405
   25.494700   39.802500     -8.6317
   25.528000   39.802500     -6.0262
   25.561300   39.802500     -3.1041
   25.594600   39.802500      2.5861
   20.200000   39.769200     12.3747
   20.233300   39.769200     15.8537
   20.266600   39.769200     13.0106
   20.299900   39.769200      6.8063
   20.333200   39.769200      5.7667
   20.366500   39.769200      6.1210
   20.399800   39.769200      4.7221
   20.433100   39.769200      2.5931
   20.466400   39.769200      3.0291
   20.499700   39.769200      4.4705
   20.533000   39.769200      4.4163
   20.566300   39.769200      2.7572
   20.599600   39.769200      0.8700
   20.632900   39.769200     -1.2904
   20.666200   39.769200     -3.1448
   20.699500   39.769200     -5.6260
   20.732800   39.769200     -7.0388
   20.766100   39.769200     -4.7569
   20.799400   39.769200     -0.5609
   20.832700   39.769200      0.5716
   20.866000   39.769200     -1.6410
   20.899300   39.769200     -5.0002
   20.932600   39.769200     -3.3646
   20.965900   39.769200      3.1966
   20.999200   39.769200      6.4541
   21.032500   39.769200      4.4413
   21.065800   39.769200     -0.1441
   21.099100   39.769200     -2.5578
   21.132400   39.769200     -3.1565
   21.165700   39.769200     -4.3335
   21.199000   39.769200     -4.7911
   21.232300   39.769200     -0.5460
   21.265600   39.769200      5.0948
   21.298900   39.769200      7.2510
   21.332200   39.769200      0.1761
   21.365500   39.769200    -10.7103
   21.398800   39.769200    -19.1541
   21.432100   39.769200    -18.3827
   21.465400   39.769200    -10.1284
   21.498700   39.769200     -3.6700
   21.532000   39.769200     -1.3176
   21.565300   39.769200     -2.0367
   21.598600   39.769200     -2.6521
   21.631900   39.769200     -3.6267
   21.665200   39.769200     -3.8286
   21.698500   39.769200     -2.2129
   21.731800   39.769200     -1.7845
   21.765100   39.769200     -6.7535
   21.798400   39.769200    -12.2107
   21.831700   39.769200    -10.6060
   21.865000   39.769200     -1.1270
   21.898300   39.769200     10.2902
   21.931600   39.769200     11.6565
   21.964900   39.769200      7.4907
   21.998200   39.769200     -0.0361
   22.031500   39.769200     -1.5976
   22.064800   39.769200      4.6950
   22.098100   39.769200      9.9795
   22.131400   39.769200      8.9298
   22.164700   39.769200      6.0809
   22.198000   39.769200      5.4486
   22.231300   39.769200      8.2041
   22.264600   39.769200     10.9761
   22.297900   39.769200     10.2671
   22.331200   39.769200      4.1025
   22.364500   39.769200      1.1823
   22.397800   39.769200      4.2416
   22.431100   39.769200      8.3776
   22.464400   39.769200     10.3960
   22.497700   39.769200     10.2869
   22.531000   39.769200      6.2771
   22.564300   39.769200     -2.0445
   22.597600   39.769200     -5.7147
   22.630900   39.769200     -2.1509
   22.664200   39.769200     -1.0921
   22.697500   39.769200     -5.2524
   22.730800   39.769200    -10.5558
   22.764100   39.769200    -11.2911
   22.797400   39.769200     -4.7749
   22.830700   39.769200      3.2693
   22.864000   39.769200      3.4426
   22.897300   39.769200     -4.4946
   22.930600   39.769200    -11.5242
   22.963900   39.769200    -15.2088
   22.997200   39.769200    -16.0368
   23.030500   39.769200    -12.6474
   23.063800   39.769200     -5.7085
   23.097100   39.769200      1.0631
   23.130400   39.769200      5.8163
   23.163700   39.769200      8.9411
   23.197000   39.769200     10.1758
   23.230300   39.769200      8.8983
   23.263600   39.769200      6.2486
   23.296900   39.769200      4.7467
   23.330200   39.769200      5.5437
   23.363500   39.769200      7.6077
   23.396800   39.769200      9.1917
   23.430100   39.769200      8.8246
   23.463400   39.769200      5.6735
   23.496700   39.769200      0.7003
   23.530000   39.769200     -3.3915
   23.563300   39.769200     -4.7342
   23.596600   39.769200     -4.3758
   23.629900   39.769200     -3.9208
   23.663200   39.769200     -2.7016
   23.696500   39.769200     -0.3397
   23.729800   39.769200      1.1662
   23.763100   39.769200      0.5229
   23.796400   39.769200     -1.2146
   23.829700   39.769200     -2.5718
   23.863000   39.769200     -2.6416
   23.896300   39.769200     -1.2102
   23.929600   39.769200      1.0498
   23.962900   39.769200      3.1480
   23.996200   39.769200      4.3424
   24.029500   39.769200      4.3469
   24.062800   39.769200      3.6988
   24.096100   39.769200      3.4639
   24.129400   39.769200      3.6550
   24.162700   39.769200      3.0863
   24.196000   39.769200      1.9350
   24.229300   39.769200      2.0333
   24.262600   39.769200      2.9730
   24.295900   39.769200      2.5196
   24.329200   39.769200      1.2129
   24.362500   39.769200      0.8510
   24.395800   39.769200      1.5611
   24.429100   39.769200      3.0826
   24.462400   39.769200      4.4207
   24.495700   39.769200      3.9291
   24.529000   39.769200      2.3290
   24.562300   39.769200      1.7062
   24.595600   39.769200      2.5608
   24.628900   39.769200      4.4848
   24.662200   39.769200      6.7180
   24.695500   39.769200      7.6504
   24.728800   39.769200      6.2150
   24.762100   39.769200      2.8542
   24.795400   39.769200     -1.0826
   24.828700   39.769200     -4.3299
   24.862000   39.769200     -6.0707
   24.895300   39.769200     -5.9756
   24.928600   39.769200     -5.1114
   24.961900   39.769200     -5.5475
   24.995200   39.769200     -7.2244
   25.028500   39.769200     -8.0845
   25.061800   39.769200     -7.5870
   25.095100   39.769200     -6.3443
   25.128400   39.769200     -4.0637
   25.161700   39.769200     -1.0368
   25.195000   39.769200      1.2431
   25.228300   39.769200      2.4219
   25.261600   39.769200      2.8304
   25.294900   39.769200      2.4778
   25.328200   39.769200      2.1029
   25.361500   39.769200      1.4340
   25.394800   39.769200     -1.2411
   25.428100   39.769200     -5.0690
   25.461400   39.769200     -6.8958
   25.494700   39.769200     -5.5459
   25.528000   39.769200     -2.6729
   25.561300   39.769200      0.2218
   25.594600   39.769200      4.2925
   20.200000   39.735900     10.5173
   20.233300   39.735900     11.6977
   20.266600   39.735900     10.0391
   20.299900   39.735900      7.6100
   20.333200   39.735900      4.2521
   20.366500   39.735900     -0.5714
   20.399800   39.735900     -4.3032
   20.433100   39.735900     -2.6690
   20.466400   39.735900      2.2417
   20.499700   39.735900      3.4435
   20.533000   39.735900      0.1499
   20.566300   39.735900     -2.7539
   20.599600   39.735900     -3.4559
   20.632900   39.735900     -3.4279
   20.666200   39.735900     -3.9975
   20.699500   39.735900     -4.9114
   20.732800   39.735900     -6.5064
   20.766100   39.735900     -8.1357
   20.799400   39.735900     -9.1079
   20.832700   39.735900     -8.7172
   20.866000   39.735900     -9.4467
   20.899300   39.735900    -11.6630
   20.932600   39.735900     -9.8232
   20.965900   39.735900      0.9675
   20.999200   39.735900      8.6436
   21.032500   39.735900      7.2945
   21.065800   39.735900      0.0454
   21.099100   39.735900     -4.0665
   21.132400   39.735900     -3.6437
   21.165700   39.735900     -2.7933
   21.199000   39.735900     -6.4839
   21.232300   39.735900    -10.5197
   21.265600   39.735900    -17.6088
   21.298900   39.735900    -19.7037
   21.332200   39.735900    -18.7281
   21.365500   39.735900    -14.2373
   21.398800   39.735900    -11.9175
   21.432100   39.735900    -10.2057
   21.465400   39.735900     -5.4745
   21.498700   39.735900     -1.8747
   21.532000   39.735900     -3.0904
   21.565300   39.735900     -4.2969
   21.598600   39.735900     -2.8249
   21.631900   39.735900     -1.8025
   21.665200   39.735900     -1.3839
   21.698500   39.735900      0.9451
   21.731800   39.735900      3.6095
   21.765100   39.735900      2.4536
   21.798400   39.735900     -2.6203
   21.831700   39.735900     -7.3392
   21.865000   39.735900     -9.0228
   21.898300   39.735900     -3.5121
   21.931600   39.735900      4.0356
   21.964900   39.735900      8.9483
   21.998200   39.735900      6.6008
   22.031500   39.735900      0.6481
   22.064800   39.735900     -3.4623
   22.098100   39.735900     -2.6813
   22.131400   39.735900      0.5212
   22.164700   39.735900      1.3038
   22.198000   39.735900     -0.9503
   22.231300   39.735900     -1.6014
   22.264600   39.735900      1.1296
   22.297900   39.735900      2.5888
   22.331200   39.735900      0.3421
   22.364500   39.735900     -0.8967
   22.397800   39.735900      1.6173
   22.431100   39.735900      4.0841
   22.464400   39.735900      4.8847
   22.497700   39.735900      5.9685
   22.531000   39.735900      4.8287
   22.564300   39.735900     -1.7184
   22.597600   39.735900     -6.3693
   22.630900   39.735900     -4.7174
   22.664200   39.735900      0.7849
   22.697500   39.735900      5.2196
   22.730800   39.735900      6.3470
   22.764100   39.735900      3.1942
   22.797400   39.735900      0.1206
   22.830700   39.735900     -1.2414
   22.864000   39.735900     -3.7589
   22.897300   39.735900     -9.7987
   22.930600   39.735900    -15.3785
   22.963900   39.735900    -18.0858
   22.997200   39.735900    -19.3241
   23.030500   39.735900    -18.5551
   23.063800   39.735900    -13.7539
   23.097100   39.735900     -5.8791
   23.130400   39.735900      2.3119
   23.163700   39.735900      9.1092
   23.197000   39.735900     13.3920
   23.230300   39.735900     14.2020
   23.263600   39.735900     12.1199
   23.296900   39.735900      9.4587
   23.330200   39.735900      8.0997
   23.363500   39.735900      8.2699
   23.396800   39.735900      9.0409
   23.430100   39.735900      9.3035
   23.463400   39.735900      8.3787
   23.496700   39.735900      6.3127
   23.530000   39.735900      3.9879
   23.563300   39.735900      2.1134
   23.596600   39.735900      0.0695
   23.629900   39.735900     -2.2002
   23.663200   39.735900     -2.8008
   23.696500   39.735900     -1.3968
   23.729800   39.735900     -0.3105
   23.763100   39.735900     -0.6817
   23.796400   39.735900     -1.8627
   23.829700   39.735900     -3.4461
   23.863000   39.735900     -5.0416
   23.896300   39.735900     -5.5675
   23.929600   39.735900     -4.1588
   23.962900   39.735900     -1.3982
   23.996200   39.735900      1.1839
   24.029500   39.735900      2.7564
   24.062800   39.735900      3.2877
   24.096100   39.735900      2.9805
   24.129400   39.735900      2.2002
   24.162700   39.735900      1.3003
   24.196000   39.735900      0.9707
   24.229300   39.735900      1.9121
   24.262600   39.735900      2.9694
   24.295900   39.735900      2.4916
   24.329200   39.735900      1.6207
   24.362500   39.735900      2.0158
   24.395800   39.735900      3.2494
   24.429100   39.735900      4.5906
   24.462400   39.735900      5.0554
   24.495700   39.735900      3.3779
   24.529000   39.735900      0.8821
   24.562300   39.735900      0.2167
   24.595600   39.735900      1.6895
   24.628900   39.735900      4.1246
   24.662200   39.735900      6.2756
   24.695500   39.735900      6.7757
   24.728800   39.735900      5.3499
   24.762100   39.735900      2.7987
   24.795400   39.735900     -0.0390
   24.828700   39.735900     -2.1740
   24.862000   39.735900     -2.9368
   24.895300   39.735900     -2.9114
   24.928600   39.735900     -3.3290
   24.961900   39.735900     -5.2024
   24.995200   39.735900     -8.2554
   25.028500   39.735900    -10.6823
   25.061800   39.735900    -11.4388
   25.095100   39.735900    -10.9393
   25.128400   39.735900     -9.1114
   25.161700   39.735900     -6.0960
   25.195000   39.735900     -3.5027
   25.228300   39.735900     -1.8747
   25.261600   39.735900      0.0168
   25.294900   39.735900      2.5003
   25.328200   39.735900      4.1037
   25.361500   39.735900      2.9805
   25.394800   39.735900     -0.5567
   25.428100   39.735900     -3.7066
   25.461400   39.735900     -4.5092
   25.494700   39.735900     -3.2576
   25.528000   39.735900     -0.9187
   25.561300   39.735900      1.6425
   25.594600   39.735900      3.4866
   20.200000   39.702600      7.7941
   20.233300   39.702600      5.8777
   20.266600   39.702600      8.1556
   20.299900   39.702600     10.9012
   20.333200   39.702600      9.1139
   20.366500   39.702600      3.0469
   20.399800   39.702600     -1.9179
   20.433100   39.702600     -1.3697
   20.466400   39.702600      1.7000
   20.499700   39.702600      2.9403
   20.533000   39.702600      0.5111
   20.566300   39.702600     -2.0425
   20.599600   39.702600     -2.8371
   20.632900   39.702600     -2.8327
   20.666200   39.702600     -2.6086
   20.699500   39.702600     -2.5124
   20.732800   39.702600     -3.9421
   20.766100   39.702600     -7.1344
   20.799400   39.702600     -9.5349
   20.832700   39.702600    -10.0877
   20.866000   39.702600     -9.1563
   20.899300   39.702600     -7.6111
   20.932600   39.702600     -5.8414
   20.965900   39.702600     -4.2405
   20.999200   39.702600     -4.9057
   21.032500   39.702600     -9.2023
   21.065800   39.702600    -10.7830
   21.099100   39.702600     -6.0964
   21.132400   39.702600      0.6069
   21.165700   39.702600      5.0571
   21.199000   39.702600      4.6808
   21.232300   39.702600     -3.3603
   21.265600   39.702600    -11.3489
   21.298900   39.702600    -13.7981
   21.332200   39.702600     -9.3416
   21.365500   39.702600     -3.9306
   21.398800   39.702600     -0.3132
   21.432100   39.702600     -1.3309
   21.465400   39.702600     -3.0743
   21.498700   39.702600     -4.8043
   21.532000   39.702600     -7.9118
   21.565300   39.702600     -6.9668
   21.598600   39.702600     -2.2930
   21.631900   39.702600      0.4083
   21.665200   39.702600      0.4006
   21.698500   39.702600      2.4857
   21.731800   39.702600      7.6089
   21.765100   39.702600     11.2790
   21.798400   39.702600      8.5919
   21.831700   39.702600     -1.3062
   21.865000   39.702600    -15.0379
   21.898300   39.702600    -18.9375
   21.931600   39.702600    -13.4535
   21.964900   39.702600     -2.8270
   21.998200   39.702600      4.4856
   22.031500   39.702600      4.6888
   22.064800   39.702600     -0.7829
   22.098100   39.702600     -5.3245
   22.131400   39.702600     -4.1179
   22.164700   39.702600     -0.5269
   22.198000   39.702600     -1.5964
   22.231300   39.702600     -6.1758
   22.264600   39.702600     -9.6477
   22.297900   39.702600     -8.8896
   22.331200   39.702600     -6.9728
   22.364500   39.702600     -5.4154
   22.397800   39.702600     -4.4180
   22.431100   39.702600     -3.9669
   22.464400   39.702600     -1.0716
   22.497700   39.702600      5.7375
   22.531000   39.702600      9.4254
   22.564300   39.702600      8.2519
   22.597600   39.702600      2.7744
   22.630900   39.702600      2.1002
   22.664200   39.702600      7.4600
   22.697500   39.702600     15.8327
   22.730800   39.702600     16.5100
   22.764100   39.702600      5.4012
   22.797400   39.702600     -8.1913
   22.830700   39.702600    -12.0927
   22.864000   39.702600     -8.2316
   22.897300   39.702600     -8.7082
   22.930600   39.702600    -14.8765
   22.963900   39.702600    -18.5268
   22.997200   39.702600    -17.9826
   23.030500   39.702600    -17.4433
   23.063800   39.702600    -16.8397
   23.097100   39.702600    -12.5418
   23.130400   39.702600     -4.0710
   23.163700   39.702600      5.6037
   23.197000   39.702600     13.2130
   23.230300   39.702600     16.8308
   23.263600   39.702600     16.3168
   23.296900   39.702600     13.2698
   23.330200   39.702600      9.9895
   23.363500   39.702600      8.1516
   23.396800   39.702600      7.8263
   23.430100   39.702600      8.2337
   23.463400   39.702600      8.9834
   23.496700   39.702600      9.6558
   23.530000   39.702600      9.6420
   23.563300   39.702600      8.4759
   23.596600   39.702600      5.6347
   23.629900   39.702600      1.4811
   23.663200   39.702600     -2.1021
   23.696500   39.702600     -3.8314
   23.729800   39.702600     -4.0781
   23.763100   39.702600     -3.6830
   23.796400   39.702600     -3.7027
   23.829700   39.702600     -4.8991
   23.863000   39.702600     -6.9312
   23.896300   39.702600     -8.1955
   23.929600   39.702600     -6.9090
   23.962900   39.702600     -3.6094
   23.996200   39.702600     -0.7535
   24.029500   39.702600      0.8424
   24.062800   39.702600      1.5999
   24.096100   39.702600      1.1090
   24.129400   39.702600     -0.3431
   24.162700   39.702600     -1.2230
   24.196000   39.702600     -1.0788
   24.229300   39.702600     -0.6035
   24.262600   39.702600     -0.1586
   24.295900   39.702600      0.3271
   24.329200   39.702600      1.1224
   24.362500   39.702600      2.1739
   24.395800   39.702600      2.9208
   24.429100   39.702600      2.9367
   24.462400   39.702600      1.9075
   24.495700   39.702600      0.0430
   24.529000   39.702600     -1.0468
   24.562300   39.702600     -0.2250
   24.595600   39.702600      1.5065
   24.628900   39.702600      3.0531
   24.662200   39.702600      4.0311
   24.695500   39.702600      3.9565
   24.728800   39.702600      2.9258
   24.762100   39.702600      1.6439
   24.795400   39.702600      0.8158
   24.828700   39.702600      1.0506
   24.862000   39.702600      1.7122
   24.895300   39.702600      0.8208
   24.928600   39.702600     -2.2215
   24.961900   39.702600     -6.1384
   24.995200   39.702600     -9.5987
   25.028500   39.702600    -11.5005
   25.061800   39.702600    -11.2808
   25.095100   39.702600     -9.7944
   25.128400   39.702600     -8.1184
   25.161700   39.702600     -6.6564
   25.195000   39.702600     -5.5242
   25.228300   39.702600     -4.2780
   25.261600   39.702600     -2.2275
   25.294900   39.702600      0.5268
   25.328200   39.702600      2.6652
   25.361500   39.702600      2.4649
   25.394800   39.702600      0.2589
   25.428100   39.702600     -1.6312
   25.461400   39.702600     -2.1454
   25.494700   39.702600     -1.8390
   25.528000   39.702600     -0.7061
   25.561300   39.702600      1.1432
   25.594600   39.702600      0.8046
   20.200000   39.669300      2.2388
   20.233300   39.669300      0.9769
   20.266600   39.669300      4.3784
   20.299900   39.669300      7.5709
   20.333200   39.669300     10.2702
   20.366500   39.669300     12.8826
   20.399800   39.669300     13.8261
   20.433100   39.669300     11.8389
   20.466400   39.669300      7.8112
   20.499700   39.669300      5.2172
   20.533000   39.669300      3.7828
   20.566300   39.669300      1.8188
   20.599600   39.669300     -1.1401
   20.632900   39.669300     -2.9507
   20.666200   39.669300     -2.2198
   20.699500   39.669300     -0.2246
   20.732800   39.669300     -0.4272
   20.766100   39.669300     -3.4082
   20.799400   39.669300     -6.9635
   20.832700   39.669300     -7.6843
   20.866000   39.669300     -5.1943
   20.899300   39.669300     -1.8431
   20.932600   39.669300     -1.5880
   20.965900   39.669300     -6.3558
   20.999200   39.669300    -14.9525
   21.032500   39.669300    -19.1117
   21.065800   39.669300    -10.6102
   21.099100   39.669300     -3.5585
   21.132400   39.669300      3.4484
   21.165700   39.669300      8.6650
   21.199000   39.669300      9.8553
   21.232300   39.669300      6.1757
   21.265600   39.669300      1.2319
   21.298900   39.669300     -0.2187
   21.332200   39.669300      0.8899
   21.365500   39.669300      0.5591
   21.398800   39.669300     -2.3183
   21.432100   39.669300     -4.6427
   21.465400   39.669300     -6.1295
   21.498700   39.669300     -8.0068
   21.532000   39.669300     -9.0987
   21.565300   39.669300     -6.8213
   21.598600   39.669300     -3.2546
   21.631900   39.669300      0.9668
   21.665200   39.669300      3.0538
   21.698500   39.669300      6.2133
   21.731800   39.669300     12.1905
   21.765100   39.669300     17.5199
   21.798400   39.669300     14.8509
   21.831700   39.669300      4.9402
   21.865000   39.669300     -7.2004
   21.898300   39.669300    -13.4669
   21.931600   39.669300    -11.4664
   21.964900   39.669300     -6.1196
   21.998200   39.669300      0.8623
   22.031500   39.669300      7.0066
   22.064800   39.669300      6.2145
   22.098100   39.669300     -0.0708
   22.131400   39.669300     -2.5570
   22.164700   39.669300      1.1063
   22.198000   39.669300      3.2859
   22.231300   39.669300     -1.8056
   22.264600   39.669300     -7.8609
   22.297900   39.669300     -9.4596
   22.331200   39.669300     -8.6138
   22.364500   39.669300     -9.5134
   22.397800   39.669300    -11.9905
   22.431100   39.669300    -11.7513
   22.464400   39.669300     -5.8771
   22.497700   39.669300      1.9754
   22.531000   39.669300      5.5766
   22.564300   39.669300      3.9521
   22.597600   39.669300      0.8817
   22.630900   39.669300     -0.4986
   22.664200   39.669300      2.0545
   22.697500   39.669300      8.0406
   22.730800   39.669300      9.2703
   22.764100   39.669300     -2.3307
   22.797400   39.669300    -16.2587
   22.830700   39.669300    -16.8412
   22.864000   39.669300     -4.0837
   22.897300   39.669300      4.2811
   22.930600   39.669300     -2.9206
   22.963900   39.669300    -12.8959
   22.997200   39.669300    -14.6803
   23.030500   39.669300    -12.6324
   23.063800   39.669300    -13.1070
   23.097100   39.669300    -14.1011
   23.130400   39.669300    -10.8729
   23.163700   39.669300     -2.5456
   23.197000   39.669300      7.4123
   23.230300   39.669300     14.5036
   23.263600   39.669300     16.5936
   23.296900   39.669300     14.6150
   23.330200   39.669300     11.2405
   23.363500   39.669300      8.7732
   23.396800   39.669300      7.5493
   23.430100   39.669300      7.3380
   23.463400   39.669300      8.6964
   23.496700   39.669300     11.0158
   23.530000   39.669300     12.3752
   23.563300   39.669300     11.7075
   23.596600   39.669300      8.8244
   23.629900   39.669300      4.0219
   23.663200   39.669300     -1.1621
   23.696500   39.669300     -4.6226
   23.729800   39.669300     -5.3909
   23.763100   39.669300     -4.2792
   23.796400   39.669300     -3.0825
   23.829700   39.669300     -2.7620
   23.863000   39.669300     -3.3295
   23.896300   39.669300     -4.1923
   23.929600   39.669300     -4.2779
   23.962900   39.669300     -3.6643
   23.996200   39.669300     -3.0007
   24.029500   39.669300     -1.5162
   24.062800   39.669300      0.3800
   24.096100   39.669300      0.1908
   24.129400   39.669300     -1.8572
   24.162700   39.669300     -3.1492
   24.196000   39.669300     -3.3767
   24.229300   39.669300     -3.3128
   24.262600   39.669300     -2.4716
   24.295900   39.669300     -0.9633
   24.329200   39.669300      0.1743
   24.362500   39.669300      0.4725
   24.395800   39.669300      0.0668
   24.429100   39.669300     -0.7953
   24.462400   39.669300     -1.6907
   24.495700   39.669300     -1.8181
   24.529000   39.669300     -0.5928
   24.562300   39.669300      1.2196
   24.595600   39.669300      2.2025
   24.628900   39.669300      2.1452
   24.662200   39.669300      1.5359
   24.695500   39.669300      0.7262
   24.728800   39.669300      0.2708
   24.762100   39.669300      0.7798
   24.795400   39.669300      2.6198
   24.828700   39.669300      5.1852
   24.862000   39.669300      6.0090
   24.895300   39.669300      3.1034
   24.928600   39.669300     -1.8611
   24.961900   39.669300     -5.7257
   24.995200   39.669300     -7.5429
   25.028500   39.669300     -7.8998
   25.061800   39.669300     -7.0048
   25.095100   39.669300     -5.2033
   25.128400   39.669300     -3.5208
   25.161700   39.669300     -2.9281
   25.195000   39.669300     -3.1539
   25.228300   39.669300     -3.0023
   25.261600   39.669300     -1.9444
   25.294900   39.669300     -0.1953
   25.328200   39.669300      1.7239
   25.361500   39.669300      2.7119
   25.394800   39.669300      2.2036
   25.428100   39.669300      1.0517
   25.461400   39.669300      0.0725
   25.494700   39.669300     -0.6530
   25.528000   39.669300     -0.5040
   25.561300   39.669300      0.7855
   25.594600   39.669300     -0.6486
   20.200000   39.636000     -7.1470
   20.233300   39.636000     -5.4657
   20.266600   39.636000     -2.1464
   20.299900   39.636000     -0.0755
   20.333200   39.636000      1.4144
   20.366500   39.636000      8.0805
   20.399800   39.636000     14.9744
   20.433100   39.636000     11.9043
   20.466400   39.636000      3.7508
   20.499700   39.636000     -2.8194
   20.533000   39.636000     -3.5167
   20.566300   39.636000     -0.6297
   20.599600   39.636000     -1.1832
   20.632900   39.636000     -3.6423
   20.666200   39.636000     -4.3336
   20.699500   39.636000     -1.3660
   20.732800   39.636000      1.5425
   20.766100   39.636000      1.5562
   20.799400   39.636000     -1.1419
   20.832700   39.636000     -3.2833
   20.866000   39.636000     -2.3417
   20.899300   39.636000      0.7622
   20.932600   39.636000      1.9154
   20.965900   39.636000     -2.0340
   20.999200   39.636000     -8.3458
   21.032500   39.636000    -11.1825
   21.065800   39.636000     -5.8111
   21.099100   39.636000      0.0676
   21.132400   39.636000      1.8924
   21.165700   39.636000     -0.8562
   21.199000   39.636000     -2.6513
   21.232300   39.636000     -1.5205
   21.265600   39.636000      1.4909
   21.298900   39.636000      1.1631
   21.332200   39.636000     -1.6024
   21.365500   39.636000     -5.0904
   21.398800   39.636000     -6.7311
   21.432100   39.636000     -7.4747
   21.465400   39.636000     -6.2510
   21.498700   39.636000     -4.7255
   21.532000   39.636000     -5.3153
   21.565300   39.636000     -5.1972
   21.598600   39.636000     -2.0579
   21.631900   39.636000      3.6081
   21.665200   39.636000      7.1828
   21.698500   39.636000      9.0904
   21.731800   39.636000     12.8862
   21.765100   39.636000     17.6336
   21.798400   39.636000     15.9713
   21.831700   39.636000      6.2510
   21.865000   39.636000     -2.1658
   21.898300   39.636000     -2.9744
   21.931600   39.636000     -1.2329
   21.964900   39.636000     -4.2257
   21.998200   39.636000     -5.5099
   22.031500   39.636000      0.3918
   22.064800   39.636000      5.8135
   22.098100   39.636000      3.3649
   22.131400   39.636000      0.1943
   22.164700   39.636000      2.6131
   22.198000   39.636000      6.1135
   22.231300   39.636000      2.8109
   22.264600   39.636000     -3.6229
   22.297900   39.636000     -6.6894
   22.331200   39.636000     -6.7433
   22.364500   39.636000     -8.5529
   22.397800   39.636000    -11.5724
   22.431100   39.636000    -10.1759
   22.464400   39.636000     -4.6339
   22.497700   39.636000     -2.9924
   22.531000   39.636000     -7.6588
   22.564300   39.636000    -11.7611
   22.597600   39.636000    -12.2543
   22.630900   39.636000    -13.5211
   22.664200   39.636000    -14.1850
   22.697500   39.636000     -5.8227
   22.730800   39.636000      5.7723
   22.764100   39.636000      6.2946
   22.797400   39.636000     -2.3896
   22.830700   39.636000     -6.8525
   22.864000   39.636000      1.9040
   22.897300   39.636000     15.9889
   22.930600   39.636000     15.8642
   22.963900   39.636000      1.0439
   22.997200   39.636000    -11.5629
   23.030500   39.636000    -15.3104
   23.063800   39.636000    -14.4391
   23.097100   39.636000    -14.0256
   23.130400   39.636000    -13.9352
   23.163700   39.636000    -10.3504
   23.197000   39.636000     -2.3994
   23.230300   39.636000      6.0847
   23.263600   39.636000     11.5023
   23.296900   39.636000     13.0547
   23.330200   39.636000     12.1740
   23.363500   39.636000     10.7775
   23.396800   39.636000      9.1293
   23.430100   39.636000      7.2538
   23.463400   39.636000      6.9224
   23.496700   39.636000      8.6416
   23.530000   39.636000     10.3562
   23.563300   39.636000     10.6720
   23.596600   39.636000      9.3896
   23.629900   39.636000      6.2619
   23.663200   39.636000      1.9565
   23.696500   39.636000     -1.6312
   23.729800   39.636000     -2.9934
   23.763100   39.636000     -2.0585
   23.796400   39.636000     -0.0477
   23.829700   39.636000      1.6156
   23.863000   39.636000      2.0422
   23.896300   39.636000      1.1042
   23.929600   39.636000     -0.8708
   23.962900   39.636000     -3.2121
   23.996200   39.636000     -4.0974
   24.029500   39.636000     -2.7226
   24.062800   39.636000     -1.9600
   24.096100   39.636000     -3.5041
   24.129400   39.636000     -4.2248
   24.162700   39.636000     -3.0486
   24.196000   39.636000     -2.8335
   24.229300   39.636000     -3.2449
   24.262600   39.636000     -2.1952
   24.295900   39.636000     -0.8213
   24.329200   39.636000     -0.2266
   24.362500   39.636000      0.0017
   24.395800   39.636000     -0.3923
   24.429100   39.636000     -1.2881
   24.462400   39.636000     -1.7105
   24.495700   39.636000     -1.2991
   24.529000   39.636000     -0.3601
   24.562300   39.636000      0.5473
   24.595600   39.636000      0.9186
   24.628900   39.636000      0.6081
   24.662200   39.636000     -0.3413
   24.695500   39.636000     -1.1607
   24.728800   39.636000     -0.6185
   24.762100   39.636000      1.6382
   24.795400   39.636000      4.9477
   24.828700   39.636000      7.4889
   24.862000   39.636000      6.6970
   24.895300   39.636000      2.6608
   24.928600   39.636000     -1.1845
   24.961900   39.636000     -2.5176
   24.995200   39.636000     -2.1875
   25.028500   39.636000     -1.7935
   25.061800   39.636000     -1.6192
   25.095100   39.636000     -0.8924
   25.128400   39.636000      0.3145
   25.161700   39.636000      0.6908
   25.195000   39.636000      0.0686
   25.228300   39.636000     -0.3725
   25.261600   39.636000     -0.0934
   25.294900   39.636000      0.9821
   25.328200   39.636000      2.7210
   25.361500   39.636000      4.0501
   25.394800   39.636000      3.9802
   25.428100   39.636000      2.9787
   25.461400   39.636000      1.9769
   25.494700   39.636000      1.1327
   25.528000   39.636000      0.8393
   25.561300   39.636000      1.4545
   25.594600   39.636000     -0.1446
   20.200000   39.602700     -3.3537
   20.233300   39.602700     -3.7129
   20.266600   39.602700     -1.8488
   20.299900   39.602700     -2.8406
   20.333200   39.602700     -3.5808
   20.366500   39.602700      1.4944
   20.399800   39.602700      7.1303
   20.433100   39.602700      8.0557
   20.466400   39.602700      3.6930
   20.499700   39.602700      0.2205
   20.533000   39.602700     -0.9996
   20.566300   39.602700      0.7703
   20.599600   39.602700      1.7207
   20.632900   39.602700     -1.0580
   20.666200   39.602700     -3.9669
   20.699500   39.602700     -5.5076
   20.732800   39.602700     -2.2862
   20.766100   39.602700     -0.0109
   20.799400   39.602700     -0.0806
   20.832700   39.602700     -1.1779
   20.866000   39.602700     -0.2614
   20.899300   39.602700      2.9663
   20.932600   39.602700      6.2453
   20.965900   39.602700      6.3307
   20.999200   39.602700      4.0136
   21.032500   39.602700      2.4874
   21.065800   39.602700      2.2550
   21.099100   39.602700      2.8757
   21.132400   39.602700     -0.0967
   21.165700   39.602700     -5.2627
   21.199000   39.602700     -4.5884
   21.232300   39.602700     -0.3926
   21.265600   39.602700      3.3029
   21.298900   39.602700      2.9587
   21.332200   39.602700      0.1881
   21.365500   39.602700     -1.9069
   21.398800   39.602700     -2.8394
   21.432100   39.602700     -3.2898
   21.465400   39.602700     -2.3767
   21.498700   39.602700     -2.1320
   21.532000   39.602700     -3.5084
   21.565300   39.602700     -2.8876
   21.598600   39.602700      2.4779
   21.631900   39.602700     10.7646
   21.665200   39.602700     13.4605
   21.698500   39.602700     11.0682
   21.731800   39.602700     10.7201
   21.765100   39.602700     13.7436
   21.798400   39.602700     11.9349
   21.831700   39.602700      2.1730
   21.865000   39.602700     -3.4578
   21.898300   39.602700      1.3745
   21.931600   39.602700      5.7296
   21.964900   39.602700      1.1100
   21.998200   39.602700     -6.8642
   22.031500   39.602700     -6.0078
   22.064800   39.602700     -0.6038
   22.098100   39.602700     -0.2046
   22.131400   39.602700     -2.2045
   22.164700   39.602700      0.5319
   22.198000   39.602700      5.8512
   22.231300   39.602700      5.7440
   22.264600   39.602700     -0.9287
   22.297900   39.602700     -6.0389
   22.331200   39.602700     -5.5412
   22.364500   39.602700     -2.7227
   22.397800   39.602700     -0.5423
   22.431100   39.602700      2.5445
   22.464400   39.602700      5.0665
   22.497700   39.602700      0.6488
   22.531000   39.602700     -9.7005
   22.564300   39.602700    -15.6937
   22.597600   39.602700    -14.1973
   22.630900   39.602700    -13.3019
   22.664200   39.602700    -13.9204
   22.697500   39.602700     -5.0355
   22.730800   39.602700     11.5721
   22.764100   39.602700     16.9521
   22.797400   39.602700      8.3998
   22.830700   39.602700     -6.0759
   22.864000   39.602700     -8.3449
   22.897300   39.602700      5.6259
   22.930600   39.602700     20.6518
   22.963900   39.602700     17.1440
   22.997200   39.602700      1.8727
   23.030500   39.602700    -11.4255
   23.063800   39.602700    -16.2745
   23.097100   39.602700    -16.1137
   23.130400   39.602700    -15.6448
   23.163700   39.602700    -13.9886
   23.197000   39.602700     -9.7558
   23.230300   39.602700     -4.3875
   23.263600   39.602700      1.4387
   23.296900   39.602700      6.8231
   23.330200   39.602700      9.7503
   23.363500   39.602700     10.4017
   23.396800   39.602700      9.8786
   23.430100   39.602700      7.8076
   23.463400   39.602700      5.1369
   23.496700   39.602700      4.0682
   23.530000   39.602700      4.6906
   23.563300   39.602700      5.9169
   23.596600   39.602700      7.0200
   23.629900   39.602700      7.0054
   23.663200   39.602700      5.2317
   23.696500   39.602700      2.4238
   23.729800   39.602700      0.0287
   23.763100   39.602700     -0.8459
   23.796400   39.602700     -0.3003
   23.829700   39.602700      0.5689
   23.863000   39.602700      1.0044
   23.896300   39.602700      0.6820
   23.929600   39.602700     -0.8728
   23.962900   39.602700     -2.7922
   23.996200   39.602700     -2.9485
   24.029500   39.602700     -2.3180
   24.062800   39.602700     -3.2255
   24.096100   39.602700     -2.5765
   24.129400   39.602700      2.3085
   24.162700   39.602700      5.4328
   24.196000   39.602700      2.5535
   24.229300   39.602700     -0.5074
   24.262600   39.602700      0.2294
   24.295900   39.602700      1.3184
   24.329200   39.602700      0.9732
   24.362500   39.602700      0.1330
   24.395800   39.602700     -1.3737
   24.429100   39.602700     -2.7433
   24.462400   39.602700     -2.6080
   24.495700   39.602700     -1.5117
   24.529000   39.602700     -0.5188
   24.562300   39.602700     -0.1801
   24.595600   39.602700     -0.7233
   24.628900   39.602700     -1.7038
   24.662200   39.602700     -2.3082
   24.695500   39.602700     -1.6934
   24.728800   39.602700      0.4137
   24.762100   39.602700      3.4304
   24.795400   39.602700      6.3389
   24.828700   39.602700      7.1936
   24.862000   39.602700      4.4674
   24.895300   39.602700      0.5250
   24.928600   39.602700     -0.9719
   24.961900   39.602700      0.0867
   24.995200   39.602700      1.9502
   25.028500   39.602700      3.3578
   25.061800   39.602700      3.2733
   25.095100   39.602700      2.3052
   25.128400   39.602700      1.6862
   25.161700   39.602700      1.0623
   25.195000   39.602700      0.3786
   25.228300   39.602700      0.2689
   25.261600   39.602700      0.5225
   25.294900   39.602700      1.1867
   25.328200   39.602700      2.5436
   25.361500   39.602700      3.7018
   25.394800   39.602700      3.8083
   25.428100   39.602700      3.4405
   25.461400   39.602700      3.2935
   25.494700   39.602700      2.9852
   25.528000   39.602700      2.3354
   25.561300   39.602700      1.7712
   25.594600   39.602700      0.2985
   20.200000   39.569400      2.1535
   20.233300   39.569400     -2.1934
   20.266600   39.569400     -3.1043
   20.299900   39.569400     -2.0507
   20.333200   39.569400     -0.1827
   20.366500   39.569400      2.0607
   20.399800   39.569400      4.7635
   20.433100   39.569400      9.2077
   20.466400   39.569400     14.5942
   20.499700   39.569400     10.3517
   20.533000   39.569400      6.9486
   20.566300   39.569400      1.8369
   20.599600   39.569400      0.2762
   20.632900   39.569400      0.3816
   20.666200   39.569400     -1.5017
   20.699500   39.569400     -3.4113
   20.732800   39.569400     -3.4034
   20.766100   39.569400     -3.0348
   20.799400   39.569400     -3.8849
   20.832700   39.569400     -4.7853
   20.866000   39.569400     -2.6822
   20.899300   39.569400      1.4064
   20.932600   39.569400      6.3949
   20.965900   39.569400     10.4764
   20.999200   39.569400     10.4886
   21.032500   39.569400      7.7347
   21.065800   39.569400      5.3657
   21.099100   39.569400      3.0450
   21.132400   39.569400      1.2645
   21.165700   39.569400      0.9739
   21.199000   39.569400      3.3933
   21.232300   39.569400      8.7077
   21.265600   39.569400     11.9395
   21.298900   39.569400      6.2107
   21.332200   39.569400      3.5274
   21.365500   39.569400      5.1369
   21.398800   39.569400      5.3865
   21.432100   39.569400      5.3477
   21.465400   39.569400      3.8542
   21.498700   39.569400      0.3216
   21.532000   39.569400     -4.2696
   21.565300   39.569400     -5.2203
   21.598600   39.569400      1.6740
   21.631900   39.569400     12.1078
   21.665200   39.569400     15.2495
   21.698500   39.569400     11.7058
   21.731800   39.569400      8.8071
   21.765100   39.569400      7.7590
   21.798400   39.569400      3.4716
   21.831700   39.569400     -3.0307
   21.865000   39.569400     -2.2765
   21.898300   39.569400      7.0433
   21.931600   39.569400     12.5172
   21.964900   39.569400      6.6462
   21.998200   39.569400     -1.6176
   22.031500   39.569400     -3.2886
   22.064800   39.569400     -1.4118
   22.098100   39.569400     -2.8598
   22.131400   39.569400     -5.5463
   22.164700   39.569400     -2.1719
   22.198000   39.569400      3.8759
   22.231300   39.569400      5.9072
   22.264600   39.569400     -0.4335
   22.297900   39.569400     -7.6183
   22.331200   39.569400     -8.0621
   22.364500   39.569400     -1.8928
   22.397800   39.569400      5.0211
   22.431100   39.569400      8.9072
   22.464400   39.569400      9.2397
   22.497700   39.569400      4.6559
   22.531000   39.569400     -4.0276
   22.564300   39.569400    -10.0076
   22.597600   39.569400     -9.4361
   22.630900   39.569400     -7.3947
   22.664200   39.569400     -6.5957
   22.697500   39.569400     -1.0565
   22.730800   39.569400     10.3726
   22.764100   39.569400     13.5363
   22.797400   39.569400      1.0502
   22.830700   39.569400    -17.3316
   22.864000   39.569400    -26.6256
   22.897300   39.569400    -20.9205
   22.930600   39.569400     -5.7866
   22.963900   39.569400      7.3774
   22.997200   39.569400      9.0822
   23.030500   39.569400      4.0297
   23.063800   39.569400     -2.5385
   23.097100   39.569400     -9.3663
   23.130400   39.569400    -15.1163
   23.163700   39.569400    -15.6323
   23.197000   39.569400    -11.8399
   23.230300   39.569400     -9.5047
   23.263600   39.569400     -7.8061
   23.296900   39.569400     -2.5457
   23.330200   39.569400      3.7208
   23.363500   39.569400      7.1508
   23.396800   39.569400      8.4749
   23.430100   39.569400      7.8969
   23.463400   39.569400      4.6111
   23.496700   39.569400      0.8569
   23.530000   39.569400     -0.5301
   23.563300   39.569400      0.9204
   23.596600   39.569400      3.9728
   23.629900   39.569400      6.5607
   23.663200   39.569400      7.0848
   23.696500   39.569400      5.4351
   23.729800   39.569400      2.4387
   23.763100   39.569400     -0.6190
   23.796400   39.569400     -2.5199
   23.829700   39.569400     -2.9919
   23.863000   39.569400     -2.3661
   23.896300   39.569400     -1.4482
   23.929600   39.569400     -1.1847
   23.962900   39.569400     -1.0152
   23.996200   39.569400     -0.4137
   24.029500   39.569400     -1.2439
   24.062800   39.569400     -2.3125
   24.096100   39.569400      1.3000
   24.129400   39.569400      6.2003
   24.162700   39.569400      3.7249
   24.196000   39.569400     -2.8643
   24.229300   39.569400     -4.1204
   24.262600   39.569400     -0.8196
   24.295900   39.569400      0.9524
   24.329200   39.569400      0.2235
   24.362500   39.569400     -1.8580
   24.395800   39.569400     -4.5725
   24.429100   39.569400     -5.9720
   24.462400   39.569400     -5.2657
   24.495700   39.569400     -3.5746
   24.529000   39.569400     -1.6690
   24.562300   39.569400     -0.8358
   24.595600   39.569400     -2.2971
   24.628900   39.569400     -4.5239
   24.662200   39.569400     -4.7923
   24.695500   39.569400     -2.3294
   24.728800   39.569400      1.3790
   24.762100   39.569400      4.6803
   24.795400   39.569400      6.6146
   24.828700   39.569400      5.7296
   24.862000   39.569400      1.9843
   24.895300   39.569400     -0.7051
   24.928600   39.569400      0.2625
   24.961900   39.569400      2.4876
   24.995200   39.569400      4.1077
   25.028500   39.569400      5.4812
   25.061800   39.569400      5.4903
   25.095100   39.569400      3.6649
   25.128400   39.569400      1.5466
   25.161700   39.569400     -0.0816
   25.195000   39.569400     -0.7851
   25.228300   39.569400     -0.3339
   25.261600   39.569400      0.3203
   25.294900   39.569400      0.7420
   25.328200   39.569400      1.3080
   25.361500   39.569400      1.7371
   25.394800   39.569400      1.8784
   25.428100   39.569400      2.3099
   25.461400   39.569400      3.0245
   25.494700   39.569400      3.1703
   25.528000   39.569400      2.3874
   25.561300   39.569400      1.1435
   25.594600   39.569400      0.2980
   20.200000   39.536100     -0.3787
   20.233300   39.536100     -5.5530
   20.266600   39.536100     -7.3450
   20.299900   39.536100     -3.1033
   20.333200   39.536100      1.8308
   20.366500   39.536100      3.7870
   20.399800   39.536100      2.0736
   20.433100   39.536100      5.2066
   20.466400   39.536100     11.7124
   20.499700   39.536100      9.1781
   20.533000   39.536100      2.1629
   20.566300   39.536100     -6.2212
   20.599600   39.536100     -5.9189
   20.632900   39.536100     -0.8928
   20.666200   39.536100      1.9230
   20.699500   39.536100      1.6359
   20.732800   39.536100      0.4544
   20.766100   39.536100     -1.1693
   20.799400   39.536100     -4.0388
   20.832700   39.536100     -5.6849
   20.866000   39.536100     -6.1040
   20.899300   39.536100     -3.8250
   20.932600   39.536100      0.4228
   20.965900   39.536100      5.7809
   20.999200   39.536100      9.5186
   21.032500   39.536100      7.1231
   21.065800   39.536100      2.9735
   21.099100   39.536100     -1.2026
   21.132400   39.536100     -2.4553
   21.165700   39.536100      1.0476
   21.199000   39.536100      4.5552
   21.232300   39.536100      8.4500
   21.265600   39.536100      5.7027
   21.298900   39.536100     -1.9728
   21.332200   39.536100     -6.1954
   21.365500   39.536100     -4.7064
   21.398800   39.536100     -0.1131
   21.432100   39.536100      3.7530
   21.465400   39.536100      5.2361
   21.498700   39.536100      2.5806
   21.532000   39.536100     -2.0092
   21.565300   39.536100     -6.6784
   21.598600   39.536100     -4.0481
   21.631900   39.536100      4.5526
   21.665200   39.536100      8.5752
   21.698500   39.536100      6.7307
   21.731800   39.536100      3.4267
   21.765100   39.536100     -0.6182
   21.798400   39.536100     -5.3365
   21.831700   39.536100     -5.7775
   21.865000   39.536100      1.1193
   21.898300   39.536100      8.2972
   21.931600   39.536100      6.8325
   21.964900   39.536100     -1.2031
   21.998200   39.536100     -6.1514
   22.031500   39.536100     -4.5011
   22.064800   39.536100     -1.5641
   22.098100   39.536100     -2.0140
   22.131400   39.536100     -2.8732
   22.164700   39.536100     -0.1146
   22.198000   39.536100      3.9836
   22.231300   39.536100      4.3519
   22.264600   39.536100      0.0260
   22.297900   39.536100     -5.1044
   22.331200   39.536100     -6.9728
   22.364500   39.536100     -3.6457
   22.397800   39.536100      2.2855
   22.431100   39.536100      5.8750
   22.464400   39.536100      5.5095
   22.497700   39.536100      3.1568
   22.531000   39.536100      0.1668
   22.564300   39.536100     -1.2463
   22.597600   39.536100     -0.5625
   22.630900   39.536100     -0.3694
   22.664200   39.536100     -1.5775
   22.697500   39.536100     -1.6896
   22.730800   39.536100      0.0598
   22.764100   39.536100      0.8296
   22.797400   39.536100     -2.9946
   22.830700   39.536100    -11.5635
   22.864000   39.536100    -19.9718
   22.897300   39.536100    -25.3331
   22.930600   39.536100    -23.5311
   22.963900   39.536100    -15.0401
   22.997200   39.536100     -5.7423
   23.030500   39.536100      4.1332
   23.063800   39.536100      9.0002
   23.097100   39.536100      5.3360
   23.130400   39.536100     -6.1623
   23.163700   39.536100    -14.7407
   23.197000   39.536100    -13.1400
   23.230300   39.536100     -9.4434
   23.263600   39.536100    -10.0984
   23.296900   39.536100     -9.1263
   23.330200   39.536100     -3.3471
   23.363500   39.536100      2.5212
   23.396800   39.536100      6.2490
   23.430100   39.536100      8.0168
   23.463400   39.536100      6.3692
   23.496700   39.536100      2.1892
   23.530000   39.536100     -0.7383
   23.563300   39.536100     -0.1628
   23.596600   39.536100      2.8647
   23.629900   39.536100      5.7301
   23.663200   39.536100      6.9435
   23.696500   39.536100      6.3090
   23.729800   39.536100      3.6839
   23.763100   39.536100     -0.0677
   23.796400   39.536100     -2.9535
   23.829700   39.536100     -4.0863
   23.863000   39.536100     -3.6410
   23.896300   39.536100     -2.0418
   23.929600   39.536100     -0.1449
   23.962900   39.536100      1.5930
   23.996200   39.536100      2.3221
   24.029500   39.536100      0.5764
   24.062800   39.536100     -0.9654
   24.096100   39.536100      0.9606
   24.129400   39.536100      0.7990
   24.162700   39.536100     -4.7148
   24.196000   39.536100     -6.6957
   24.229300   39.536100     -2.0969
   24.262600   39.536100      0.7360
   24.295900   39.536100     -0.5075
   24.329200   39.536100     -1.4028
   24.362500   39.536100     -2.0006
   24.395800   39.536100     -3.7146
   24.429100   39.536100     -4.7465
   24.462400   39.536100     -4.4435
   24.495700   39.536100     -3.8635
   24.529000   39.536100     -3.1969
   24.562300   39.536100     -3.2484
   24.595600   39.536100     -4.7561
   24.628900   39.536100     -5.9846
   24.662200   39.536100     -4.9015
   24.695500   39.536100     -1.6965
   24.728800   39.536100      1.9803
   24.762100   39.536100      4.6860
   24.795400   39.536100      5.4517
   24.828700   39.536100      3.6405
   24.862000   39.536100      0.9180
   24.895300   39.536100      1.0507
   24.928600   39.536100      4.0952
   24.961900   39.536100      5.8552
   24.995200   39.536100      5.2347
   25.028500   39.536100      4.7055
   25.061800   39.536100      4.2917
   25.095100   39.536100      2.3908
   25.128400   39.536100      0.2445
   25.161700   39.536100     -0.8173
   25.195000   39.536100     -0.6741
   25.228300   39.536100      0.0662
   25.261600   39.536100      0.4087
   25.294900   39.536100      0.1688
   25.328200   39.536100     -0.1616
   25.361500   39.536100     -0.3199
   25.394800   39.536100      0.2122
   25.428100   39.536100      1.6688
   25.461400   39.536100      2.9620
   25.494700   39.536100      2.9719
   25.528000   39.536100      1.9047
   25.561300   39.536100      0.6088
   25.594600   39.536100      0.4700
   20.200000   39.502800      3.4402
   20.233300   39.502800      0.3085
   20.266600   39.502800     -2.9805
   20.299900   39.502800     -1.9754
   20.333200   39.502800      1.3922
   20.366500   39.502800      2.7926
   20.399800   39.502800      0.3888
   20.433100   39.502800     -0.4944
   20.466400   39.502800      1.0561
   20.499700   39.502800     -0.7396
   20.533000   39.502800     -5.6058
   20.566300   39.502800     -7.0912
   20.599600   39.502800     -1.3194
   20.632900   39.502800      3.4303
   20.666200   39.502800      3.1797
   20.699500   39.502800      0.4927
   20.732800   39.502800     -0.2181
   20.766100   39.502800     -0.4994
   20.799400   39.502800     -1.6592
   20.832700   39.502800     -3.4706
   20.866000   39.502800     -5.0187
   20.899300   39.502800     -4.9306
   20.932600   39.502800     -2.8165
   20.965900   39.502800      0.5870
   20.999200   39.502800      4.6154
   21.032500   39.502800      5.3314
   21.065800   39.502800      2.3497
   21.099100   39.502800     -2.2115
   21.132400   39.502800     -3.9274
   21.165700   39.502800     -1.6030
   21.199000   39.502800      2.6294
   21.232300   39.502800      4.5240
   21.265600   39.502800      1.7313
   21.298900   39.502800     -4.7687
   21.332200   39.502800     -9.4910
   21.365500   39.502800     -9.7437
   21.398800   39.502800     -8.6313
   21.432100   39.502800     -5.8049
   21.465400   39.502800     -2.1133
   21.498700   39.502800      0.6951
   21.532000   39.502800     -0.3017
   21.565300   39.502800     -2.7413
   21.598600   39.502800     -2.4470
   21.631900   39.502800      4.6391
   21.665200   39.502800      9.0183
   21.698500   39.502800      6.9531
   21.731800   39.502800      1.7208
   21.765100   39.502800     -3.8101
   21.798400   39.502800     -7.3397
   21.831700   39.502800     -5.5422
   21.865000   39.502800      0.0594
   21.898300   39.502800      2.1754
   21.931600   39.502800     -1.8881
   21.964900   39.502800     -6.9775
   21.998200   39.502800     -8.1581
   22.031500   39.502800     -5.6866
   22.064800   39.502800     -2.6582
   22.098100   39.502800     -1.2255
   22.131400   39.502800      0.4349
   22.164700   39.502800      4.6909
   22.198000   39.502800      8.8041
   22.231300   39.502800      9.5567
   22.264600   39.502800      7.7107
   22.297900   39.502800      4.9076
   22.331200   39.502800      0.1740
   22.364500   39.502800     -3.6276
   22.397800   39.502800     -2.9844
   22.431100   39.502800     -0.5567
   22.464400   39.502800     -0.6344
   22.497700   39.502800     -2.5707
   22.531000   39.502800     -1.8210
   22.564300   39.502800      2.7126
   22.597600   39.502800      5.9903
   22.630900   39.502800      4.5966
   22.664200   39.502800      1.9613
   22.697500   39.502800      1.3704
   22.730800   39.502800      1.5441
   22.764100   39.502800      3.6119
   22.797400   39.502800      9.7129
   22.830700   39.502800     13.9589
   22.864000   39.502800      7.7434
   22.897300   39.502800     -4.4300
   22.930600   39.502800    -10.5422
   22.963900   39.502800    -10.0572
   22.997200   39.502800    -10.1123
   23.030500   39.502800    -12.1304
   23.063800   39.502800     -9.4762
   23.097100   39.502800      1.6442
   23.130400   39.502800      3.3458
   23.163700   39.502800     -7.8409
   23.197000   39.502800    -14.3826
   23.230300   39.502800    -10.7953
   23.263600   39.502800     -8.5763
   23.296900   39.502800    -10.5568
   23.330200   39.502800     -9.4056
   23.363500   39.502800     -3.5574
   23.396800   39.502800      3.1873
   23.430100   39.502800      7.9181
   23.463400   39.502800      8.8834
   23.496700   39.502800      6.6186
   23.530000   39.502800      3.9251
   23.563300   39.502800      2.9428
   23.596600   39.502800      3.5735
   23.629900   39.502800      4.5632
   23.663200   39.502800      5.3033
   23.696500   39.502800      5.4187
   23.729800   39.502800      4.2779
   23.763100   39.502800      2.4361
   23.796400   39.502800      0.9770
   23.829700   39.502800     -0.1113
   23.863000   39.502800     -0.2586
   23.896300   39.502800      1.3091
   23.929600   39.502800      2.9994
   23.962900   39.502800      3.7943
   23.996200   39.502800      4.6768
   24.029500   39.502800      4.5935
   24.062800   39.502800      3.3656
   24.096100   39.502800      3.0872
   24.129400   39.502800      1.5236
   24.162700   39.502800     -1.4680
   24.196000   39.502800      0.1934
   24.229300   39.502800      4.0319
   24.262600   39.502800      2.0299
   24.295900   39.502800     -2.5827
   24.329200   39.502800     -3.0255
   24.362500   39.502800     -1.3260
   24.395800   39.502800     -1.3015
   24.429100   39.502800     -2.2578
   24.462400   39.502800     -2.9215
   24.495700   39.502800     -3.2933
   24.529000   39.502800     -3.6397
   24.562300   39.502800     -4.5610
   24.595600   39.502800     -5.9084
   24.628900   39.502800     -6.2259
   24.662200   39.502800     -4.6689
   24.695500   39.502800     -1.8786
   24.728800   39.502800      1.0035
   24.762100   39.502800      3.0478
   24.795400   39.502800      3.4406
   24.828700   39.502800      2.0600
   24.862000   39.502800      1.1121
   24.895300   39.502800      3.1785
   24.928600   39.502800      6.5155
   24.961900   39.502800      7.1922
   24.995200   39.502800      5.4813
   25.028500   39.502800      4.7637
   25.061800   39.502800      3.6980
   25.095100   39.502800      0.8181
   25.128400   39.502800     -1.7587
   25.161700   39.502800     -1.8085
   25.195000   39.502800     -0.1617
   25.228300   39.502800      1.1443
   25.261600   39.502800      0.9756
   25.294900   39.502800     -0.2111
   25.328200   39.502800     -1.2957
   25.361500   39.502800     -1.5430
   25.394800   39.502800     -0.3861
   25.428100   39.502800      1.8994
   25.461400   39.502800      3.5779
   25.494700   39.502800      3.3334
   25.528000   39.502800      1.7559
   25.561300   39.502800      0.2746
   25.594600   39.502800      0.1628
   20.200000   39.469500      8.6397
   20.233300   39.469500      3.5746
   20.266600   39.469500     -0.9819
   20.299900   39.469500     -2.4956
   20.333200   39.469500     -1.1608
   20.366500   39.469500     -0.0301
   20.399800   39.469500     -1.2875
   20.433100   39.469500     -3.0666
   20.466400   39.469500     -3.0335
   20.499700   39.469500     -4.2569
   20.533000   39.469500     -4.0990
   20.566300   39.469500     -0.5860
   20.599600   39.469500      5.8039
   20.632900   39.469500      6.7653
   20.666200   39.469500      4.7957
   20.699500   39.469500     -0.7078
   20.732800   39.469500     -3.5577
   20.766100   39.469500     -3.8347
   20.799400   39.469500     -3.2160
   20.832700   39.469500     -2.1178
   20.866000   39.469500     -0.5399
   20.899300   39.469500      0.4595
   20.932600   39.469500      1.2574
   20.965900   39.469500      2.8734
   20.999200   39.469500      4.8716
   21.032500   39.469500      5.8191
   21.065800   39.469500      1.8458
   21.099100   39.469500     -2.4812
   21.132400   39.469500     -1.7735
   21.165700   39.469500      0.9985
   21.199000   39.469500      3.5388
   21.232300   39.469500      4.6832
   21.265600   39.469500      5.3240
   21.298900   39.469500      6.6835
   21.332200   39.469500      7.5297
   21.365500   39.469500      5.1651
   21.398800   39.469500     -0.9029
   21.432100   39.469500     -5.8282
   21.465400   39.469500     -4.6273
   21.498700   39.469500     -0.4467
   21.532000   39.469500      2.8791
   21.565300   39.469500      1.8430
   21.598600   39.469500      2.1208
   21.631900   39.469500      7.6186
   21.665200   39.469500     12.6967
   21.698500   39.469500     11.4760
   21.731800   39.469500      6.2346
   21.765100   39.469500      1.4227
   21.798400   39.469500     -1.9596
   21.831700   39.469500     -3.8202
   21.865000   39.469500     -4.5109
   21.898300   39.469500     -4.8615
   21.931600   39.469500     -3.8488
   21.964900   39.469500     -1.5398
   21.998200   39.469500     -1.1449
   22.031500   39.469500     -2.6501
   22.064800   39.469500     -2.4480
   22.098100   39.469500     -0.7378
   22.131400   39.469500      0.7239
   22.164700   39.469500      4.4115
   22.198000   39.469500     10.9198
   22.231300   39.469500     15.2417
   22.264600   39.469500     14.5863
   22.297900   39.469500     11.0304
   22.331200   39.469500      4.9388
   22.364500   39.469500     -2.9956
   22.397800   39.469500     -8.1571
   22.431100   39.469500     -8.5203
   22.464400   39.469500     -7.9855
   22.497700   39.469500     -7.7882
   22.531000   39.469500     -5.0535
   22.564300   39.469500     -0.2865
   22.597600   39.469500     -0.4488
   22.630900   39.469500     -6.2769
   22.664200   39.469500     -8.5390
   22.697500   39.469500     -3.7685
   22.730800   39.469500      0.3256
   22.764100   39.469500      2.2253
   22.797400   39.469500      8.3167
   22.830700   39.469500     15.7577
   22.864000   39.469500     15.0277
   22.897300   39.469500      9.2071
   22.930600   39.469500      8.6839
   22.963900   39.469500      9.3713
   22.997200   39.469500     -0.9076
   23.030500   39.469500    -16.1053
   23.063800   39.469500    -21.2268
   23.097100   39.469500    -11.9956
   23.130400   39.469500      8.1826
   23.163700   39.469500      6.1182
   23.197000   39.469500     -7.5908
   23.230300   39.469500    -12.1352
   23.263600   39.469500    -10.0368
   23.296900   39.469500    -11.0118
   23.330200   39.469500    -12.3499
   23.363500   39.469500     -8.3668
   23.396800   39.469500     -0.6658
   23.430100   39.469500      5.9063
   23.463400   39.469500      8.8609
   23.496700   39.469500      8.7652
   23.530000   39.469500      7.2515
   23.563300   39.469500      5.4888
   23.596600   39.469500      4.0620
   23.629900   39.469500      3.1313
   23.663200   39.469500      2.9003
   23.696500   39.469500      3.5296
   23.729800   39.469500      4.8066
   23.763100   39.469500      6.3491
   23.796400   39.469500      7.3109
   23.829700   39.469500      7.0249
   23.863000   39.469500      6.7887
   23.896300   39.469500      7.4999
   23.929600   39.469500      6.9368
   23.962900   39.469500      5.4918
   23.996200   39.469500      6.3654
   24.029500   39.469500      6.4781
   24.062800   39.469500      3.1740
   24.096100   39.469500      1.9133
   24.129400   39.469500      3.3760
   24.162700   39.469500      2.9490
   24.196000   39.469500      1.9130
   24.229300   39.469500      1.3942
   24.262600   39.469500     -0.5681
   24.295900   39.469500     -2.5383
   24.329200   39.469500     -2.9942
   24.362500   39.469500     -2.7061
   24.395800   39.469500     -1.8373
   24.429100   39.469500     -1.2404
   24.462400   39.469500     -2.0646
   24.495700   39.469500     -3.2304
   24.529000   39.469500     -3.5549
   24.562300   39.469500     -3.7622
   24.595600   39.469500     -4.6457
   24.628900   39.469500     -5.4429
   24.662200   39.469500     -4.8373
   24.695500   39.469500     -2.8872
   24.728800   39.469500     -0.8619
   24.762100   39.469500      0.6673
   24.795400   39.469500      1.5613
   24.828700   39.469500      1.2288
   24.862000   39.469500      0.7388
   24.895300   39.469500      2.3452
   24.928600   39.469500      4.9267
   24.961900   39.469500      5.4360
   24.995200   39.469500      4.6648
   25.028500   39.469500      4.7080
   25.061800   39.469500      3.6204
   25.095100   39.469500      0.1040
   25.128400   39.469500     -2.4219
   25.161700   39.469500     -1.5266
   25.195000   39.469500      0.9189
   25.228300   39.469500      2.2988
   25.261600   39.469500      1.6894
   25.294900   39.469500     -0.0616
   25.328200   39.469500     -1.3394
   25.361500   39.469500     -1.2746
   25.394800   39.469500      0.0497
   25.428100   39.469500      1.9569
   25.461400   39.469500      3.2119
   25.494700   39.469500      2.7850
   25.528000   39.469500      1.0133
   25.561300   39.469500     -0.3722
   25.594600   39.469500     -0.1773
   20.200000   39.436200      4.9502
   20.233300   39.436200     -3.0697
   20.266600   39.436200     -4.1659
   20.299900   39.436200     -3.0171
   20.333200   39.436200     -0.1933
   20.366500   39.436200      0.3739
   20.399800   39.436200     -2.0944
   20.433100   39.436200     -3.2802
   20.466400   39.436200     -0.4254
   20.499700   39.436200      2.3674
   20.533000   39.436200      0.9878
   20.566300   39.436200      0.1526
   20.599600   39.436200      2.2282
   20.632900   39.436200      5.2404
   20.666200   39.436200      5.2527
   20.699500   39.436200      3.4520
   20.732800   39.436200     -0.5758
   20.766100   39.436200     -4.4940
   20.799400   39.436200     -3.8187
   20.832700   39.436200     -1.4113
   20.866000   39.436200      2.6701
   20.899300   39.436200      5.3863
   20.932600   39.436200      6.0937
   20.965900   39.436200      5.5222
   20.999200   39.436200      6.5923
   21.032500   39.436200      6.7030
   21.065800   39.436200      0.4764
   21.099100   39.436200     -3.6434
   21.132400   39.436200     -1.5035
   21.165700   39.436200      1.5630
   21.199000   39.436200      2.5647
   21.232300   39.436200     -0.4689
   21.265600   39.436200      0.6086
   21.298900   39.436200      7.4403
   21.332200   39.436200     15.6340
   21.365500   39.436200     18.0241
   21.398800   39.436200      7.9974
   21.432100   39.436200      1.4087
   21.465400   39.436200      0.0433
   21.498700   39.436200      3.6152
   21.532000   39.436200      8.2473
   21.565300   39.436200      4.0676
   21.598600   39.436200     -0.0887
   21.631900   39.436200      1.7316
   21.665200   39.436200      7.0306
   21.698500   39.436200      8.7746
   21.731800   39.436200      6.6316
   21.765100   39.436200      4.8078
   21.798400   39.436200      3.1902
   21.831700   39.436200     -0.6200
   21.865000   39.436200     -5.8321
   21.898300   39.436200     -8.5628
   21.931600   39.436200     -5.6198
   21.964900   39.436200      0.3254
   21.998200   39.436200      1.9583
   22.031500   39.436200     -1.9650
   22.064800   39.436200     -4.7726
   22.098100   39.436200     -3.9933
   22.131400   39.436200     -3.5605
   22.164700   39.436200     -2.3862
   22.198000   39.436200      3.6611
   22.231300   39.436200     10.6255
   22.264600   39.436200     12.2577
   22.297900   39.436200     10.6257
   22.331200   39.436200      7.7755
   22.364500   39.436200      1.7719
   22.397800   39.436200     -6.4836
   22.431100   39.436200    -10.9298
   22.464400   39.436200     -9.5976
   22.497700   39.436200     -4.0891
   22.531000   39.436200      3.9855
   22.564300   39.436200      9.0082
   22.597600   39.436200      4.5186
   22.630900   39.436200     -7.4197
   22.664200   39.436200    -13.4596
   22.697500   39.436200     -8.7331
   22.730800   39.436200     -4.3018
   22.764100   39.436200     -4.4476
   22.797400   39.436200     -0.7905
   22.830700   39.436200      6.5243
   22.864000   39.436200      8.0329
   22.897300   39.436200      4.5942
   22.930600   39.436200      5.4340
   22.963900   39.436200      9.9015
   22.997200   39.436200      6.9144
   23.030500   39.436200     -4.5696
   23.063800   39.436200    -12.4545
   23.097100   39.436200    -10.0649
   23.130400   39.436200      6.3224
   23.163700   39.436200     13.7136
   23.197000   39.436200      4.7719
   23.230300   39.436200     -5.1529
   23.263600   39.436200     -8.9845
   23.296900   39.436200    -10.1430
   23.330200   39.436200    -10.8905
   23.363500   39.436200     -9.5274
   23.396800   39.436200     -5.2259
   23.430100   39.436200      0.3505
   23.463400   39.436200      4.7556
   23.496700   39.436200      6.5422
   23.530000   39.436200      6.1114
   23.563300   39.436200      4.6876
   23.596600   39.436200      2.9517
   23.629900   39.436200      1.3664
   23.663200   39.436200      1.1703
   23.696500   39.436200      2.9852
   23.729800   39.436200      5.3923
   23.763100   39.436200      7.3847
   23.796400   39.436200      9.6663
   23.829700   39.436200     11.5894
   23.863000   39.436200     11.6781
   23.896300   39.436200     10.0773
   23.929600   39.436200      6.6850
   23.962900   39.436200      3.4912
   23.996200   39.436200      3.6119
   24.029500   39.436200      2.9594
   24.062800   39.436200     -0.1515
   24.096100   39.436200      1.9818
   24.129400   39.436200      7.8039
   24.162700   39.436200      7.5939
   24.196000   39.436200      2.6226
   24.229300   39.436200      0.0925
   24.262600   39.436200      1.7900
   24.295900   39.436200      4.1463
   24.329200   39.436200      2.2248
   24.362500   39.436200     -2.6956
   24.395800   39.436200     -4.7651
   24.429100   39.436200     -3.9508
   24.462400   39.436200     -3.6418
   24.495700   39.436200     -3.6946
   24.529000   39.436200     -3.0266
   24.562300   39.436200     -2.2682
   24.595600   39.436200     -2.2159
   24.628900   39.436200     -2.5272
   24.662200   39.436200     -2.0251
   24.695500   39.436200     -0.8417
   24.728800   39.436200     -0.3942
   24.762100   39.436200     -0.5785
   24.795400   39.436200     -0.3262
   24.828700   39.436200     -0.1745
   24.862000   39.436200     -0.5273
   24.895300   39.436200     -0.0294
   24.928600   39.436200      1.4487
   24.961900   39.436200      2.4410
   24.995200   39.436200      3.1949
   25.028500   39.436200      3.9780
   25.061800   39.436200      2.6680
   25.095100   39.436200     -0.4170
   25.128400   39.436200     -1.4654
   25.161700   39.436200      0.3747
   25.195000   39.436200      2.2836
   25.228300   39.436200      2.5865
   25.261600   39.436200      1.5498
   25.294900   39.436200      0.0900
   25.328200   39.436200     -0.6301
   25.361500   39.436200      0.0157
   25.394800   39.436200      1.4910
   25.428100   39.436200      2.7241
   25.461400   39.436200      2.9570
   25.494700   39.436200      1.7802
   25.528000   39.436200     -0.4121
   25.561300   39.436200     -1.6207
   25.594600   39.436200     -0.6219
   20.200000   39.402900     -1.4412
   20.233300   39.402900     -8.4945
   20.266600   39.402900     -6.5827
   20.299900   39.402900     -1.8342
   20.333200   39.402900      3.0642
   20.366500   39.402900      5.0859
   20.399800   39.402900      2.2173
   20.433100   39.402900     -0.6846
   20.466400   39.402900      1.7684
   20.499700   39.402900      5.8836
   20.533000   39.402900      4.7909
   20.566300   39.402900      0.1664
   20.599600   39.402900     -0.9710
   20.632900   39.402900      1.8644
   20.666200   39.402900      4.3256
   20.699500   39.402900      5.3791
   20.732800   39.402900      5.0288
   20.766100   39.402900      2.5403
   20.799400   39.402900      0.6086
   20.832700   39.402900      1.7225
   20.866000   39.402900      3.3829
   20.899300   39.402900      2.9209
   20.932600   39.402900      2.0707
   20.965900   39.402900      4.0205
   20.999200   39.402900      7.7997
   21.032500   39.402900      7.5337
   21.065800   39.402900      1.1391
   21.099100   39.402900     -3.4919
   21.132400   39.402900     -0.3031
   21.165700   39.402900      2.8585
   21.199000   39.402900     -3.6610
   21.232300   39.402900    -12.8322
   21.265600   39.402900     -9.7042
   21.298900   39.402900      5.1106
   21.332200   39.402900     15.6104
   21.365500   39.402900     12.4519
   21.398800   39.402900      2.6734
   21.432100   39.402900     -1.9890
   21.465400   39.402900      1.8894
   21.498700   39.402900      7.4019
   21.532000   39.402900      5.9987
   21.565300   39.402900     -1.6516
   21.598600   39.402900     -5.9535
   21.631900   39.402900     -1.5511
   21.665200   39.402900      5.1668
   21.698500   39.402900      5.6314
   21.731800   39.402900      1.7878
   21.765100   39.402900      1.1129
   21.798400   39.402900      3.6538
   21.831700   39.402900      3.2865
   21.865000   39.402900     -1.9350
   21.898300   39.402900     -7.4362
   21.931600   39.402900     -7.6032
   21.964900   39.402900     -1.7370
   21.998200   39.402900      3.7614
   22.031500   39.402900      2.3922
   22.064800   39.402900     -3.6581
   22.098100   39.402900     -7.9709
   22.131400   39.402900    -10.0296
   22.164700   39.402900    -10.8289
   22.198000   39.402900     -7.5279
   22.231300   39.402900     -1.0679
   22.264600   39.402900      3.7261
   22.297900   39.402900      6.8860
   22.331200   39.402900      9.4722
   22.364500   39.402900      7.3437
   22.397800   39.402900     -0.7154
   22.431100   39.402900     -8.1397
   22.464400   39.402900     -8.5754
   22.497700   39.402900     -0.6383
   22.531000   39.402900     12.7879
   22.564300   39.402900     22.7828
   22.597600   39.402900     19.3302
   22.630900   39.402900      5.7320
   22.664200   39.402900     -3.0683
   22.697500   39.402900     -2.1031
   22.730800   39.402900     -1.1672
   22.764100   39.402900     -3.6841
   22.797400   39.402900     -1.4828
   22.830700   39.402900      6.6511
   22.864000   39.402900     10.3418
   22.897300   39.402900      4.0788
   22.930600   39.402900     -3.9438
   22.963900   39.402900     -3.2440
   22.997200   39.402900      4.1275
   23.030500   39.402900      6.0630
   23.063800   39.402900     -2.2858
   23.097100   39.402900    -11.5029
   23.130400   39.402900    -11.2096
   23.163700   39.402900     -2.3397
   23.197000   39.402900      5.6673
   23.230300   39.402900      5.7407
   23.263600   39.402900     -0.6757
   23.296900   39.402900     -7.0059
   23.330200   39.402900     -9.5267
   23.363500   39.402900     -9.4064
   23.396800   39.402900     -8.5033
   23.430100   39.402900     -6.2003
   23.463400   39.402900     -2.1253
   23.496700   39.402900      1.3137
   23.530000   39.402900      2.4832
   23.563300   39.402900      2.3498
   23.596600   39.402900      1.5277
   23.629900   39.402900      0.2407
   23.663200   39.402900      0.3501
   23.696500   39.402900      2.4712
   23.729800   39.402900      4.3212
   23.763100   39.402900      6.1352
   23.796400   39.402900      9.8192
   23.829700   39.402900     11.5216
   23.863000   39.402900      8.5343
   23.896300   39.402900      6.3144
   23.929600   39.402900      5.3195
   23.962900   39.402900      1.1299
   23.996200   39.402900     -2.0633
   24.029500   39.402900     -0.2826
   24.062800   39.402900      4.9994
   24.096100   39.402900     12.5172
   24.129400   39.402900     15.4670
   24.162700   39.402900      9.0775
   24.196000   39.402900      1.4639
   24.229300   39.402900     -0.5811
   24.262600   39.402900      1.3764
   24.295900   39.402900      4.3121
   24.329200   39.402900      5.1440
   24.362500   39.402900      2.6419
   24.395800   39.402900     -1.5839
   24.429100   39.402900     -5.9344
   24.462400   39.402900     -7.9901
   24.495700   39.402900     -6.2399
   24.529000   39.402900     -3.1699
   24.562300   39.402900     -1.1209
   24.595600   39.402900     -0.0944
   24.628900   39.402900      0.1740
   24.662200   39.402900      0.3705
   24.695500   39.402900      0.8513
   24.728800   39.402900      0.8134
   24.762100   39.402900      0.1991
   24.795400   39.402900     -0.0694
   24.828700   39.402900      0.1330
   24.862000   39.402900      0.1245
   24.895300   39.402900     -0.4570
   24.928600   39.402900     -1.0741
   24.961900   39.402900     -0.4492
   24.995200   39.402900      1.5559
   25.028500   39.402900      2.4248
   25.061800   39.402900      0.4843
   25.095100   39.402900     -1.3837
   25.128400   39.402900     -0.3523
   25.161700   39.402900      1.5961
   25.195000   39.402900      1.6288
   25.228300   39.402900      0.2529
   25.261600   39.402900     -0.8067
   25.294900   39.402900     -1.0982
   25.328200   39.402900     -0.8884
   25.361500   39.402900     -0.0149
   25.394800   39.402900      1.3853
   25.428100   39.402900      2.2733
   25.461400   39.402900      1.9210
   25.494700   39.402900      0.4326
   25.528000   39.402900     -1.5999
   25.561300   39.402900     -2.6532
   25.594600   39.402900     -1.7473
   20.200000   39.369600     -9.5276
   20.233300   39.369600     -9.9412
   20.266600   39.369600     -7.2780
   20.299900   39.369600     -5.6022
   20.333200   39.369600     -1.8409
   20.366500   39.369600      3.6008
   20.399800   39.369600      5.4549
   20.433100   39.369600      2.8085
   20.466400   39.369600      0.5727
   20.499700   39.369600      2.1411
   20.533000   39.369600      5.6046
   20.566300   39.369600      8.1136
   20.599600   39.369600      8.2882
   20.632900   39.369600      4.1704
   20.666200   39.369600     -2.3919
   20.699500   39.369600     -3.2492
   20.732800   39.369600      3.3073
   20.766100   39.369600      8.2653
   20.799400   39.369600      6.5701
   20.832700   39.369600      2.5974
   20.866000   39.369600     -0.0241
   20.899300   39.369600     -2.3098
   20.932600   39.369600     -4.7924
   20.965900   39.369600     -4.9757
   20.999200   39.369600     -1.8339
   21.032500   39.369600      0.8142
   21.065800   39.369600      0.8337
   21.099100   39.369600      2.7048
   21.132400   39.369600      7.6933
   21.165700   39.369600      7.5804
   21.199000   39.369600     -1.3108
   21.232300   39.369600     -7.8605
   21.265600   39.369600     -1.9751
   21.298900   39.369600      8.0017
   21.332200   39.369600      6.8582
   21.365500   39.369600     -5.2480
   21.398800   39.369600    -14.1707
   21.432100   39.369600    -11.8777
   21.465400   39.369600     -4.4923
   21.498700   39.369600     -2.6344
   21.532000   39.369600     -8.6845
   21.565300   39.369600    -14.5839
   21.598600   39.369600    -11.7327
   21.631900   39.369600     -2.3397
   21.665200   39.369600      2.9375
   21.698500   39.369600     -0.7775
   21.731800   39.369600     -5.5749
   21.765100   39.369600     -2.9829
   21.798400   39.369600      3.2582
   21.831700   39.369600      4.4960
   21.865000   39.369600     -0.1255
   21.898300   39.369600     -5.6222
   21.931600   39.369600     -8.0900
   21.964900   39.369600     -5.1322
   21.998200   39.369600      1.6156
   22.031500   39.369600      4.3096
   22.064800   39.369600     -1.4635
   22.098100   39.369600     -9.3258
   22.131400   39.369600    -12.9162
   22.164700   39.369600    -13.3922
   22.198000   39.369600    -12.4169
   22.231300   39.369600     -9.8248
   22.264600   39.369600     -6.7730
   22.297900   39.369600     -3.5385
   22.331200   39.369600      0.2877
   22.364500   39.369600      1.6461
   22.397800   39.369600     -2.6666
   22.431100   39.369600     -9.8453
   22.464400   39.369600    -13.4488
   22.497700   39.369600     -9.7874
   22.531000   39.369600     -0.7512
   22.564300   39.369600      7.1834
   22.597600   39.369600      7.6358
   22.630900   39.369600      2.0285
   22.664200   39.369600     -1.2848
   22.697500   39.369600      0.7537
   22.730800   39.369600      2.0742
   22.764100   39.369600     -0.3298
   22.797400   39.369600     -1.4863
   22.830700   39.369600      2.0676
   22.864000   39.369600      6.9063
   22.897300   39.369600      6.9970
   22.930600   39.369600      1.2552
   22.963900   39.369600     -3.3169
   22.997200   39.369600     -0.8562
   23.030500   39.369600      2.1493
   23.063800   39.369600     -4.7442
   23.097100   39.369600    -19.1217
   23.130400   39.369600    -27.0399
   23.163700   39.369600    -18.9016
   23.197000   39.369600     -0.4640
   23.230300   39.369600     12.0313
   23.263600   39.369600      8.3785
   23.296900   39.369600     -4.8330
   23.330200   39.369600    -13.1643
   23.363500   39.369600    -11.7442
   23.396800   39.369600     -7.9432
   23.430100   39.369600     -6.7771
   23.463400   39.369600     -5.2400
   23.496700   39.369600     -2.1019
   23.530000   39.369600      0.0389
   23.563300   39.369600      1.1512
   23.596600   39.369600      2.6466
   23.629900   39.369600      3.7254
   23.663200   39.369600      3.6989
   23.696500   39.369600      3.5771
   23.729800   39.369600      4.2504
   23.763100   39.369600      6.2149
   23.796400   39.369600      7.0520
   23.829700   39.369600      2.4232
   23.863000   39.369600     -1.2856
   23.896300   39.369600      6.6745
   23.929600   39.369600     15.4845
   23.962900   39.369600      9.1423
   23.996200   39.369600     -1.6141
   24.029500   39.369600     -1.1176
   24.062800   39.369600      7.9324
   24.096100   39.369600     15.6096
   24.129400   39.369600     13.3986
   24.162700   39.369600      3.6875
   24.196000   39.369600     -0.7996
   24.229300   39.369600      0.6643
   24.262600   39.369600     -0.6413
   24.295900   39.369600     -2.9489
   24.329200   39.369600      0.3949
   24.362500   39.369600      6.2422
   24.395800   39.369600      5.5612
   24.429100   39.369600     -2.3159
   24.462400   39.369600     -8.1742
   24.495700   39.369600     -6.9883
   24.529000   39.369600     -3.2684
   24.562300   39.369600     -0.7183
   24.595600   39.369600      0.8302
   24.628900   39.369600      1.3036
   24.662200   39.369600      0.9825
   24.695500   39.369600      0.7050
   24.728800   39.369600      0.5578
   24.762100   39.369600      0.6330
   24.795400   39.369600      1.0273
   24.828700   39.369600      1.5252
   24.862000   39.369600      1.9094
   24.895300   39.369600      1.4178
   24.928600   39.369600     -0.0617
   24.961900   39.369600     -0.4929
   24.995200   39.369600      0.7099
   25.028500   39.369600      0.6657
   25.061800   39.369600     -1.2172
   25.095100   39.369600     -1.6410
   25.128400   39.369600     -0.1239
   25.161700   39.369600      0.2582
   25.195000   39.369600     -1.3946
   25.228300   39.369600     -3.1082
   25.261600   39.369600     -3.3635
   25.294900   39.369600     -2.4868
   25.328200   39.369600     -1.5889
   25.361500   39.369600     -0.7163
   25.394800   39.369600      0.4544
   25.428100   39.369600      1.1029
   25.461400   39.369600      0.6920
   25.494700   39.369600     -0.0482
   25.528000   39.369600     -0.5910
   25.561300   39.369600     -0.8863
   25.594600   39.369600     -0.7106
   20.200000   39.336300    -18.5946
   20.233300   39.336300    -14.0668
   20.266600   39.336300     -8.2371
   20.299900   39.336300     -5.6094
   20.333200   39.336300     -3.7727
   20.366500   39.336300     -1.2219
   20.399800   39.336300      0.8036
   20.433100   39.336300      0.5333
   20.466400   39.336300     -1.3345
   20.499700   39.336300      0.1363
   20.533000   39.336300      7.1126
   20.566300   39.336300     13.8938
   20.599600   39.336300     14.0862
   20.632900   39.336300      7.3690
   20.666200   39.336300     -0.4793
   20.699500   39.336300     -1.2164
   20.732800   39.336300      5.2730
   20.766100   39.336300      8.8288
   20.799400   39.336300      4.1941
   20.832700   39.336300     -1.3366
   20.866000   39.336300     -0.8749
   20.899300   39.336300      1.8015
   20.932600   39.336300     -0.1896
   20.965900   39.336300     -5.8666
   20.999200   39.336300     -8.9431
   21.032500   39.336300     -7.2423
   21.065800   39.336300     -2.2804
   21.099100   39.336300      4.7936
   21.132400   39.336300      9.9380
   21.165700   39.336300      7.0316
   21.199000   39.336300     -1.3734
   21.232300   39.336300     -4.5546
   21.265600   39.336300      0.1700
   21.298900   39.336300      2.4141
   21.332200   39.336300     -4.6682
   21.365500   39.336300    -13.5110
   21.398800   39.336300    -13.5121
   21.432100   39.336300     -5.4924
   21.465400   39.336300      0.6710
   21.498700   39.336300     -2.5483
   21.532000   39.336300    -12.6019
   21.565300   39.336300    -19.2237
   21.598600   39.336300    -16.3738
   21.631900   39.336300    -11.0735
   21.665200   39.336300    -13.4985
   21.698500   39.336300    -20.0419
   21.731800   39.336300    -17.1186
   21.765100   39.336300     -3.1932
   21.798400   39.336300      6.6974
   21.831700   39.336300      3.7576
   21.865000   39.336300     -3.8922
   21.898300   39.336300     -7.7597
   21.931600   39.336300     -9.1926
   21.964900   39.336300     -8.7683
   21.998200   39.336300     -3.8247
   22.031500   39.336300      1.3335
   22.064800   39.336300     -0.6487
   22.098100   39.336300     -6.9616
   22.131400   39.336300     -9.6875
   22.164700   39.336300     -8.4927
   22.198000   39.336300     -7.5318
   22.231300   39.336300     -7.6679
   22.264600   39.336300     -8.1087
   22.297900   39.336300     -8.3916
   22.331200   39.336300     -7.4116
   22.364500   39.336300     -5.8660
   22.397800   39.336300     -7.2397
   22.431100   39.336300    -11.9792
   22.464400   39.336300    -15.4261
   22.497700   39.336300    -14.8692
   22.531000   39.336300    -12.6781
   22.564300   39.336300    -10.6362
   22.597600   39.336300     -8.4458
   22.630900   39.336300     -6.6007
   22.664200   39.336300     -4.8362
   22.697500   39.336300     -1.7490
   22.730800   39.336300      1.2778
   22.764100   39.336300      0.7510
   22.797400   39.336300     -3.6588
   22.830700   39.336300     -7.1490
   22.864000   39.336300     -4.6240
   22.897300   39.336300      1.6407
   22.930600   39.336300      4.5004
   22.963900   39.336300      3.3660
   22.997200   39.336300      3.1418
   23.030500   39.336300      2.7476
   23.063800   39.336300     -2.3962
   23.097100   39.336300    -10.7574
   23.130400   39.336300    -16.6868
   23.163700   39.336300    -14.9492
   23.197000   39.336300     -3.2403
   23.230300   39.336300     11.4866
   23.263600   39.336300     15.1726
   23.296900   39.336300      3.8204
   23.330200   39.336300     -8.8560
   23.363500   39.336300    -10.1816
   23.396800   39.336300     -5.6480
   23.430100   39.336300     -5.5920
   23.463400   39.336300     -7.8522
   23.496700   39.336300     -6.4913
   23.530000   39.336300     -3.2289
   23.563300   39.336300     -1.2238
   23.596600   39.336300      0.8451
   23.629900   39.336300      4.0613
   23.663200   39.336300      6.5319
   23.696500   39.336300      7.3325
   23.729800   39.336300      6.8518
   23.763100   39.336300      3.8864
   23.796400   39.336300     -2.2348
   23.829700   39.336300     -6.5466
   23.863000   39.336300      0.4613
   23.896300   39.336300     16.0640
   23.929600   39.336300     20.1596
   23.962900   39.336300      7.4193
   23.996200   39.336300     -2.0531
   24.029500   39.336300      0.5050
   24.062800   39.336300      6.5171
   24.096100   39.336300     10.4589
   24.129400   39.336300      8.1531
   24.162700   39.336300      1.4220
   24.196000   39.336300      0.5892
   24.229300   39.336300      4.1100
   24.262600   39.336300      1.9401
   24.295900   39.336300     -3.6285
   24.329200   39.336300     -3.9264
   24.362500   39.336300      0.3185
   24.395800   39.336300      1.6984
   24.429100   39.336300     -1.6633
   24.462400   39.336300     -4.4263
   24.495700   39.336300     -3.5556
   24.529000   39.336300     -1.5902
   24.562300   39.336300     -0.2546
   24.595600   39.336300      0.8040
   24.628900   39.336300      1.4492
   24.662200   39.336300      1.6402
   24.695500   39.336300      1.4980
   24.728800   39.336300      1.1253
   24.762100   39.336300      1.2819
   24.795400   39.336300      2.0038
   24.828700   39.336300      2.2699
   24.862000   39.336300      1.9519
   24.895300   39.336300      1.2411
   24.928600   39.336300     -0.0592
   24.961900   39.336300     -0.9183
   24.995200   39.336300     -0.7945
   25.028500   39.336300     -1.2247
   25.061800   39.336300     -2.1211
   25.095100   39.336300     -1.8846
   25.128400   39.336300     -1.4984
   25.161700   39.336300     -2.5464
   25.195000   39.336300     -4.1183
   25.228300   39.336300     -4.7880
   25.261600   39.336300     -4.0507
   25.294900   39.336300     -2.3746
   25.328200   39.336300     -0.9527
   25.361500   39.336300      0.0747
   25.394800   39.336300      1.0944
   25.428100   39.336300      1.3362
   25.461400   39.336300      0.7153
   25.494700   39.336300      0.6024
   25.528000   39.336300      1.2141
   25.561300   39.336300      1.5139
   25.594600   39.336300      1.5053
   20.200000   39.303000    -18.2306
   20.233300   39.303000    -19.0489
   20.266600   39.303000    -12.6350
   20.299900   39.303000     -4.4383
   20.333200   39.303000     -0.7526
   20.366500   39.303000     -3.5259
   20.399800   39.303000     -7.0405
   20.433100   39.303000     -7.9504
   20.466400   39.303000     -8.4012
   20.499700   39.303000     -5.3834
   20.533000   39.303000      4.1789
   20.566300   39.303000     12.6851
   20.599600   39.303000     13.9734
   20.632900   39.303000     12.6137
   20.666200   39.303000     12.4655
   20.699500   39.303000     12.4112
   20.732800   39.303000     11.3590
   20.766100   39.303000      7.3646
   20.799400   39.303000     -0.1657
   20.832700   39.303000     -5.2321
   20.866000   39.303000     -1.9605
   20.899300   39.303000      5.0187
   20.932600   39.303000      6.2353
   20.965900   39.303000      0.3763
   20.999200   39.303000     -5.5286
   21.032500   39.303000     -6.0714
   21.065800   39.303000     -1.3718
   21.099100   39.303000      4.7090
   21.132400   39.303000      6.2365
   21.165700   39.303000      0.3585
   21.199000   39.303000     -6.7926
   21.232300   39.303000     -6.7402
   21.265600   39.303000     -0.8484
   21.298900   39.303000      1.9595
   21.332200   39.303000     -0.9178
   21.365500   39.303000     -2.9591
   21.398800   39.303000      1.4072
   21.432100   39.303000     10.0956
   21.465400   39.303000     15.4336
   21.498700   39.303000     10.5997
   21.532000   39.303000     -1.7060
   21.565300   39.303000     -9.2898
   21.598600   39.303000     -6.3664
   21.631900   39.303000     -4.6613
   21.665200   39.303000    -16.0060
   21.698500   39.303000    -29.6113
   21.731800   39.303000    -24.9941
   21.765100   39.303000     -4.5144
   21.798400   39.303000      8.0589
   21.831700   39.303000      3.2015
   21.865000   39.303000     -5.1736
   21.898300   39.303000     -6.5778
   21.931600   39.303000     -5.9169
   21.964900   39.303000     -6.7176
   21.998200   39.303000     -5.2188
   22.031500   39.303000     -2.1219
   22.064800   39.303000     -2.7319
   22.098100   39.303000     -6.0154
   22.131400   39.303000     -6.2529
   22.164700   39.303000     -3.0878
   22.198000   39.303000     -0.4851
   22.231300   39.303000      0.6569
   22.264600   39.303000      1.4680
   22.297900   39.303000      1.5861
   22.331200   39.303000      1.4339
   22.364500   39.303000      2.1153
   22.397800   39.303000      1.6849
   22.431100   39.303000     -1.3090
   22.464400   39.303000     -3.8692
   22.497700   39.303000     -5.1987
   22.531000   39.303000     -8.4826
   22.564300   39.303000    -11.3387
   22.597600   39.303000     -7.8928
   22.630900   39.303000     -0.9483
   22.664200   39.303000      1.7773
   22.697500   39.303000     -0.1075
   22.730800   39.303000     -1.8585
   22.764100   39.303000     -2.8434
   22.797400   39.303000     -5.2665
   22.830700   39.303000     -7.3548
   22.864000   39.303000     -5.3641
   22.897300   39.303000     -1.4099
   22.930600   39.303000     -0.7174
   22.963900   39.303000     -2.1006
   22.997200   39.303000     -0.8250
   23.030500   39.303000      2.4460
   23.063800   39.303000      4.7117
   23.097100   39.303000      4.6550
   23.130400   39.303000     -0.2333
   23.163700   39.303000     -8.7770
   23.197000   39.303000    -11.1283
   23.230300   39.303000     -1.7324
   23.263600   39.303000     10.2711
   23.296900   39.303000     12.5414
   23.330200   39.303000      5.4937
   23.363500   39.303000     -1.2766
   23.396800   39.303000     -4.1738
   23.430100   39.303000     -7.7394
   23.463400   39.303000    -12.2350
   23.496700   39.303000    -11.0188
   23.530000   39.303000     -2.4198
   23.563300   39.303000      5.3073
   23.596600   39.303000      5.8013
   23.629900   39.303000      3.3657
   23.663200   39.303000      3.4383
   23.696500   39.303000      4.6111
   23.729800   39.303000      3.3507
   23.763100   39.303000      0.1544
   23.796400   39.303000      0.8561
   23.829700   39.303000     10.1675
   23.863000   39.303000     21.7261
   23.896300   39.303000     20.0013
   23.929600   39.303000      2.6032
   23.962900   39.303000     -8.7238
   23.996200   39.303000     -0.2021
   24.029500   39.303000     11.1866
   24.062800   39.303000     11.5516
   24.096100   39.303000      7.9021
   24.129400   39.303000      4.2865
   24.162700   39.303000      0.3990
   24.196000   39.303000     -0.1602
   24.229300   39.303000      1.0023
   24.262600   39.303000      0.7564
   24.295900   39.303000      0.6271
   24.329200   39.303000     -0.0209
   24.362500   39.303000     -2.3550
   24.395800   39.303000     -3.4562
   24.429100   39.303000     -2.0606
   24.462400   39.303000     -0.3487
   24.495700   39.303000      0.6098
   24.529000   39.303000      1.2534
   24.562300   39.303000      1.7924
   24.595600   39.303000      2.1649
   24.628900   39.303000      2.2989
   24.662200   39.303000      2.3505
   24.695500   39.303000      2.5019
   24.728800   39.303000      2.7554
   24.762100   39.303000      3.1888
   24.795400   39.303000      3.4537
   24.828700   39.303000      2.7341
   24.862000   39.303000      1.1656
   24.895300   39.303000     -0.3079
   24.928600   39.303000     -1.3012
   24.961900   39.303000     -1.7055
   24.995200   39.303000     -1.8325
   25.028500   39.303000     -2.2132
   25.061800   39.303000     -2.3623
   25.095100   39.303000     -2.3311
   25.128400   39.303000     -3.3148
   25.161700   39.303000     -4.8199
   25.195000   39.303000     -5.4341
   25.228300   39.303000     -5.0302
   25.261600   39.303000     -3.2843
   25.294900   39.303000     -0.4715
   25.328200   39.303000      1.5039
   25.361500   39.303000      2.2601
   25.394800   39.303000      2.7050
   25.428100   39.303000      2.4335
   25.461400   39.303000      1.7734
   25.494700   39.303000      2.1656
   25.528000   39.303000      2.9530
   25.561300   39.303000      2.6756
   25.594600   39.303000      2.0486
   20.200000   39.269700     -7.4001
   20.233300   39.269700    -16.0957
   20.266600   39.269700    -16.3336
   20.299900   39.269700     -9.7359
   20.333200   39.269700     -4.5496
   20.366500   39.269700     -5.5393
   20.399800   39.269700     -7.9302
   20.433100   39.269700     -9.1685
   20.466400   39.269700    -11.8033
   20.499700   39.269700    -10.6816
   20.533000   39.269700     -0.9052
   20.566300   39.269700      8.8273
   20.599600   39.269700     12.1015
   20.632900   39.269700     14.1921
   20.666200   39.269700     15.6847
   20.699500   39.269700     12.2239
   20.732800   39.269700      6.9355
   20.766100   39.269700      3.7745
   20.799400   39.269700      0.1467
   20.832700   39.269700     -4.2426
   20.866000   39.269700     -4.4635
   20.899300   39.269700      0.3803
   20.932600   39.269700      5.0337
   20.965900   39.269700      5.1723
   20.999200   39.269700      1.6740
   21.032500   39.269700     -1.0559
   21.065800   39.269700      0.3036
   21.099100   39.269700      4.2107
   21.132400   39.269700      5.4525
   21.165700   39.269700      0.9553
   21.199000   39.269700     -5.7467
   21.232300   39.269700     -7.1636
   21.265600   39.269700      0.6167
   21.298900   39.269700     12.5790
   21.332200   39.269700     18.0921
   21.365500   39.269700     11.8308
   21.398800   39.269700      2.3880
   21.432100   39.269700      3.1887
   21.465400   39.269700     12.7386
   21.498700   39.269700     14.8403
   21.532000   39.269700      4.6040
   21.565300   39.269700     -1.6552
   21.598600   39.269700      7.2242
   21.631900   39.269700     16.4077
   21.665200   39.269700      7.4255
   21.698500   39.269700    -11.1341
   21.731800   39.269700    -16.3684
   21.765100   39.269700     -6.1374
   21.798400   39.269700      1.4907
   21.831700   39.269700     -0.5470
   21.865000   39.269700     -2.7951
   21.898300   39.269700     -0.8377
   21.931600   39.269700     -0.1189
   21.964900   39.269700     -2.6499
   21.998200   39.269700     -5.6872
   22.031500   39.269700     -8.7794
   22.064800   39.269700    -11.7923
   22.098100   39.269700    -11.7678
   22.131400   39.269700     -7.3304
   22.164700   39.269700     -1.4566
   22.198000   39.269700      2.7505
   22.231300   39.269700      5.8931
   22.264600   39.269700      9.0053
   22.297900   39.269700     10.5954
   22.331200   39.269700     10.4432
   22.364500   39.269700     10.5328
   22.397800   39.269700     10.0653
   22.431100   39.269700      7.4277
   22.464400   39.269700      4.7852
   22.497700   39.269700      2.3199
   22.531000   39.269700     -3.2467
   22.564300   39.269700     -8.3719
   22.597600   39.269700     -4.9113
   22.630900   39.269700      4.5879
   22.664200   39.269700      8.2721
   22.697500   39.269700      1.6127
   22.730800   39.269700     -7.8753
   22.764100   39.269700    -11.7750
   22.797400   39.269700     -8.6524
   22.830700   39.269700     -1.8086
   22.864000   39.269700      4.2249
   22.897300   39.269700      4.8014
   22.930600   39.269700     -0.7716
   22.963900   39.269700     -7.2428
   22.997200   39.269700     -9.2628
   23.030500   39.269700     -6.3181
   23.063800   39.269700      0.0714
   23.097100   39.269700      6.2451
   23.130400   39.269700      5.2360
   23.163700   39.269700     -4.6208
   23.197000   39.269700    -14.1077
   23.230300   39.269700    -14.3213
   23.263600   39.269700     -5.5299
   23.296900   39.269700      5.5455
   23.330200   39.269700     10.8938
   23.363500   39.269700      8.0019
   23.396800   39.269700      2.7769
   23.430100   39.269700     -0.9936
   23.463400   39.269700     -6.4011
   23.496700   39.269700    -10.6529
   23.530000   39.269700     -4.9290
   23.563300   39.269700      6.4994
   23.596600   39.269700     10.6307
   23.629900   39.269700      8.9685
   23.663200   39.269700      8.7653
   23.696500   39.269700      5.7985
   23.729800   39.269700     -1.8928
   23.763100   39.269700     -4.2749
   23.796400   39.269700      4.2399
   23.829700   39.269700     14.7904
   23.863000   39.269700     14.0541
   23.896300   39.269700     -1.2527
   23.929600   39.269700    -15.8508
   23.962900   39.269700     -9.7624
   23.996200   39.269700     10.7002
   24.029500   39.269700     19.5199
   24.062800   39.269700     11.4274
   24.096100   39.269700      1.8726
   24.129400   39.269700     -2.0072
   24.162700   39.269700     -1.5336
   24.196000   39.269700      0.1396
   24.229300   39.269700     -1.1676
   24.262600   39.269700     -2.0831
   24.295900   39.269700      1.8624
   24.329200   39.269700      4.4951
   24.362500   39.269700      1.6053
   24.395800   39.269700     -0.7925
   24.429100   39.269700      0.2887
   24.462400   39.269700      1.7898
   24.495700   39.269700      2.9228
   24.529000   39.269700      4.1184
   24.562300   39.269700      4.4564
   24.595600   39.269700      4.1119
   24.628900   39.269700      3.8246
   24.662200   39.269700      3.6471
   24.695500   39.269700      3.9159
   24.728800   39.269700      4.6913
   24.762100   39.269700      5.1157
   24.795400   39.269700      4.5171
   24.828700   39.269700      3.0097
   24.862000   39.269700      1.3227
   24.895300   39.269700      0.2423
   24.928600   39.269700     -0.2269
   24.961900   39.269700     -0.5635
   24.995200   39.269700     -1.0954
   25.028500   39.269700     -1.7319
   25.061800   39.269700     -2.4520
   25.095100   39.269700     -4.0504
   25.128400   39.269700     -6.1305
   25.161700   39.269700     -6.2564
   25.195000   39.269700     -4.2003
   25.228300   39.269700     -2.0002
   25.261600   39.269700      0.4018
   25.294900   39.269700      2.9933
   25.328200   39.269700      3.7694
   25.361500   39.269700      2.9092
   25.394800   39.269700      2.2697
   25.428100   39.269700      1.8183
   25.461400   39.269700      1.6928
   25.494700   39.269700      2.6664
   25.528000   39.269700      3.3785
   25.561300   39.269700      2.4770
   25.594600   39.269700      0.9500
   20.200000   39.236400      5.0539
   20.233300   39.236400     -1.6505
   20.266600   39.236400     -8.1249
   20.299900   39.236400    -10.7294
   20.333200   39.236400    -11.2410
   20.366500   39.236400    -11.8177
   20.399800   39.236400    -11.3931
   20.433100   39.236400    -10.9711
   20.466400   39.236400    -12.0291
   20.499700   39.236400     -9.1951
   20.533000   39.236400      0.0423
   20.566300   39.236400      8.2643
   20.599600   39.236400     12.4181
   20.632900   39.236400     15.6592
   20.666200   39.236400     14.8615
   20.699500   39.236400      8.0568
   20.732800   39.236400      2.7294
   20.766100   39.236400      2.8776
   20.799400   39.236400      3.0670
   20.832700   39.236400     -0.0981
   20.866000   39.236400     -3.1723
   20.899300   39.236400     -2.0426
   20.932600   39.236400      2.6451
   20.965900   39.236400      5.2189
   20.999200   39.236400      1.5848
   21.032500   39.236400     -3.9492
   21.065800   39.236400     -4.1533
   21.099100   39.236400      1.5205
   21.132400   39.236400      7.6151
   21.165700   39.236400      8.0244
   21.199000   39.236400     -0.0650
   21.232300   39.236400    -10.0682
   21.265600   39.236400     -7.8106
   21.298900   39.236400      9.1553
   21.332200   39.236400     20.3504
   21.365500   39.236400      7.1668
   21.398800   39.236400    -16.2457
   21.432100   39.236400    -20.0999
   21.465400   39.236400     -3.0487
   21.498700   39.236400      7.3454
   21.532000   39.236400     -0.5934
   21.565300   39.236400     -7.5040
   21.598600   39.236400      2.1947
   21.631900   39.236400     16.1268
   21.665200   39.236400     16.8315
   21.698500   39.236400      7.8500
   21.731800   39.236400      1.9080
   21.765100   39.236400     -0.7167
   21.798400   39.236400     -4.9330
   21.831700   39.236400     -6.5407
   21.865000   39.236400     -1.9224
   21.898300   39.236400      2.0332
   21.931600   39.236400      0.7149
   21.964900   39.236400     -1.1432
   21.998200   39.236400     -1.6725
   22.031500   39.236400     -4.7438
   22.064800   39.236400     -8.9642
   22.098100   39.236400     -8.9035
   22.131400   39.236400     -5.1862
   22.164700   39.236400     -2.0767
   22.198000   39.236400      0.3364
   22.231300   39.236400      4.1785
   22.264600   39.236400      7.8195
   22.297900   39.236400      7.7437
   22.331200   39.236400      4.7019
   22.364500   39.236400      2.4063
   22.397800   39.236400      1.3074
   22.431100   39.236400     -0.0418
   22.464400   39.236400     -0.4790
   22.497700   39.236400      0.0278
   22.531000   39.236400     -1.5089
   22.564300   39.236400     -4.5256
   22.597600   39.236400     -4.0939
   22.630900   39.236400      0.4053
   22.664200   39.236400      2.2765
   22.697500   39.236400     -3.8218
   22.730800   39.236400    -13.5198
   22.764100   39.236400    -17.4469
   22.797400   39.236400    -12.5331
   22.830700   39.236400     -4.2266
   22.864000   39.236400      0.7966
   22.897300   39.236400     -0.0308
   22.930600   39.236400     -4.8199
   22.963900   39.236400    -10.0962
   22.997200   39.236400    -13.6475
   23.030500   39.236400    -14.4252
   23.063800   39.236400    -10.9627
   23.097100   39.236400     -3.7142
   23.130400   39.236400      2.3869
   23.163700   39.236400      2.0965
   23.197000   39.236400     -4.5891
   23.230300   39.236400    -13.2943
   23.263600   39.236400    -17.1632
   23.296900   39.236400    -10.1131
   23.330200   39.236400      4.0259
   23.363500   39.236400     13.4106
   23.396800   39.236400     14.1323
   23.430100   39.236400     11.0389
   23.463400   39.236400      4.0636
   23.496700   39.236400     -6.5385
   23.530000   39.236400    -12.1841
   23.563300   39.236400    -10.8521
   23.596600   39.236400     -8.8129
   23.629900   39.236400     -2.6657
   23.663200   39.236400      8.5442
   23.696500   39.236400      9.9571
   23.729800   39.236400     -0.8758
   23.763100   39.236400     -7.1473
   23.796400   39.236400     -5.4694
   23.829700   39.236400     -7.0756
   23.863000   39.236400    -12.1362
   23.896300   39.236400    -12.4988
   23.929600   39.236400     -5.2504
   23.962900   39.236400      7.6610
   23.996200   39.236400     17.2504
   24.029500   39.236400     13.5568
   24.062800   39.236400      2.0249
   24.096100   39.236400     -4.1270
   24.129400   39.236400     -2.8141
   24.162700   39.236400      1.4403
   24.196000   39.236400      4.2002
   24.229300   39.236400      2.4152
   24.262600   39.236400     -0.2907
   24.295900   39.236400      0.4059
   24.329200   39.236400      0.9762
   24.362500   39.236400     -1.0650
   24.395800   39.236400     -2.1933
   24.429100   39.236400     -1.4393
   24.462400   39.236400     -0.1899
   24.495700   39.236400      2.1046
   24.529000   39.236400      4.2020
   24.562300   39.236400      3.9955
   24.595600   39.236400      2.9833
   24.628900   39.236400      3.1497
   24.662200   39.236400      4.1809
   24.695500   39.236400      5.3392
   24.728800   39.236400      6.0475
   24.762100   39.236400      5.7461
   24.795400   39.236400      4.5548
   24.828700   39.236400      3.1131
   24.862000   39.236400      2.0677
   24.895300   39.236400      1.4453
   24.928600   39.236400      0.8034
   24.961900   39.236400      0.5463
   24.995200   39.236400      0.8734
   25.028500   39.236400     -0.0397
   25.061800   39.236400     -3.3501
   25.095100   39.236400     -6.2233
   25.128400   39.236400     -4.9700
   25.161700   39.236400     -0.7375
   25.195000   39.236400      1.8422
   25.228300   39.236400      1.9480
   25.261600   39.236400      2.4060
   25.294900   39.236400      3.1631
   25.328200   39.236400      2.1419
   25.361500   39.236400      0.2572
   25.394800   39.236400     -0.5565
   25.428100   39.236400     -0.4628
   25.461400   39.236400      0.2716
   25.494700   39.236400      1.5769
   25.528000   39.236400      2.1670
   25.561300   39.236400      1.4762
   25.594600   39.236400      0.0477
   20.200000   39.203100     13.4495
   20.233300   39.203100     13.7579
   20.266600   39.203100      5.6570
   20.299900   39.203100     -2.5998
   20.333200   39.203100     -8.6941
   20.366500   39.203100    -13.4560
   20.399800   39.203100    -16.9461
   20.433100   39.203100    -19.1204
   20.466400   39.203100    -18.1388
   20.499700   39.203100    -11.0833
   20.533000   39.203100     -1.3868
   20.566300   39.203100      5.5755
   20.599600   39.203100     12.5717
   20.632900   39.203100     20.7163
   20.666200   39.203100     22.2015
   20.699500   39.203100     15.2470
   20.732800   39.203100      7.8281
   20.766100   39.203100      4.1141
   20.799400   39.203100      2.4047
   20.832700   39.203100      0.8406
   20.866000   39.203100     -1.4513
   20.899300   39.203100     -2.6438
   20.932600   39.203100     -0.3730
   20.965900   39.203100      1.5031
   20.999200   39.203100     -2.3024
   21.032500   39.203100     -8.1437
   21.065800   39.203100     -9.0344
   21.099100   39.203100     -4.6805
   21.132400   39.203100      1.4233
   21.165700   39.203100      5.0006
   21.199000   39.203100      0.0877
   21.232300   39.203100    -11.0946
   21.265600   39.203100    -13.1349
   21.298900   39.203100      0.5379
   21.332200   39.203100     10.4587
   21.365500   39.203100     -1.5605
   21.398800   39.203100    -19.7514
   21.432100   39.203100    -17.7533
   21.465400   39.203100     -1.7594
   21.498700   39.203100      1.4193
   21.532000   39.203100    -10.5541
   21.565300   39.203100    -16.3578
   21.598600   39.203100     -8.7834
   21.631900   39.203100     -1.7067
   21.665200   39.203100     -1.3933
   21.698500   39.203100      1.4010
   21.731800   39.203100      7.9193
   21.765100   39.203100      5.9112
   21.798400   39.203100     -5.1472
   21.831700   39.203100     -9.1505
   21.865000   39.203100     -1.7903
   21.898300   39.203100      2.7612
   21.931600   39.203100     -0.3734
   21.964900   39.203100     -0.6582
   21.998200   39.203100      4.4311
   22.031500   39.203100      6.1531
   22.064800   39.203100      3.2406
   22.098100   39.203100      1.7918
   22.131400   39.203100      1.4298
   22.164700   39.203100     -1.1220
   22.198000   39.203100     -2.3013
   22.231300   39.203100      1.6183
   22.264600   39.203100      6.0945
   22.297900   39.203100      5.1824
   22.331200   39.203100      0.4411
   22.364500   39.203100     -2.8804
   22.397800   39.203100     -3.3835
   22.431100   39.203100     -2.8845
   22.464400   39.203100     -1.8104
   22.497700   39.203100      0.5497
   22.531000   39.203100      3.4178
   22.564300   39.203100      4.1169
   22.597600   39.203100      1.1685
   22.630900   39.203100     -2.8669
   22.664200   39.203100     -5.2702
   22.697500   39.203100     -7.3218
   22.730800   39.203100     -9.8597
   22.764100   39.203100    -10.1414
   22.797400   39.203100     -7.5010
   22.830700   39.203100     -5.4400
   22.864000   39.203100     -6.3250
   22.897300   39.203100     -9.2862
   22.930600   39.203100    -12.7093
   22.963900   39.203100    -15.5205
   22.997200   39.203100    -16.9095
   23.030500   39.203100    -16.3438
   23.063800   39.203100    -12.8779
   23.097100   39.203100     -5.1584
   23.130400   39.203100      4.7309
   23.163700   39.203100      9.3804
   23.197000   39.203100      3.5381
   23.230300   39.203100     -9.1126
   23.263600   39.203100    -18.8613
   23.296900   39.203100    -16.0982
   23.330200   39.203100     -0.3975
   23.363500   39.203100     15.0746
   23.396800   39.203100     17.7183
   23.430100   39.203100     11.0481
   23.463400   39.203100      4.8631
   23.496700   39.203100      2.1522
   23.530000   39.203100      0.9564
   23.563300   39.203100     -3.5902
   23.596600   39.203100    -12.6024
   23.629900   39.203100    -14.9784
   23.663200   39.203100     -5.7031
   23.696500   39.203100      0.9579
   23.729800   39.203100     -1.6614
   23.763100   39.203100     -3.8339
   23.796400   39.203100     -4.1942
   23.829700   39.203100     -6.9073
   23.863000   39.203100     -4.8367
   23.896300   39.203100      5.2965
   23.929600   39.203100     12.9606
   23.962900   39.203100     13.4376
   23.996200   39.203100     11.2511
   24.029500   39.203100      5.7374
   24.062800   39.203100     -2.1421
   24.096100   39.203100     -4.2828
   24.129400   39.203100     -0.1839
   24.162700   39.203100      2.9240
   24.196000   39.203100      2.6830
   24.229300   39.203100      1.5619
   24.262600   39.203100      0.7475
   24.295900   39.203100     -0.5504
   24.329200   39.203100     -3.0430
   24.362500   39.203100     -5.4062
   24.395800   39.203100     -5.5346
   24.429100   39.203100     -4.0662
   24.462400   39.203100     -2.6298
   24.495700   39.203100     -1.0541
   24.529000   39.203100      0.3076
   24.562300   39.203100      0.4877
   24.595600   39.203100      0.4241
   24.628900   39.203100      1.4928
   24.662200   39.203100      3.4981
   24.695500   39.203100      5.1761
   24.728800   39.203100      5.4522
   24.762100   39.203100      4.4334
   24.795400   39.203100      3.0919
   24.828700   39.203100      2.2753
   24.862000   39.203100      2.2472
   24.895300   39.203100      2.1232
   24.928600   39.203100      1.3550
   24.961900   39.203100      1.6625
   24.995200   39.203100      3.2601
   25.028500   39.203100      1.8860
   25.061800   39.203100     -3.3543
   25.095100   39.203100     -4.6071
   25.128400   39.203100      2.2028
   25.161700   39.203100      8.0756
   25.195000   39.203100      5.4386
   25.228300   39.203100      0.1458
   25.261600   39.203100     -1.3253
   25.294900   39.203100     -1.2733
   25.328200   39.203100     -2.2808
   25.361500   39.203100     -2.7816
   25.394800   39.203100     -1.9040
   25.428100   39.203100     -0.4519
   25.461400   39.203100      1.2822
   25.494700   39.203100      2.8048
   25.528000   39.203100      3.2007
   25.561300   39.203100      2.8196
   25.594600   39.203100      1.8913
   20.200000   39.169800      9.9437
   20.233300   39.169800     15.9305
   20.266600   39.169800     11.9052
   20.299900   39.169800      7.3386
   20.333200   39.169800      2.2721
   20.366500   39.169800     -4.6547
   20.399800   39.169800    -11.5795
   20.433100   39.169800    -17.3105
   20.466400   39.169800    -19.1922
   20.499700   39.169800    -13.8477
   20.533000   39.169800     -5.3815
   20.566300   39.169800      0.9694
   20.599600   39.169800      8.6432
   20.632900   39.169800     18.1797
   20.666200   39.169800     21.1627
   20.699500   39.169800     15.0845
   20.732800   39.169800      6.4776
   20.766100   39.169800      0.8248
   20.799400   39.169800      0.1024
   20.832700   39.169800      1.4999
   20.866000   39.169800     -0.8214
   20.899300   39.169800     -5.6212
   20.932600   39.169800     -6.0363
   20.965900   39.169800     -2.7619
   20.999200   39.169800     -1.9389
   21.032500   39.169800     -3.7708
   21.065800   39.169800     -5.6305
   21.099100   39.169800     -7.6245
   21.132400   39.169800     -8.2880
   21.165700   39.169800     -5.9383
   21.199000   39.169800     -4.6312
   21.232300   39.169800     -6.3293
   21.265600   39.169800     -3.7300
   21.298900   39.169800      5.4461
   21.332200   39.169800      8.7506
   21.365500   39.169800      0.0386
   21.398800   39.169800     -5.1462
   21.432100   39.169800      3.6232
   21.465400   39.169800      9.2378
   21.498700   39.169800     -3.8759
   21.532000   39.169800    -19.1895
   21.565300   39.169800    -14.7059
   21.598600   39.169800     -0.2818
   21.631900   39.169800     -0.0428
   21.665200   39.169800    -12.1643
   21.698500   39.169800    -14.2120
   21.731800   39.169800     -2.5842
   21.765100   39.169800      3.3070
   21.798400   39.169800     -3.4227
   21.831700   39.169800     -7.0405
   21.865000   39.169800     -0.3246
   21.898300   39.169800      4.6082
   21.931600   39.169800      2.3100
   21.964900   39.169800      1.7367
   21.998200   39.169800      5.3039
   22.031500   39.169800      5.3323
   22.064800   39.169800      1.4457
   22.098100   39.169800      0.6905
   22.131400   39.169800      2.7367
   22.164700   39.169800      2.2140
   22.198000   39.169800      0.9786
   22.231300   39.169800      3.9202
   22.264600   39.169800      8.2651
   22.297900   39.169800      7.9902
   22.331200   39.169800      3.8695
   22.364500   39.169800      1.4811
   22.397800   39.169800      2.8502
   22.431100   39.169800      4.7953
   22.464400   39.169800      4.4145
   22.497700   39.169800      3.0737
   22.531000   39.169800      3.8245
   22.564300   39.169800      5.4292
   22.597600   39.169800      3.5293
   22.630900   39.169800     -1.0124
   22.664200   39.169800     -2.6710
   22.697500   39.169800     -0.1937
   22.730800   39.169800      2.8560
   22.764100   39.169800      4.3057
   22.797400   39.169800      4.2786
   22.830700   39.169800      3.1231
   22.864000   39.169800      0.7139
   22.897300   39.169800     -3.5493
   22.930600   39.169800     -9.2700
   22.963900   39.169800    -13.5777
   22.997200   39.169800    -13.4048
   23.030500   39.169800     -9.3444
   23.063800   39.169800     -4.0893
   23.097100   39.169800      2.3616
   23.130400   39.169800      9.8811
   23.163700   39.169800     12.8402
   23.197000   39.169800      7.3071
   23.230300   39.169800     -1.6386
   23.263600   39.169800     -6.5879
   23.296900   39.169800     -3.9512
   23.330200   39.169800      5.3351
   23.363500   39.169800     13.2137
   23.396800   39.169800     10.5266
   23.430100   39.169800      1.2268
   23.463400   39.169800     -2.2445
   23.496700   39.169800      3.9252
   23.530000   39.169800     13.4216
   23.563300   39.169800     17.6193
   23.596600   39.169800     11.6092
   23.629900   39.169800      1.6263
   23.663200   39.169800     -1.6197
   23.696500   39.169800      1.3264
   23.729800   39.169800      3.2527
   23.763100   39.169800      3.1845
   23.796400   39.169800      2.7691
   23.829700   39.169800      2.6783
   23.863000   39.169800      6.1547
   23.896300   39.169800     11.9552
   23.929600   39.169800     11.3297
   23.962900   39.169800      4.8321
   23.996200   39.169800      2.4724
   24.029500   39.169800      2.3232
   24.062800   39.169800     -1.7399
   24.096100   39.169800     -3.2190
   24.129400   39.169800      1.0809
   24.162700   39.169800      2.3526
   24.196000   39.169800     -1.8355
   24.229300   39.169800     -4.0540
   24.262600   39.169800     -2.5848
   24.295900   39.169800     -2.1144
   24.329200   39.169800     -3.7060
   24.362500   39.169800     -5.2513
   24.395800   39.169800     -5.1959
   24.429100   39.169800     -3.4752
   24.462400   39.169800     -2.0220
   24.495700   39.169800     -1.9814
   24.529000   39.169800     -2.1884
   24.562300   39.169800     -1.9633
   24.595600   39.169800     -1.3652
   24.628900   39.169800      0.1186
   24.662200   39.169800      2.3435
   24.695500   39.169800      3.9042
   24.728800   39.169800      3.9322
   24.762100   39.169800      2.9121
   24.795400   39.169800      1.8076
   24.828700   39.169800      1.4912
   24.862000   39.169800      2.1400
   24.895300   39.169800      2.3677
   24.928600   39.169800      1.2642
   24.961900   39.169800      0.4863
   24.995200   39.169800      0.8525
   25.028500   39.169800     -0.5016
   25.061800   39.169800     -4.0162
   25.095100   39.169800     -3.5826
   25.128400   39.169800      2.5346
   25.161700   39.169800      5.4744
   25.195000   39.169800      0.9791
   25.228300   39.169800     -3.5992
   25.261600   39.169800     -4.4590
   25.294900   39.169800     -5.0908
   25.328200   39.169800     -5.8822
   25.361500   39.169800     -4.6048
   25.394800   39.169800     -1.8818
   25.428100   39.169800      0.7521
   25.461400   39.169800      2.9202
   25.494700   39.169800      4.1736
   25.528000   39.169800      4.3755
   25.561300   39.169800      4.4099
   25.594600   39.169800      3.8348
   20.200000   39.136500     -1.0220
   20.233300   39.136500      5.6235
   20.266600   39.136500      7.7622
   20.299900   39.136500     11.3049
   20.333200   39.136500      9.6788
   20.366500   39.136500      1.8016
   20.399800   39.136500     -5.3620
   20.433100   39.136500    -10.8283
   20.466400   39.136500    -15.5411
   20.499700   39.136500    -14.4776
   20.533000   39.136500     -7.2416
   20.566300   39.136500     -0.2146
   20.599600   39.136500      5.2322
   20.632900   39.136500      9.9874
   20.666200   39.136500     10.3056
   20.699500   39.136500      5.3627
   20.732800   39.136500     -0.0850
   20.766100   39.136500     -1.9001
   20.799400   39.136500      0.7851
   20.832700   39.136500      3.4196
   20.866000   39.136500     -0.2829
   20.899300   39.136500     -7.4918
   20.932600   39.136500     -9.9335
   20.965900   39.136500     -7.3343
   20.999200   39.136500     -4.4497
   21.032500   39.136500     -2.0458
   21.065800   39.136500     -0.5760
   21.099100   39.136500     -1.9357
   21.132400   39.136500     -4.2521
   21.165700   39.136500     -4.7681
   21.199000   39.136500     -4.5395
   21.232300   39.136500     -2.9862
   21.265600   39.136500      3.5789
   21.298900   39.136500     11.3168
   21.332200   39.136500      9.6317
   21.365500   39.136500      0.0736
   21.398800   39.136500     -1.0970
   21.432100   39.136500      9.3261
   21.465400   39.136500     11.6403
   21.498700   39.136500     -3.7204
   21.532000   39.136500    -15.4558
   21.565300   39.136500     -3.8218
   21.598600   39.136500     16.2322
   21.631900   39.136500     16.5492
   21.665200   39.136500     -3.5709
   21.698500   39.136500    -18.7127
   21.731800   39.136500    -15.0243
   21.765100   39.136500     -4.2724
   21.798400   39.136500      0.2819
   21.831700   39.136500      1.2621
   21.865000   39.136500      3.6349
   21.898300   39.136500      4.8198
   21.931600   39.136500      4.7008
   21.964900   39.136500      7.6522
   21.998200   39.136500     11.3547
   22.031500   39.136500      8.6755
   22.064800   39.136500      1.5196
   22.098100   39.136500     -0.1931
   22.131400   39.136500      5.1318
   22.164700   39.136500      8.6620
   22.198000   39.136500      7.1588
   22.231300   39.136500      7.5349
   22.264600   39.136500     11.9900
   22.297900   39.136500     12.9681
   22.331200   39.136500      7.1607
   22.364500   39.136500      1.6839
   22.397800   39.136500      2.3153
   22.431100   39.136500      5.0838
   22.464400   39.136500      3.5223
   22.497700   39.136500     -2.1829
   22.531000   39.136500     -6.2169
   22.564300   39.136500     -5.5525
   22.597600   39.136500     -3.7572
   22.630900   39.136500     -3.9193
   22.664200   39.136500     -3.0793
   22.697500   39.136500      1.8406
   22.730800   39.136500      7.8624
   22.764100   39.136500     10.2286
   22.797400   39.136500      9.3843
   22.830700   39.136500      8.9413
   22.864000   39.136500      8.3225
   22.897300   39.136500      4.2297
   22.930600   39.136500     -1.4053
   22.963900   39.136500     -2.8343
   22.997200   39.136500      0.6099
   23.030500   39.136500      3.1688
   23.063800   39.136500      0.9765
   23.097100   39.136500     -1.7313
   23.130400   39.136500      0.9521
   23.163700   39.136500      7.1158
   23.197000   39.136500     10.9215
   23.230300   39.136500     11.5780
   23.263600   39.136500     11.8803
   23.296900   39.136500     13.1631
   23.330200   39.136500     14.5918
   23.363500   39.136500     13.6067
   23.396800   39.136500      8.0763
   23.430100   39.136500      0.8983
   23.463400   39.136500     -2.4723
   23.496700   39.136500     -1.0980
   23.530000   39.136500      4.7597
   23.563300   39.136500     15.6794
   23.596600   39.136500     23.5254
   23.629900   39.136500     19.0677
   23.663200   39.136500     10.0724
   23.696500   39.136500      8.8491
   23.729800   39.136500     11.3092
   23.763100   39.136500      9.9035
   23.796400   39.136500      7.1926
   23.829700   39.136500      5.7955
   23.863000   39.136500      5.4723
   23.896300   39.136500      6.1678
   23.929600   39.136500      3.8655
   23.962900   39.136500     -1.6128
   23.996200   39.136500     -3.0386
   24.029500   39.136500     -2.1546
   24.062800   39.136500     -5.0485
   24.096100   39.136500     -5.4947
   24.129400   39.136500      0.5510
   24.162700   39.136500      2.7294
   24.196000   39.136500     -3.4847
   24.229300   39.136500     -8.0420
   24.262600   39.136500     -6.3165
   24.295900   39.136500     -4.1410
   24.329200   39.136500     -3.9487
   24.362500   39.136500     -4.1104
   24.395800   39.136500     -3.8402
   24.429100   39.136500     -2.3391
   24.462400   39.136500     -0.5101
   24.495700   39.136500     -0.3405
   24.529000   39.136500     -1.5145
   24.562300   39.136500     -2.7983
   24.595600   39.136500     -2.9407
   24.628900   39.136500     -0.9588
   24.662200   39.136500      1.7352
   24.695500   39.136500      2.9002
   24.728800   39.136500      2.6373
   24.762100   39.136500      2.1243
   24.795400   39.136500      1.7482
   24.828700   39.136500      1.7563
   24.862000   39.136500      2.2219
   24.895300   39.136500      2.0739
   24.928600   39.136500      0.4863
   24.961900   39.136500     -1.5671
   24.995200   39.136500     -2.6393
   25.028500   39.136500     -2.9051
   25.061800   39.136500     -3.1951
   25.095100   39.136500     -2.6408
   25.128400   39.136500     -0.9793
   25.161700   39.136500     -0.9563
   25.195000   39.136500     -3.0891
   25.228300   39.136500     -4.3359
   25.261600   39.136500     -4.4561
   25.294900   39.136500     -5.0540
   25.328200   39.136500     -5.0907
   25.361500   39.136500     -3.4038
   25.394800   39.136500     -0.9297
   25.428100   39.136500      1.2877
   25.461400   39.136500      2.8249
   25.494700   39.136500      3.4095
   25.528000   39.136500      3.5826
   25.561300   39.136500      3.9529
   25.594600   39.136500      2.8666
   20.200000   39.103200     -0.0578
   20.233300   39.103200     -1.5388
   20.266600   39.103200     -0.9293
   20.299900   39.103200      6.4019
   20.333200   39.103200      9.2086
   20.366500   39.103200      4.4325
   20.399800   39.103200      0.3280
   20.433100   39.103200     -2.3175
   20.466400   39.103200     -7.2516
   20.499700   39.103200    -10.1434
   20.533000   39.103200     -6.9965
   20.566300   39.103200     -1.8874
   20.599600   39.103200      1.5744
   20.632900   39.103200      2.8085
   20.666200   39.103200      0.6780
   20.699500   39.103200     -2.6094
   20.732800   39.103200     -2.9567
   20.766100   39.103200     -0.7874
   20.799400   39.103200      1.1851
   20.832700   39.103200      1.0966
   20.866000   39.103200     -2.2266
   20.899300   39.103200     -6.4701
   20.932600   39.103200     -8.5787
   20.965900   39.103200     -9.9686
   20.999200   39.103200    -11.0121
   21.032500   39.103200     -8.2777
   21.065800   39.103200     -2.4592
   21.099100   39.103200      1.9761
   21.132400   39.103200      3.8636
   21.165700   39.103200      2.8662
   21.199000   39.103200     -1.9722
   21.232300   39.103200     -5.9085
   21.265600   39.103200     -1.8343
   21.298900   39.103200      6.1880
   21.332200   39.103200      5.7586
   21.365500   39.103200     -3.2998
   21.398800   39.103200     -5.4436
   21.432100   39.103200      5.6338
   21.465400   39.103200     14.7311
   21.498700   39.103200      8.4529
   21.532000   39.103200     -3.3275
   21.565300   39.103200     -3.0093
   21.598600   39.103200      8.6756
   21.631900   39.103200     14.4387
   21.665200   39.103200      4.3615
   21.698500   39.103200    -11.3830
   21.731800   39.103200    -16.5073
   21.765100   39.103200     -8.0442
   21.798400   39.103200      3.4291
   21.831700   39.103200      7.8260
   21.865000   39.103200      3.1526
   21.898300   39.103200     -4.6805
   21.931600   39.103200     -5.9953
   21.964900   39.103200      3.3082
   21.998200   39.103200     15.0087
   22.031500   39.103200     16.9880
   22.064800   39.103200      8.7263
   22.098100   39.103200      2.8153
   22.131400   39.103200      6.2597
   22.164700   39.103200      9.7750
   22.198000   39.103200      5.4238
   22.231300   39.103200      1.7752
   22.264600   39.103200      6.2464
   22.297900   39.103200      9.5304
   22.331200   39.103200      3.7076
   22.364500   39.103200     -2.7534
   22.397800   39.103200     -0.9519
   22.431100   39.103200      3.5808
   22.464400   39.103200      1.4258
   22.497700   39.103200     -6.6659
   22.531000   39.103200    -11.5348
   22.564300   39.103200     -7.8458
   22.597600   39.103200     -1.5830
   22.630900   39.103200     -1.2775
   22.664200   39.103200     -4.8583
   22.697500   39.103200     -3.8559
   22.730800   39.103200      1.7026
   22.764100   39.103200      4.4109
   22.797400   39.103200      3.6435
   22.830700   39.103200      5.1339
   22.864000   39.103200      7.4313
   22.897300   39.103200      4.7064
   22.930600   39.103200      1.0118
   22.963900   39.103200      4.7117
   22.997200   39.103200     12.2477
   23.030500   39.103200     12.6711
   23.063800   39.103200      4.3714
   23.097100   39.103200     -3.0371
   23.130400   39.103200     -1.7537
   23.163700   39.103200      6.2315
   23.197000   39.103200     13.4334
   23.230300   39.103200     15.5774
   23.263600   39.103200     14.2981
   23.296900   39.103200     12.6600
   23.330200   39.103200     11.0445
   23.363500   39.103200      9.3018
   23.396800   39.103200      8.2297
   23.430100   39.103200      7.2776
   23.463400   39.103200      4.0260
   23.496700   39.103200     -3.1266
   23.530000   39.103200     -8.2234
   23.563300   39.103200     -0.8223
   23.596600   39.103200     12.8508
   23.629900   39.103200     13.7992
   23.663200   39.103200      3.6785
   23.696500   39.103200      0.4384
   23.729800   39.103200      4.8944
   23.763100   39.103200      7.1940
   23.796400   39.103200      6.8998
   23.829700   39.103200      5.7539
   23.863000   39.103200      2.9636
   23.896300   39.103200     -0.4881
   23.929600   39.103200     -4.6228
   23.962900   39.103200     -7.1105
   23.996200   39.103200     -3.8810
   24.029500   39.103200     -0.9399
   24.062800   39.103200     -5.2815
   24.096100   39.103200     -8.8046
   24.129400   39.103200     -4.0611
   24.162700   39.103200     -0.2958
   24.196000   39.103200     -4.9018
   24.229300   39.103200     -9.4130
   24.262600   39.103200     -8.0689
   24.295900   39.103200     -6.2788
   24.329200   39.103200     -6.0069
   24.362500   39.103200     -4.3765
   24.395800   39.103200     -1.7645
   24.429100   39.103200     -0.0603
   24.462400   39.103200     -0.2176
   24.495700   39.103200     -1.9555
   24.529000   39.103200     -3.7804
   24.562300   39.103200     -5.0807
   24.595600   39.103200     -5.1342
   24.628900   39.103200     -2.8849
   24.662200   39.103200     -0.0120
   24.695500   39.103200      1.2161
   24.728800   39.103200      1.5975
   24.762100   39.103200      2.4440
   24.795400   39.103200      3.1936
   24.828700   39.103200      3.3112
   24.862000   39.103200      3.1137
   24.895300   39.103200      2.4581
   24.928600   39.103200      0.9732
   24.961900   39.103200     -0.9280
   24.995200   39.103200     -2.1864
   25.028500   39.103200     -2.0559
   25.061800   39.103200     -0.9816
   25.095100   39.103200     -0.0579
   25.128400   39.103200     -0.0054
   25.161700   39.103200     -1.2866
   25.195000   39.103200     -3.4085
   25.228300   39.103200     -4.7772
   25.261600   39.103200     -4.4563
   25.294900   39.103200     -2.9985
   25.328200   39.103200     -1.4964
   25.361500   39.103200     -0.4973
   25.394800   39.103200      0.0839
   25.428100   39.103200      0.5202
   25.461400   39.103200      0.9704
   25.494700   39.103200      1.4309
   25.528000   39.103200      2.1825
   25.561300   39.103200      2.9865
   25.594600   39.103200      1.4749
   20.200000   39.069900      7.3234
   20.233300   39.069900      0.6728
   20.266600   39.069900     -2.2128
   20.299900   39.069900      3.7877
   20.333200   39.069900      9.1778
   20.366500   39.069900      9.4927
   20.399800   39.069900      9.3405
   20.433100   39.069900      9.0922
   20.466400   39.069900      5.5633
   20.499700   39.069900      0.3131
   20.533000   39.069900     -3.3640
   20.566300   39.069900     -4.3773
   20.599600   39.069900     -2.3804
   20.632900   39.069900     -0.1543
   20.666200   39.069900     -2.0144
   20.699500   39.069900     -5.0344
   20.732800   39.069900     -3.2468
   20.766100   39.069900      1.1976
   20.799400   39.069900      2.6530
   20.832700   39.069900      0.8526
   20.866000   39.069900     -1.7828
   20.899300   39.069900     -3.8657
   20.932600   39.069900     -5.9636
   20.965900   39.069900     -9.8148
   20.999200   39.069900    -13.1504
   21.032500   39.069900    -11.1473
   21.065800   39.069900     -5.2810
   21.099100   39.069900     -0.9103
   21.132400   39.069900      1.3521
   21.165700   39.069900      2.0290
   21.199000   39.069900     -1.1890
   21.232300   39.069900     -6.3901
   21.265600   39.069900     -6.3217
   21.298900   39.069900     -0.6571
   21.332200   39.069900      1.1593
   21.365500   39.069900     -3.9325
   21.398800   39.069900     -5.0417
   21.432100   39.069900      5.1811
   21.465400   39.069900     16.7179
   21.498700   39.069900     14.9598
   21.532000   39.069900      0.2256
   21.565300   39.069900    -12.8746
   21.598600   39.069900    -11.4548
   21.631900   39.069900      1.5810
   21.665200   39.069900     11.0054
   21.698500   39.069900      7.7070
   21.731800   39.069900     -0.7433
   21.765100   39.069900     -2.6909
   21.798400   39.069900      1.9537
   21.831700   39.069900      3.9910
   21.865000   39.069900     -2.3131
   21.898300   39.069900    -12.6787
   21.931600   39.069900    -17.0361
   21.964900   39.069900     -9.2273
   21.998200   39.069900      5.4672
   22.031500   39.069900     13.7382
   22.064800   39.069900      8.7598
   22.098100   39.069900      0.0888
   22.131400   39.069900     -0.1404
   22.164700   39.069900      3.4979
   22.198000   39.069900      0.1105
   22.231300   39.069900     -5.6426
   22.264600   39.069900     -4.2880
   22.297900   39.069900     -1.3455
   22.331200   39.069900     -4.1232
   22.364500   39.069900     -5.2593
   22.397800   39.069900      2.1350
   22.431100   39.069900      9.1979
   22.464400   39.069900      5.0256
   22.497700   39.069900     -5.8828
   22.531000   39.069900     -9.2120
   22.564300   39.069900      0.4631
   22.597600   39.069900     12.0940
   22.630900   39.069900     12.8464
   22.664200   39.069900      5.1213
   22.697500   39.069900      0.7115
   22.730800   39.069900      1.6094
   22.764100   39.069900      0.5212
   22.797400   39.069900     -2.1196
   22.830700   39.069900      1.2927
   22.864000   39.069900      8.0915
   22.897300   39.069900      7.7673
   22.930600   39.069900      2.5008
   22.963900   39.069900      4.1459
   22.997200   39.069900     12.2207
   23.030500   39.069900     15.1950
   23.063800   39.069900     10.2889
   23.097100   39.069900      5.1325
   23.130400   39.069900      4.1658
   23.163700   39.069900      5.2512
   23.197000   39.069900      5.2425
   23.230300   39.069900      3.3692
   23.263600   39.069900      1.3758
   23.296900   39.069900      0.9665
   23.330200   39.069900      1.6845
   23.363500   39.069900      3.5159
   23.396800   39.069900      6.7695
   23.430100   39.069900      8.6880
   23.463400   39.069900      6.2481
   23.496700   39.069900     -0.6847
   23.530000   39.069900     -8.4488
   23.563300   39.069900     -8.8374
   23.596600   39.069900     -0.9012
   23.629900   39.069900      3.6302
   23.663200   39.069900      0.4574
   23.696500   39.069900     -1.5460
   23.729800   39.069900      0.7611
   23.763100   39.069900      2.5882
   23.796400   39.069900      1.9969
   23.829700   39.069900      0.1452
   23.863000   39.069900     -1.8360
   23.896300   39.069900     -4.1135
   23.929600   39.069900     -6.6156
   23.962900   39.069900     -4.8950
   23.996200   39.069900      2.0837
   24.029500   39.069900      4.1936
   24.062800   39.069900     -4.2551
   24.096100   39.069900    -12.0253
   24.129400   39.069900     -9.2538
   24.162700   39.069900     -3.7124
   24.196000   39.069900     -4.9265
   24.229300   39.069900     -7.9654
   24.262600   39.069900     -7.5454
   24.295900   39.069900     -7.5708
   24.329200   39.069900     -8.3931
   24.362500   39.069900     -5.3913
   24.395800   39.069900      0.1174
   24.429100   39.069900      2.1742
   24.462400   39.069900     -1.2829
   24.495700   39.069900     -5.6912
   24.529000   39.069900     -6.7570
   24.562300   39.069900     -6.7615
   24.595600   39.069900     -8.0828
   24.628900   39.069900     -8.1106
   24.662200   39.069900     -5.7421
   24.695500   39.069900     -3.2137
   24.728800   39.069900     -1.1584
   24.762100   39.069900      1.1889
   24.795400   39.069900      3.3794
   24.828700   39.069900      4.5440
   24.862000   39.069900      4.5193
   24.895300   39.069900      3.5382
   24.928600   39.069900      2.0460
   24.961900   39.069900      0.5959
   24.995200   39.069900     -0.3273
   25.028500   39.069900     -0.3485
   25.061800   39.069900      0.4002
   25.095100   39.069900      0.9818
   25.128400   39.069900      0.4593
   25.161700   39.069900     -1.2531
   25.195000   39.069900     -3.3895
   25.228300   39.069900     -4.4536
   25.261600   39.069900     -3.0088
   25.294900   39.069900     -0.0053
   25.328200   39.069900      1.8398
   25.361500   39.069900      1.5770
   25.394800   39.069900      0.1459
   25.428100   39.069900     -1.3135
   25.461400   39.069900     -1.7340
   25.494700   39.069900     -0.8950
   25.528000   39.069900      0.6631
   25.561300   39.069900      2.2073
   25.594600   39.069900      1.8665
   20.200000   39.036600      5.6828
   20.233300   39.036600      3.8695
   20.266600   39.036600      3.2022
   20.299900   39.036600      6.8592
   20.333200   39.036600     11.0385
   20.366500   39.036600     13.4998
   20.399800   39.036600     15.0238
   20.433100   39.036600     15.1289
   20.466400   39.036600     13.1025
   20.499700   39.036600      9.0535
   20.533000   39.036600      3.0471
   20.566300   39.036600     -2.2957
   20.599600   39.036600     -2.4594
   20.632900   39.036600      0.9104
   20.666200   39.036600      1.3596
   20.699500   39.036600     -0.5925
   20.732800   39.036600      1.1208
   20.766100   39.036600      6.3751
   20.799400   39.036600      9.8522
   20.832700   39.036600      9.0242
   20.866000   39.036600      4.3944
   20.899300   39.036600     -2.1733
   20.932600   39.036600     -8.4326
   20.965900   39.036600    -13.2562
   20.999200   39.036600    -14.8446
   21.032500   39.036600    -11.0271
   21.065800   39.036600     -4.6961
   21.099100   39.036600     -1.8096
   21.132400   39.036600     -2.1114
   21.165700   39.036600     -0.7147
   21.199000   39.036600      2.1184
   21.232300   39.036600      2.0047
   21.265600   39.036600     -0.4083
   21.298900   39.036600     -1.3743
   21.332200   39.036600     -2.2729
   21.365500   39.036600     -5.1239
   21.398800   39.036600     -5.4789
   21.432100   39.036600      0.0523
   21.465400   39.036600      6.4675
   21.498700   39.036600      6.9647
   21.532000   39.036600      0.4352
   21.565300   39.036600     -8.3084
   21.598600   39.036600    -10.1039
   21.631900   39.036600      0.4466
   21.665200   39.036600     15.6032
   21.698500   39.036600     21.2310
   21.731800   39.036600     14.1568
   21.765100   39.036600      3.5126
   21.798400   39.036600     -1.8396
   21.831700   39.036600     -0.5055
   21.865000   39.036600      3.4160
   21.898300   39.036600      3.9494
   21.931600   39.036600     -0.5880
   21.964900   39.036600     -3.7296
   21.998200   39.036600      1.0434
   22.031500   39.036600      8.6146
   22.064800   39.036600      8.2348
   22.098100   39.036600      0.8027
   22.131400   39.036600     -2.7526
   22.164700   39.036600     -0.5036
   22.198000   39.036600     -0.2884
   22.231300   39.036600     -2.4519
   22.264600   39.036600     -1.4644
   22.297900   39.036600     -0.1788
   22.331200   39.036600     -3.0960
   22.364500   39.036600     -3.6904
   22.397800   39.036600      4.0706
   22.431100   39.036600     11.2666
   22.464400   39.036600      6.6473
   22.497700   39.036600     -4.5193
   22.531000   39.036600     -7.4905
   22.564300   39.036600      1.2117
   22.597600   39.036600     10.5006
   22.630900   39.036600     11.4459
   22.664200   39.036600      7.6278
   22.697500   39.036600      6.3547
   22.730800   39.036600      6.6854
   22.764100   39.036600      3.7216
   22.797400   39.036600      0.4708
   22.830700   39.036600      4.4319
   22.864000   39.036600     12.6755
   22.897300   39.036600     13.4497
   22.930600   39.036600      5.9129
   22.963900   39.036600      2.0729
   22.997200   39.036600      5.9565
   23.030500   39.036600      8.1452
   23.063800   39.036600      3.6001
   23.097100   39.036600     -1.8194
   23.130400   39.036600     -3.1788
   23.163700   39.036600     -2.3113
   23.197000   39.036600     -2.8181
   23.230300   39.036600     -5.2297
   23.263600   39.036600     -6.9637
   23.296900   39.036600     -5.4922
   23.330200   39.036600     -0.6889
   23.363500   39.036600      5.7944
   23.396800   39.036600      9.7043
   23.430100   39.036600      6.3876
   23.463400   39.036600     -0.2897
   23.496700   39.036600     -2.1408
   23.530000   39.036600     -1.9408
   23.563300   39.036600     -5.2504
   23.596600   39.036600     -6.5955
   23.629900   39.036600     -1.9030
   23.663200   39.036600      1.9604
   23.696500   39.036600      0.4983
   23.729800   39.036600     -1.2541
   23.763100   39.036600     -0.2882
   23.796400   39.036600     -0.2372
   23.829700   39.036600     -1.9400
   23.863000   39.036600     -2.5813
   23.896300   39.036600     -2.6794
   23.929600   39.036600     -2.4521
   23.962900   39.036600      1.3187
   23.996200   39.036600      6.1698
   24.029500   39.036600      4.5092
   24.062800   39.036600     -3.3620
   24.096100   39.036600     -8.6192
   24.129400   39.036600     -6.4307
   24.162700   39.036600     -2.1869
   24.196000   39.036600     -2.5255
   24.229300   39.036600     -4.6924
   24.262600   39.036600     -4.6700
   24.295900   39.036600     -5.1097
   24.329200   39.036600     -6.2414
   24.362500   39.036600     -3.9504
   24.395800   39.036600      0.5553
   24.429100   39.036600      1.5080
   24.462400   39.036600     -2.0188
   24.495700   39.036600     -4.8953
   24.529000   39.036600     -5.4503
   24.562300   39.036600     -7.9251
   24.595600   39.036600    -12.2471
   24.628900   39.036600    -13.2960
   24.662200   39.036600    -10.7301
   24.695500   39.036600     -8.0267
   24.728800   39.036600     -5.7360
   24.762100   39.036600     -2.7169
   24.795400   39.036600      0.6776
   24.828700   39.036600      3.2148
   24.862000   39.036600      4.1501
   24.895300   39.036600      3.7903
   24.928600   39.036600      3.0182
   24.961900   39.036600      2.3423
   24.995200   39.036600      1.8347
   25.028500   39.036600      1.4623
   25.061800   39.036600      1.0776
   25.095100   39.036600      0.2338
   25.128400   39.036600     -1.3205
   25.161700   39.036600     -2.9497
   25.195000   39.036600     -3.9079
   25.228300   39.036600     -3.7197
   25.261600   39.036600     -1.6850
   25.294900   39.036600      1.2723
   25.328200   39.036600      2.5995
   25.361500   39.036600      1.4575
   25.394800   39.036600     -1.0629
   25.428100   39.036600     -3.5623
   25.461400   39.036600     -4.5128
   25.494700   39.036600     -3.3943
   25.528000   39.036600     -1.0908
   25.561300   39.036600      1.3229
   25.594600   39.036600      2.6759
   20.200000   39.003300      3.1306
   20.233300   39.003300      3.7748
   20.266600   39.003300      3.5602
   20.299900   39.003300      4.5276
   20.333200   39.003300      6.9601
   20.366500   39.003300     10.3919
   20.399800   39.003300     13.1952
   20.433100   39.003300     13.7088
   20.466400   39.003300     12.3899
   20.499700   39.003300      9.7596
   20.533000   39.003300      4.8066
   20.566300   39.003300     -1.2101
   20.599600   39.003300     -4.0226
   20.632900   39.003300     -2.7250
   20.666200   39.003300     -0.5713
   20.699500   39.003300      1.5246
   20.732800   39.003300      5.3502
   20.766100   39.003300     10.4816
   20.799400   39.003300     14.5638
   20.832700   39.003300     15.4551
   20.866000   39.003300     11.1226
   20.899300   39.003300      1.9053
   20.932600   39.003300     -8.1950
   20.965900   39.003300    -15.1251
   20.999200   39.003300    -16.8708
   21.032500   39.003300    -12.5302
   21.065800   39.003300     -4.4438
   21.099100   39.003300      0.5501
   21.132400   39.003300     -0.5661
   21.165700   39.003300     -1.3486
   21.199000   39.003300      3.3330
   21.232300   39.003300      7.6032
   21.265600   39.003300      5.4446
   21.298900   39.003300      0.5609
   21.332200   39.003300     -2.2084
   21.365500   39.003300     -3.0364
   21.398800   39.003300     -2.7504
   21.432100   39.003300     -2.2009
   21.465400   39.003300     -2.1346
   21.498700   39.003300     -0.1359
   21.532000   39.003300      4.2496
   21.565300   39.003300      5.2962
   21.598600   39.003300      1.6817
   21.631900   39.003300      1.4984
   21.665200   39.003300      7.7935
   21.698500   39.003300     11.4556
   21.731800   39.003300      5.4892
   21.765100   39.003300     -4.8621
   21.798400   39.003300     -9.0606
   21.831700   39.003300     -2.0658
   21.865000   39.003300     11.2982
   21.898300   39.003300     19.1505
   21.931600   39.003300     14.7251
   21.964900   39.003300      4.9052
   21.998200   39.003300      1.2201
   22.031500   39.003300      4.1780
   22.064800   39.003300      5.1557
   22.098100   39.003300      0.7795
   22.131400   39.003300     -3.7337
   22.164700   39.003300     -4.5519
   22.198000   39.003300     -3.0619
   22.231300   39.003300     -0.3158
   22.264600   39.003300      3.2758
   22.297900   39.003300      3.9873
   22.331200   39.003300     -0.2751
   22.364500   39.003300     -3.4511
   22.397800   39.003300      0.6228
   22.431100   39.003300      6.3685
   22.464400   39.003300      4.5218
   22.497700   39.003300     -2.1822
   22.531000   39.003300     -4.5879
   22.564300   39.003300     -3.0997
   22.597600   39.003300     -4.5512
   22.630900   39.003300     -8.3946
   22.664200   39.003300     -8.4355
   22.697500   39.003300     -3.9326
   22.730800   39.003300      0.1474
   22.764100   39.003300      1.1319
   22.797400   39.003300      1.2579
   22.830700   39.003300      3.6646
   22.864000   39.003300      7.7006
   22.897300   39.003300      8.6807
   22.930600   39.003300      5.1236
   22.963900   39.003300      2.6399
   22.997200   39.003300      4.4781
   23.030500   39.003300      4.8806
   23.063800   39.003300     -0.5538
   23.097100   39.003300     -6.4368
   23.130400   39.003300     -6.1566
   23.163700   39.003300     -1.7425
   23.197000   39.003300     -0.3472
   23.230300   39.003300     -3.9315
   23.263600   39.003300     -7.8171
   23.296900   39.003300     -7.7632
   23.330200   39.003300     -2.8759
   23.363500   39.003300      5.7475
   23.396800   39.003300     11.2067
   23.430100   39.003300      4.6241
   23.463400   39.003300     -7.9637
   23.496700   39.003300    -10.6110
   23.530000   39.003300     -5.3875
   23.563300   39.003300     -5.8805
   23.596600   39.003300     -9.5578
   23.629900   39.003300     -7.2056
   23.663200   39.003300     -3.8831
   23.696500   39.003300     -5.5919
   23.729800   39.003300     -5.6226
   23.763100   39.003300     -0.8669
   23.796400   39.003300      1.9570
   23.829700   39.003300      1.4748
   23.863000   39.003300      0.8400
   23.896300   39.003300     -0.3262
   23.929600   39.003300     -0.4118
   23.962900   39.003300      2.4705
   23.996200   39.003300      3.3903
   24.029500   39.003300      0.2342
   24.062800   39.003300     -2.0369
   24.096100   39.003300     -2.1585
   24.129400   39.003300     -1.7969
   24.162700   39.003300     -1.0237
   24.196000   39.003300     -1.1836
   24.229300   39.003300     -1.7571
   24.262600   39.003300     -0.9445
   24.295900   39.003300     -1.1566
   24.329200   39.003300     -3.4549
   24.362500   39.003300     -3.8350
   24.395800   39.003300     -0.9472
   24.429100   39.003300      1.8681
   24.462400   39.003300      3.4210
   24.495700   39.003300      4.3765
   24.529000   39.003300      1.6529
   24.562300   39.003300     -5.9769
   24.595600   39.003300    -11.4095
   24.628900   39.003300    -10.5298
   24.662200   39.003300     -8.8566
   24.695500   39.003300     -9.8578
   24.728800   39.003300     -9.8870
   24.762100   39.003300     -6.7725
   24.795400   39.003300     -3.2657
   24.828700   39.003300     -1.7498
   24.862000   39.003300     -1.0066
   24.895300   39.003300      0.8639
   24.928600   39.003300      3.0995
   24.961900   39.003300      3.8341
   24.995200   39.003300      2.8090
   25.028500   39.003300      1.0832
   25.061800   39.003300     -0.2302
   25.095100   39.003300     -0.9028
   25.128400   39.003300     -1.7345
   25.161700   39.003300     -2.9639
   25.195000   39.003300     -3.7557
   25.228300   39.003300     -3.3458
   25.261600   39.003300     -1.6050
   25.294900   39.003300      0.4092
   25.328200   39.003300      1.0377
   25.361500   39.003300     -0.2139
   25.394800   39.003300     -2.6566
   25.428100   39.003300     -5.0684
   25.461400   39.003300     -5.6709
   25.494700   39.003300     -3.4408
   25.528000   39.003300      0.4413
   25.561300   39.003300      3.4620
   25.594600   39.003300      4.2616
   20.200000   38.970000      5.6232
   20.233300   38.970000      4.4623
   20.266600   38.970000      2.9259
   20.299900   38.970000      2.7434
   20.333200   38.970000      3.8287
   20.366500   38.970000      5.6028
   20.399800   38.970000      7.2402
   20.433100   38.970000      7.5261
   20.466400   38.970000      5.9095
   20.499700   38.970000      2.7020
   20.533000   38.970000     -1.6871
   20.566300   38.970000     -6.3784
   20.599600   38.970000     -9.8836
   20.632900   38.970000    -11.1971
   20.666200   38.970000     -9.6506
   20.699500   38.970000     -4.9248
   20.732800   38.970000      1.6343
   20.766100   38.970000      7.6424
   20.799400   38.970000     11.9050
   20.832700   38.970000     14.0585
   20.866000   38.970000     12.6891
   20.899300   38.970000      6.8459
   20.932600   38.970000     -1.3897
   20.965900   38.970000     -8.3782
   20.999200   38.970000    -11.8038
   21.032500   38.970000    -10.4975
   21.065800   38.970000     -4.6103
   21.099100   38.970000      0.9985
   21.132400   38.970000      0.7812
   21.165700   38.970000     -1.6688
   21.199000   38.970000      0.9933
   21.232300   38.970000      5.6563
   21.265600   38.970000      5.2178
   21.298900   38.970000      2.1856
   21.332200   38.970000      2.4407
   21.365500   38.970000      5.4654
   21.398800   38.970000      7.3709
   21.432100   38.970000      5.5124
   21.465400   38.970000      0.9263
   21.498700   38.970000     -0.9674
   21.532000   38.970000      1.4371
   21.565300   38.970000      1.8969
   21.598600   38.970000     -1.5114
   21.631900   38.970000     -1.3800
   21.665200   38.970000      3.6576
   21.698500   38.970000      3.4249
   21.731800   38.970000     -6.6718
   21.765100   38.970000    -17.1303
   21.798400   38.970000    -17.0907
   21.831700   38.970000     -7.1773
   21.865000   38.970000      2.7592
   21.898300   38.970000      4.6035
   21.931600   38.970000      0.2672
   21.964900   38.970000     -2.5245
   21.998200   38.970000     -0.6502
   22.031500   38.970000      2.2064
   22.064800   38.970000      2.3052
   22.098100   38.970000     -0.3383
   22.131400   38.970000     -3.0641
   22.164700   38.970000     -2.0868
   22.198000   38.970000      4.0879
   22.231300   38.970000     11.0692
   22.264600   38.970000     12.3301
   22.297900   38.970000      7.0160
   22.331200   38.970000      0.2492
   22.364500   38.970000     -2.8432
   22.397800   38.970000     -1.2347
   22.431100   38.970000      1.0089
   22.464400   38.970000     -0.4562
   22.497700   38.970000     -3.1660
   22.531000   38.970000     -2.4605
   22.564300   38.970000     -1.5770
   22.597600   38.970000     -5.8338
   22.630900   38.970000    -11.5905
   22.664200   38.970000    -12.9425
   22.697500   38.970000    -10.9524
   22.730800   38.970000     -7.7619
   22.764100   38.970000     -2.4132
   22.797400   38.970000      2.6610
   22.830700   38.970000      3.2884
   22.864000   38.970000      1.9502
   22.897300   38.970000      2.6814
   22.930600   38.970000      3.1309
   22.963900   38.970000      1.8243
   22.997200   38.970000      2.2294
   23.030500   38.970000      4.1033
   23.063800   38.970000      2.5700
   23.097100   38.970000     -2.5038
   23.130400   38.970000     -5.3420
   23.163700   38.970000     -3.6780
   23.197000   38.970000     -2.2085
   23.230300   38.970000     -4.0074
   23.263600   38.970000     -6.1742
   23.296900   38.970000     -6.0940
   23.330200   38.970000     -3.4005
   23.363500   38.970000      3.0232
   23.396800   38.970000      8.9253
   23.430100   38.970000      4.9840
   23.463400   38.970000     -5.5902
   23.496700   38.970000     -9.0487
   23.530000   38.970000     -5.9017
   23.563300   38.970000     -6.0697
   23.596600   38.970000     -7.6328
   23.629900   38.970000     -5.1129
   23.663200   38.970000     -2.5646
   23.696500   38.970000     -2.4865
   23.729800   38.970000     -0.1053
   23.763100   38.970000      4.1135
   23.796400   38.970000      5.3036
   23.829700   38.970000      5.1483
   23.863000   38.970000      6.1702
   23.896300   38.970000      6.8986
   23.929600   38.970000      8.0920
   23.962900   38.970000      8.6133
   23.996200   38.970000      3.5547
   24.029500   38.970000     -3.1139
   24.062800   38.970000     -3.5623
   24.096100   38.970000     -1.1699
   24.129400   38.970000     -0.9142
   24.162700   38.970000     -0.8170
   24.196000   38.970000     -0.2047
   24.229300   38.970000      0.5757
   24.262600   38.970000      1.8607
   24.295900   38.970000      0.3194
   24.329200   38.970000     -5.0886
   24.362500   38.970000     -7.4325
   24.395800   38.970000     -1.7658
   24.429100   38.970000      6.9430
   24.462400   38.970000     12.2298
   24.495700   38.970000     13.1288
   24.529000   38.970000      9.4597
   24.562300   38.970000      1.3456
   24.595600   38.970000     -6.2066
   24.628900   38.970000     -9.3805
   24.662200   38.970000    -10.2691
   24.695500   38.970000    -11.2203
   24.728800   38.970000    -11.6186
   24.762100   38.970000    -10.3250
   24.795400   38.970000     -8.2253
   24.828700   38.970000     -7.0644
   24.862000   38.970000     -5.8302
   24.895300   38.970000     -2.6864
   24.928600   38.970000      0.8579
   24.961900   38.970000      2.4266
   24.995200   38.970000      1.8249
   25.028500   38.970000      0.1790
   25.061800   38.970000     -0.7151
   25.095100   38.970000     -0.0796
   25.128400   38.970000      0.1753
   25.161700   38.970000     -1.5167
   25.195000   38.970000     -3.3990
   25.228300   38.970000     -3.2178
   25.261600   38.970000     -1.6323
   25.294900   38.970000     -0.5267
   25.328200   38.970000     -0.2133
   25.361500   38.970000     -0.5608
   25.394800   38.970000     -2.2123
   25.428100   38.970000     -4.6591
   25.461400   38.970000     -5.3822
   25.494700   38.970000     -2.7116
   25.528000   38.970000      1.5616
   25.561300   38.970000      3.7391
   25.594600   38.970000      2.7408
   20.200000   38.936700      7.3428
   20.233300   38.936700      6.5523
   20.266600   38.936700      5.6670
   20.299900   38.936700      5.9341
   20.333200   38.936700      5.9701
   20.366500   38.936700      5.0477
   20.399800   38.936700      3.8064
   20.433100   38.936700      2.0350
   20.466400   38.936700     -0.8115
   20.499700   38.936700     -3.8499
   20.533000   38.936700     -6.4635
   20.566300   38.936700     -9.8676
   20.599600   38.936700    -14.8472
   20.632900   38.936700    -19.2679
   20.666200   38.936700    -19.7562
   20.699500   38.936700    -15.5709
   20.732800   38.936700     -8.3693
   20.766100   38.936700      0.1909
   20.799400   38.936700      7.3042
   20.832700   38.936700      9.6481
   20.866000   38.936700      7.3921
   20.899300   38.936700      4.0391
   20.932600   38.936700      1.8500
   20.965900   38.936700      0.6196
   20.999200   38.936700     -0.3254
   21.032500   38.936700     -0.6708
   21.065800   38.936700      0.7375
   21.099100   38.936700      2.9220
   21.132400   38.936700      2.6380
   21.165700   38.936700      0.9475
   21.199000   38.936700      2.2318
   21.232300   38.936700      4.7010
   21.265600   38.936700      3.8951
   21.298900   38.936700      2.2210
   21.332200   38.936700      3.7772
   21.365500   38.936700      6.7440
   21.398800   38.936700      7.3460
   21.432100   38.936700      4.9304
   21.465400   38.936700      1.6878
   21.498700   38.936700      0.1980
   21.532000   38.936700     -0.6590
   21.565300   38.936700     -3.8673
   21.598600   38.936700     -5.9089
   21.631900   38.936700     -0.0646
   21.665200   38.936700      9.3562
   21.698500   38.936700      9.3493
   21.731800   38.936700     -2.3379
   21.765100   38.936700    -13.3410
   21.798400   38.936700    -12.8596
   21.831700   38.936700     -3.9209
   21.865000   38.936700      2.4670
   21.898300   38.936700      1.6505
   21.931600   38.936700     -0.1167
   21.964900   38.936700      2.7697
   21.998200   38.936700      6.7712
   22.031500   38.936700      6.8008
   22.064800   38.936700      3.9526
   22.098100   38.936700      1.3155
   22.131400   38.936700      0.2903
   22.164700   38.936700      3.6401
   22.198000   38.936700     12.8214
   22.231300   38.936700     21.3993
   22.264600   38.936700     20.5027
   22.297900   38.936700     11.6340
   22.331200   38.936700      4.3392
   22.364500   38.936700      2.3031
   22.397800   38.936700      2.0688
   22.431100   38.936700      1.2709
   22.464400   38.936700     -0.3140
   22.497700   38.936700     -1.5641
   22.531000   38.936700     -0.2046
   22.564300   38.936700      2.3250
   22.597600   38.936700      2.8053
   22.630900   38.936700      2.8800
   22.664200   38.936700      3.2093
   22.697500   38.936700      0.5557
   22.730800   38.936700     -2.0722
   22.764100   38.936700      1.2019
   22.797400   38.936700      5.6094
   22.830700   38.936700      4.3050
   22.864000   38.936700      2.4442
   22.897300   38.936700      5.0939
   22.930600   38.936700      5.8419
   22.963900   38.936700      1.1527
   22.997200   38.936700     -2.3473
   23.030500   38.936700     -1.1820
   23.063800   38.936700     -0.2865
   23.097100   38.936700     -3.8873
   23.130400   38.936700     -8.8819
   23.163700   38.936700    -10.2361
   23.197000   38.936700     -9.1985
   23.230300   38.936700     -9.8377
   23.263600   38.936700    -11.1900
   23.296900   38.936700    -10.1974
   23.330200   38.936700     -7.2399
   23.363500   38.936700     -3.2304
   23.396800   38.936700      0.9001
   23.430100   38.936700      2.8972
   23.463400   38.936700      4.6238
   23.496700   38.936700      8.2027
   23.530000   38.936700      7.4547
   23.563300   38.936700      0.1897
   23.596600   38.936700     -3.8833
   23.629900   38.936700     -0.8983
   23.663200   38.936700      1.8389
   23.696500   38.936700      1.1425
   23.729800   38.936700      0.7950
   23.763100   38.936700      1.6763
   23.796400   38.936700      2.2749
   23.829700   38.936700      3.9599
   23.863000   38.936700      7.6471
   23.896300   38.936700     12.0209
   23.929600   38.936700     16.4718
   23.962900   38.936700     18.1477
   23.996200   38.936700     13.2732
   24.029500   38.936700      6.0821
   24.062800   38.936700      3.0821
   24.096100   38.936700      2.5178
   24.129400   38.936700      1.1949
   24.162700   38.936700     -0.1229
   24.196000   38.936700     -0.7391
   24.229300   38.936700      0.2273
   24.262600   38.936700      2.0947
   24.295900   38.936700      0.6351
   24.329200   38.936700     -4.1940
   24.362500   38.936700     -4.9209
   24.395800   38.936700      2.5179
   24.429100   38.936700      9.9435
   24.462400   38.936700      7.6995
   24.495700   38.936700      1.2454
   24.529000   38.936700      1.8103
   24.562300   38.936700      4.8285
   24.595600   38.936700     -2.3171
   24.628900   38.936700    -16.9504
   24.662200   38.936700    -24.2546
   24.695500   38.936700    -19.6110
   24.728800   38.936700    -13.0108
   24.762100   38.936700    -10.7545
   24.795400   38.936700     -8.9234
   24.828700   38.936700     -5.4248
   24.862000   38.936700     -3.0129
   24.895300   38.936700     -2.3684
   24.928600   38.936700     -1.5269
   24.961900   38.936700      0.5718
   24.995200   38.936700      2.2004
   25.028500   38.936700      1.4434
   25.061800   38.936700      0.2018
   25.095100   38.936700      0.9647
   25.128400   38.936700      1.8791
   25.161700   38.936700      0.3601
   25.195000   38.936700     -1.9088
   25.228300   38.936700     -2.3787
   25.261600   38.936700     -2.2410
   25.294900   38.936700     -2.8157
   25.328200   38.936700     -2.3107
   25.361500   38.936700     -0.4285
   25.394800   38.936700     -0.2442
   25.428100   38.936700     -2.7109
   25.461400   38.936700     -4.7477
   25.494700   38.936700     -4.1446
   25.528000   38.936700     -2.4972
   25.561300   38.936700     -2.2351
   25.594600   38.936700     -2.8901
   20.200000   38.903400      7.5837
   20.233300   38.903400      8.2863
   20.266600   38.903400      8.3552
   20.299900   38.903400      9.0207
   20.333200   38.903400      9.0259
   20.366500   38.903400      7.7063
   20.399800   38.903400      4.8918
   20.433100   38.903400      0.5652
   20.466400   38.903400     -3.3279
   20.499700   38.903400     -4.6558
   20.533000   38.903400     -5.5500
   20.566300   38.903400     -9.9902
   20.599600   38.903400    -17.2189
   20.632900   38.903400    -21.9464
   20.666200   38.903400    -21.2579
   20.699500   38.903400    -17.7043
   20.732800   38.903400    -12.8433
   20.766100   38.903400     -4.4892
   20.799400   38.903400      4.5901
   20.832700   38.903400      6.7514
   20.866000   38.903400      2.1045
   20.899300   38.903400     -1.1726
   20.932600   38.903400      0.0583
   20.965900   38.903400      2.3336
   20.999200   38.903400      3.9766
   21.032500   38.903400      5.8243
   21.065800   38.903400      7.0654
   21.099100   38.903400      5.9549
   21.132400   38.903400      3.0526
   21.165700   38.903400      1.8264
   21.199000   38.903400      4.0117
   21.232300   38.903400      6.0023
   21.265600   38.903400      4.7621
   21.298900   38.903400      2.8281
   21.332200   38.903400      2.5301
   21.365500   38.903400      1.6921
   21.398800   38.903400     -1.4389
   21.432100   38.903400     -4.0972
   21.465400   38.903400     -1.8209
   21.498700   38.903400      5.6340
   21.532000   38.903400     11.9792
   21.565300   38.903400     10.9881
   21.598600   38.903400      5.3630
   21.631900   38.903400      3.0585
   21.665200   38.903400      5.6214
   21.698500   38.903400      7.4126
   21.731800   38.903400      5.0384
   21.765100   38.903400      1.2322
   21.798400   38.903400      1.2212
   21.831700   38.903400      6.8812
   21.865000   38.903400     13.9190
   21.898300   38.903400     16.8510
   21.931600   38.903400     15.5876
   21.964900   38.903400     12.7170
   21.998200   38.903400      8.8999
   22.031500   38.903400      4.8968
   22.064800   38.903400      3.0345
   22.098100   38.903400      3.6294
   22.131400   38.903400      4.2561
   22.164700   38.903400      3.7067
   22.198000   38.903400      3.7965
   22.231300   38.903400      5.8945
   22.264600   38.903400      7.6290
   22.297900   38.903400      7.2189
   22.331200   38.903400      7.2431
   22.364500   38.903400      8.4799
   22.397800   38.903400      8.7591
   22.431100   38.903400      8.8777
   22.464400   38.903400      9.0715
   22.497700   38.903400      6.7482
   22.531000   38.903400      2.6182
   22.564300   38.903400     -1.1121
   22.597600   38.903400     -2.7001
   22.630900   38.903400      1.4494
   22.664200   38.903400      8.1659
   22.697500   38.903400      8.0237
   22.730800   38.903400      3.0142
   22.764100   38.903400      0.9936
   22.797400   38.903400     -0.9805
   22.830700   38.903400     -5.1667
   22.864000   38.903400     -4.1025
   22.897300   38.903400      2.2688
   22.930600   38.903400      4.3747
   22.963900   38.903400      0.9310
   22.997200   38.903400     -1.5948
   23.030500   38.903400     -1.3770
   23.063800   38.903400     -0.6300
   23.097100   38.903400     -1.0533
   23.130400   38.903400     -2.6319
   23.163700   38.903400     -4.1276
   23.197000   38.903400     -6.2144
   23.230300   38.903400    -10.1985
   23.263600   38.903400    -12.9759
   23.296900   38.903400    -10.9756
   23.330200   38.903400     -7.1996
   23.363500   38.903400     -5.3974
   23.396800   38.903400     -2.7907
   23.430100   38.903400      4.3961
   23.463400   38.903400     14.1655
   23.496700   38.903400     19.2164
   23.530000   38.903400     13.2626
   23.563300   38.903400      0.6786
   23.596600   38.903400     -6.0803
   23.629900   38.903400     -3.8064
   23.663200   38.903400     -0.4333
   23.696500   38.903400     -0.7476
   23.729800   38.903400     -2.0712
   23.763100   38.903400     -1.9038
   23.796400   38.903400     -1.0795
   23.829700   38.903400      0.0068
   23.863000   38.903400      2.9189
   23.896300   38.903400      8.0120
   23.929600   38.903400     13.5290
   23.962900   38.903400     17.1861
   23.996200   38.903400     17.1738
   24.029500   38.903400     13.8925
   24.062800   38.903400      9.2942
   24.096100   38.903400      4.8178
   24.129400   38.903400      1.4374
   24.162700   38.903400     -0.8667
   24.196000   38.903400     -2.1332
   24.229300   38.903400     -1.1217
   24.262600   38.903400      0.8522
   24.295900   38.903400      0.9647
   24.329200   38.903400      0.9150
   24.362500   38.903400      4.0920
   24.395800   38.903400      9.8623
   24.429100   38.903400     11.6736
   24.462400   38.903400      2.3718
   24.495700   38.903400     -9.1472
   24.529000   38.903400     -3.6624
   24.562300   38.903400     14.3336
   24.595600   38.903400     17.6073
   24.628900   38.903400     -1.3330
   24.662200   38.903400    -20.7563
   24.695500   38.903400    -23.5481
   24.728800   38.903400    -17.1188
   24.762100   38.903400    -13.0320
   24.795400   38.903400     -9.3664
   24.828700   38.903400     -3.2900
   24.862000   38.903400      0.1149
   24.895300   38.903400     -0.9813
   24.928600   38.903400     -1.4417
   24.961900   38.903400      1.3419
   24.995200   38.903400      3.3848
   25.028500   38.903400      1.6827
   25.061800   38.903400     -0.4242
   25.095100   38.903400      0.5666
   25.128400   38.903400      2.6389
   25.161700   38.903400      2.7414
   25.195000   38.903400      1.5280
   25.228300   38.903400      0.0002
   25.261600   38.903400     -3.1479
   25.294900   38.903400     -6.5185
   25.328200   38.903400     -5.9018
   25.361500   38.903400     -1.9927
   25.394800   38.903400     -0.0968
   25.428100   38.903400     -1.7047
   25.461400   38.903400     -3.6160
   25.494700   38.903400     -4.0288
   25.528000   38.903400     -4.1724
   25.561300   38.903400     -4.7091
   25.594600   38.903400     -4.1452
   20.200000   38.870100      7.5513
   20.233300   38.870100      8.8544
   20.266600   38.870100      9.2593
   20.299900   38.870100     10.0123
   20.333200   38.870100      9.8118
   20.366500   38.870100      8.2094
   20.399800   38.870100      4.7675
   20.433100   38.870100      0.1763
   20.466400   38.870100     -2.4095
   20.499700   38.870100     -2.3539
   20.533000   38.870100     -3.6126
   20.566300   38.870100     -7.7149
   20.599600   38.870100    -11.0888
   20.632900   38.870100    -11.2672
   20.666200   38.870100    -10.4785
   20.699500   38.870100    -11.8397
   20.732800   38.870100    -12.6549
   20.766100   38.870100     -7.2502
   20.799400   38.870100      1.2297
   20.832700   38.870100      4.0073
   20.866000   38.870100      1.8562
   20.899300   38.870100      1.8429
   20.932600   38.870100      2.8745
   20.965900   38.870100      0.4480
   20.999200   38.870100     -1.7733
   21.032500   38.870100      1.1569
   21.065800   38.870100      5.2730
   21.099100   38.870100      4.3690
   21.132400   38.870100      0.6379
   21.165700   38.870100      0.7864
   21.199000   38.870100      5.2119
   21.232300   38.870100      8.1425
   21.265600   38.870100      7.1982
   21.298900   38.870100      5.5453
   21.332200   38.870100      5.3227
   21.365500   38.870100      5.1017
   21.398800   38.870100      3.1458
   21.432100   38.870100      0.5239
   21.465400   38.870100      1.5616
   21.498700   38.870100      8.9968
   21.532000   38.870100     17.7973
   21.565300   38.870100     18.8260
   21.598600   38.870100      9.7907
   21.631900   38.870100     -1.6573
   21.665200   38.870100     -5.9710
   21.698500   38.870100     -0.6297
   21.731800   38.870100      7.7488
   21.765100   38.870100     10.5791
   21.798400   38.870100      7.2830
   21.831700   38.870100      4.4551
   21.865000   38.870100      4.8152
   21.898300   38.870100      4.3490
   21.931600   38.870100      0.5559
   21.964900   38.870100     -3.4764
   21.998200   38.870100     -3.3360
   22.031500   38.870100      1.8222
   22.064800   38.870100      8.4289
   22.098100   38.870100     11.8592
   22.131400   38.870100     10.3860
   22.164700   38.870100      4.4139
   22.198000   38.870100     -3.4792
   22.231300   38.870100     -8.0473
   22.264600   38.870100     -6.9722
   22.297900   38.870100     -2.6139
   22.331200   38.870100      4.2649
   22.364500   38.870100     12.6843
   22.397800   38.870100     17.8042
   22.431100   38.870100     16.8631
   22.464400   38.870100     10.8731
   22.497700   38.870100      2.9781
   22.531000   38.870100     -2.5928
   22.564300   38.870100     -6.4971
   22.597600   38.870100    -10.4307
   22.630900   38.870100     -9.1144
   22.664200   38.870100     -3.5068
   22.697500   38.870100     -3.7062
   22.730800   38.870100     -8.0321
   22.764100   38.870100     -9.1556
   22.797400   38.870100    -10.3871
   22.830700   38.870100    -11.8348
   22.864000   38.870100     -7.5608
   22.897300   38.870100     -1.9114
   22.930600   38.870100     -1.4753
   22.963900   38.870100     -2.7654
   22.997200   38.870100     -1.7251
   23.030500   38.870100     -0.0007
   23.063800   38.870100      0.0916
   23.097100   38.870100     -2.1185
   23.130400   38.870100     -4.7821
   23.163700   38.870100     -5.2503
   23.197000   38.870100     -4.5049
   23.230300   38.870100     -4.0966
   23.263600   38.870100     -1.5512
   23.296900   38.870100      3.5124
   23.330200   38.870100      5.0449
   23.363500   38.870100      0.8626
   23.396800   38.870100     -0.4895
   23.430100   38.870100      6.3385
   23.463400   38.870100     12.7550
   23.496700   38.870100     10.1443
   23.530000   38.870100      2.2337
   23.563300   38.870100     -4.6318
   23.596600   38.870100     -8.7962
   23.629900   38.870100     -9.3359
   23.663200   38.870100     -6.2574
   23.696500   38.870100     -2.5822
   23.729800   38.870100      0.2319
   23.763100   38.870100      3.5336
   23.796400   38.870100      6.0235
   23.829700   38.870100      4.7748
   23.863000   38.870100      1.8921
   23.896300   38.870100      1.7671
   23.929600   38.870100      4.1555
   23.962900   38.870100      6.2929
   23.996200   38.870100      6.8384
   24.029500   38.870100      5.6058
   24.062800   38.870100      2.9100
   24.096100   38.870100      0.2231
   24.129400   38.870100     -0.8348
   24.162700   38.870100     -1.0645
   24.196000   38.870100     -1.4100
   24.229300   38.870100     -0.5224
   24.262600   38.870100      0.2270
   24.295900   38.870100     -1.3139
   24.329200   38.870100     -1.4346
   24.362500   38.870100      2.6048
   24.395800   38.870100      9.0504
   24.429100   38.870100     15.7092
   24.462400   38.870100     16.1652
   24.495700   38.870100      8.6826
   24.529000   38.870100      6.6988
   24.562300   38.870100     17.0714
   24.595600   38.870100     25.2044
   24.628900   38.870100     18.1764
   24.662200   38.870100      2.2024
   24.695500   38.870100     -9.2104
   24.728800   38.870100    -13.1468
   24.762100   38.870100    -14.0774
   24.795400   38.870100    -12.0602
   24.828700   38.870100     -6.7632
   24.862000   38.870100     -2.3818
   24.895300   38.870100     -0.6501
   24.928600   38.870100      0.8968
   24.961900   38.870100      2.7991
   24.995200   38.870100      2.7254
   25.028500   38.870100      0.4902
   25.061800   38.870100     -0.8704
   25.095100   38.870100      0.1533
   25.128400   38.870100      1.6913
   25.161700   38.870100      2.0920
   25.195000   38.870100      1.7746
   25.228300   38.870100      0.1802
   25.261600   38.870100     -4.2088
   25.294900   38.870100     -8.4058
   25.328200   38.870100     -7.7165
   25.361500   38.870100     -3.9882
   25.394800   38.870100     -2.4406
   25.428100   38.870100     -3.4081
   25.461400   38.870100     -4.1966
   25.494700   38.870100     -4.3504
   25.528000   38.870100     -4.7454
   25.561300   38.870100     -4.7205
   25.594600   38.870100     -2.8676
   20.200000   38.836800      6.5266
   20.233300   38.836800      8.2496
   20.266600   38.836800      7.7333
   20.299900   38.836800      7.3704
   20.333200   38.836800      6.0941
   20.366500   38.836800      3.7926
   20.399800   38.836800      0.9041
   20.433100   38.836800     -1.5492
   20.466400   38.836800     -2.0051
   20.499700   38.836800     -1.4711
   20.533000   38.836800     -1.5617
   20.566300   38.836800     -0.2319
   20.599600   38.836800      3.3859
   20.632900   38.836800      4.5728
   20.666200   38.836800     -0.6859
   20.699500   38.836800     -9.0309
   20.732800   38.836800    -12.0405
   20.766100   38.836800     -6.2967
   20.799400   38.836800      0.4807
   20.832700   38.836800      1.2996
   20.866000   38.836800      1.2912
   20.899300   38.836800      5.9385
   20.932600   38.836800      9.0144
   20.965900   38.836800      4.9762
   20.999200   38.836800      0.3266
   21.032500   38.836800      1.4993
   21.065800   38.836800      4.1377
   21.099100   38.836800      2.5396
   21.132400   38.836800     -0.1255
   21.165700   38.836800      1.7264
   21.199000   38.836800      6.0754
   21.232300   38.836800      7.0247
   21.265600   38.836800      4.4179
   21.298900   38.836800      2.8083
   21.332200   38.836800      4.2760
   21.365500   38.836800      7.7263
   21.398800   38.836800     10.5846
   21.432100   38.836800      9.4974
   21.465400   38.836800      4.5263
   21.498700   38.836800      0.6824
   21.532000   38.836800      0.5059
   21.565300   38.836800      0.2723
   21.598600   38.836800     -3.3651
   21.631900   38.836800     -7.0899
   21.665200   38.836800     -4.5332
   21.698500   38.836800      4.6589
   21.731800   38.836800     12.8401
   21.765100   38.836800     13.3531
   21.798400   38.836800      8.1120
   21.831700   38.836800      2.3809
   21.865000   38.836800     -3.4356
   21.898300   38.836800    -10.6745
   21.931600   38.836800    -15.7667
   21.964900   38.836800    -12.9388
   21.998200   38.836800     -1.3643
   22.031500   38.836800     13.3262
   22.064800   38.836800     22.6104
   22.098100   38.836800     21.7335
   22.131400   38.836800     14.4664
   22.164700   38.836800      7.2109
   22.198000   38.836800      1.3609
   22.231300   38.836800     -5.2590
   22.264600   38.836800    -13.3005
   22.297900   38.836800    -18.0085
   22.331200   38.836800    -10.8498
   22.364500   38.836800      7.5367
   22.397800   38.836800     21.1698
   22.431100   38.836800     16.6466
   22.464400   38.836800     -0.7671
   22.497700   38.836800    -13.3206
   22.531000   38.836800    -11.8133
   22.564300   38.836800     -5.8559
   22.597600   38.836800     -5.9272
   22.630900   38.836800     -7.5319
   22.664200   38.836800     -8.7472
   22.697500   38.836800    -15.4314
   22.730800   38.836800    -22.0666
   22.764100   38.836800    -21.2185
   22.797400   38.836800    -17.9382
   22.830700   38.836800    -13.9820
   22.864000   38.836800     -7.6331
   22.897300   38.836800     -4.7056
   22.930600   38.836800     -6.0720
   22.963900   38.836800     -5.6271
   22.997200   38.836800     -1.9557
   23.030500   38.836800      3.6756
   23.063800   38.836800      7.5778
   23.097100   38.836800      3.3256
   23.130400   38.836800     -6.6647
   23.163700   38.836800    -13.5610
   23.197000   38.836800    -15.9644
   23.230300   38.836800    -15.8332
   23.263600   38.836800    -10.6331
   23.296900   38.836800     -1.5955
   23.330200   38.836800      2.6318
   23.363500   38.836800     -1.3235
   23.396800   38.836800     -3.7967
   23.430100   38.836800      2.0622
   23.463400   38.836800      6.5715
   23.496700   38.836800      2.2999
   23.530000   38.836800     -1.1583
   23.563300   38.836800      1.1077
   23.596600   38.836800      0.7207
   23.629900   38.836800     -3.3543
   23.663200   38.836800     -4.4521
   23.696500   38.836800     -3.0004
   23.729800   38.836800     -1.8667
   23.763100   38.836800      1.6456
   23.796400   38.836800      7.7924
   23.829700   38.836800      9.4694
   23.863000   38.836800      3.1551
   23.896300   38.836800     -4.3739
   23.929600   38.836800     -6.6388
   23.962900   38.836800     -5.7357
   23.996200   38.836800     -5.9784
   24.029500   38.836800     -6.8889
   24.062800   38.836800     -6.8085
   24.096100   38.836800     -5.8785
   24.129400   38.836800     -3.9641
   24.162700   38.836800     -2.4052
   24.196000   38.836800     -2.4932
   24.229300   38.836800     -1.3467
   24.262600   38.836800      0.6535
   24.295900   38.836800     -0.9784
   24.329200   38.836800     -4.1975
   24.362500   38.836800     -5.1654
   24.395800   38.836800     -2.4948
   24.429100   38.836800      7.5837
   24.462400   38.836800     20.5634
   24.495700   38.836800     22.5428
   24.529000   38.836800     12.3228
   24.562300   38.836800      2.7477
   24.595600   38.836800      2.4549
   24.628900   38.836800      8.3891
   24.662200   38.836800     11.6802
   24.695500   38.836800      7.4557
   24.728800   38.836800     -0.8381
   24.762100   38.836800     -6.3274
   24.795400   38.836800     -6.0830
   24.828700   38.836800     -3.4342
   24.862000   38.836800     -1.1296
   24.895300   38.836800      1.5681
   24.928600   38.836800      3.9483
   24.961900   38.836800      4.2311
   24.995200   38.836800      2.9694
   25.028500   38.836800      1.6100
   25.061800   38.836800      0.6287
   25.095100   38.836800      0.1810
   25.128400   38.836800      0.1491
   25.161700   38.836800     -0.1386
   25.195000   38.836800     -0.7052
   25.228300   38.836800     -1.6136
   25.261600   38.836800     -3.9029
   25.294900   38.836800     -6.4601
   25.328200   38.836800     -6.6337
   25.361500   38.836800     -5.0629
   25.394800   38.836800     -4.1594
   25.428100   38.836800     -3.9169
   25.461400   38.836800     -3.5033
   25.494700   38.836800     -3.6713
   25.528000   38.836800     -4.7906
   25.561300   38.836800     -4.7729
   25.594600   38.836800     -1.5714
   20.200000   38.803500      5.3616
   20.233300   38.803500      7.8826
   20.266600   38.803500      6.1225
   20.299900   38.803500      4.2401
   20.333200   38.803500      1.6135
   20.366500   38.803500     -1.3401
   20.399800   38.803500     -3.2920
   20.433100   38.803500     -4.2416
   20.466400   38.803500     -4.3329
   20.499700   38.803500     -3.2689
   20.533000   38.803500     -0.4186
   20.566300   38.803500      4.4305
   20.599600   38.803500      8.2677
   20.632900   38.803500      6.3922
   20.666200   38.803500     -1.3188
   20.699500   38.803500     -8.1650
   20.732800   38.803500     -6.8179
   20.766100   38.803500      1.3871
   20.799400   38.803500      6.3622
   20.832700   38.803500      3.1771
   20.866000   38.803500     -1.5142
   20.899300   38.803500     -1.2214
   20.932600   38.803500      1.6369
   20.965900   38.803500      3.5754
   20.999200   38.803500      5.7802
   21.032500   38.803500      8.1077
   21.065800   38.803500      7.2705
   21.099100   38.803500      3.4020
   21.132400   38.803500      0.6572
   21.165700   38.803500      0.9209
   21.199000   38.803500      1.2068
   21.232300   38.803500     -1.6103
   21.265600   38.803500     -5.0877
   21.298900   38.803500     -4.5078
   21.332200   38.803500     -0.8486
   21.365500   38.803500      1.9005
   21.398800   38.803500      3.5069
   21.432100   38.803500      4.0490
   21.465400   38.803500      0.6075
   21.498700   38.803500     -6.3025
   21.532000   38.803500    -10.7393
   21.565300   38.803500     -9.1732
   21.598600   38.803500     -4.0686
   21.631900   38.803500      2.1859
   21.665200   38.803500      9.4610
   21.698500   38.803500     14.3933
   21.731800   38.803500     12.5415
   21.765100   38.803500      7.7114
   21.798400   38.803500      8.7274
   21.831700   38.803500     14.5835
   21.865000   38.803500     14.6415
   21.898300   38.803500      5.9441
   21.931600   38.803500     -1.2430
   21.964900   38.803500      1.5052
   21.998200   38.803500     10.5350
   22.031500   38.803500     17.5260
   22.064800   38.803500     18.2742
   22.098100   38.803500     13.8694
   22.131400   38.803500      9.3962
   22.164700   38.803500      9.3147
   22.198000   38.803500     11.0445
   22.231300   38.803500      6.5165
   22.264600   38.803500     -7.5334
   22.297900   38.803500    -21.0107
   22.331200   38.803500    -18.0304
   22.364500   38.803500      1.8644
   22.397800   38.803500     17.4263
   22.431100   38.803500     11.4380
   22.464400   38.803500     -7.1487
   22.497700   38.803500    -15.9943
   22.531000   38.803500     -9.8140
   22.564300   38.803500     -3.4791
   22.597600   38.803500     -4.5585
   22.630900   38.803500     -4.9125
   22.664200   38.803500     -4.3781
   22.697500   38.803500    -10.0655
   22.730800   38.803500    -16.0656
   22.764100   38.803500    -15.4435
   22.797400   38.803500    -12.3097
   22.830700   38.803500     -7.9834
   22.864000   38.803500     -3.3876
   22.897300   38.803500     -3.6254
   22.930600   38.803500     -5.0948
   22.963900   38.803500     -3.5289
   22.997200   38.803500     -2.7462
   23.030500   38.803500      0.0630
   23.063800   38.803500      8.6448
   23.097100   38.803500     13.8436
   23.130400   38.803500     10.1974
   23.163700   38.803500      3.3431
   23.197000   38.803500     -4.1813
   23.230300   38.803500    -12.0222
   23.263600   38.803500    -15.8290
   23.296900   38.803500    -14.1441
   23.330200   38.803500    -11.2394
   23.363500   38.803500    -10.0675
   23.396800   38.803500     -6.7187
   23.430100   38.803500      2.2640
   23.463400   38.803500      9.1875
   23.496700   38.803500      7.3796
   23.530000   38.803500      4.8333
   23.563300   38.803500      7.9084
   23.596600   38.803500     11.7848
   23.629900   38.803500     13.7370
   23.663200   38.803500     14.3536
   23.696500   38.803500     11.9954
   23.729800   38.803500      7.2583
   23.763100   38.803500      4.7870
   23.796400   38.803500      8.4764
   23.829700   38.803500     14.3490
   23.863000   38.803500     12.1191
   23.896300   38.803500      0.9537
   23.929600   38.803500     -7.7345
   23.962900   38.803500     -9.1939
   23.996200   38.803500     -9.0224
   24.029500   38.803500     -9.1299
   24.062800   38.803500     -8.1514
   24.096100   38.803500     -6.7148
   24.129400   38.803500     -4.2816
   24.162700   38.803500     -1.9740
   24.196000   38.803500     -2.1015
   24.229300   38.803500     -1.8518
   24.262600   38.803500     -0.3719
   24.295900   38.803500     -1.3228
   24.329200   38.803500     -3.7120
   24.362500   38.803500     -6.4629
   24.395800   38.803500     -9.4862
   24.429100   38.803500     -5.4463
   24.462400   38.803500      7.6721
   24.495700   38.803500     17.0903
   24.529000   38.803500     13.9295
   24.562300   38.803500      4.4066
   24.595600   38.803500     -0.2298
   24.628900   38.803500      3.6758
   24.662200   38.803500      9.3133
   24.695500   38.803500      7.6072
   24.728800   38.803500     -0.7563
   24.762100   38.803500     -5.3362
   24.795400   38.803500     -1.2702
   24.828700   38.803500      3.7200
   24.862000   38.803500      4.2381
   24.895300   38.803500      3.6829
   24.928600   38.803500      3.7986
   24.961900   38.803500      3.2745
   24.995200   38.803500      2.7281
   25.028500   38.803500      2.4907
   25.061800   38.803500      1.4110
   25.095100   38.803500      0.1527
   25.128400   38.803500     -0.0132
   25.161700   38.803500     -0.4115
   25.195000   38.803500     -1.8647
   25.228300   38.803500     -2.6652
   25.261600   38.803500     -2.7339
   25.294900   38.803500     -3.8372
   25.328200   38.803500     -5.6294
   25.361500   38.803500     -6.1683
   25.394800   38.803500     -5.0040
   25.428100   38.803500     -3.2395
   25.461400   38.803500     -1.7052
   25.494700   38.803500     -1.3332
   25.528000   38.803500     -2.9898
   25.561300   38.803500     -4.3270
   25.594600   38.803500     -1.2539
   20.200000   38.770200      6.3677
   20.233300   38.770200      7.9197
   20.266600   38.770200      4.9939
   20.299900   38.770200      2.8345
   20.333200   38.770200      0.0948
   20.366500   38.770200     -2.5112
   20.399800   38.770200     -3.0894
   20.433100   38.770200     -3.4704
   20.466400   38.770200     -4.2328
   20.499700   38.770200     -2.4064
   20.533000   38.770200      1.6975
   20.566300   38.770200      4.1840
   20.599600   38.770200      3.6659
   20.632900   38.770200      1.0366
   20.666200   38.770200     -2.9728
   20.699500   38.770200     -5.4767
   20.732800   38.770200     -2.6298
   20.766100   38.770200      4.3613
   20.799400   38.770200      9.6229
   20.832700   38.770200      9.0511
   20.866000   38.770200      2.6340
   20.899300   38.770200     -5.4561
   20.932600   38.770200     -8.9927
   20.965900   38.770200     -5.2637
   20.999200   38.770200      1.8633
   21.032500   38.770200      5.9292
   21.065800   38.770200      5.1291
   21.099100   38.770200      3.4612
   21.132400   38.770200      2.8761
   21.165700   38.770200      1.2036
   21.199000   38.770200     -2.1877
   21.232300   38.770200     -6.1232
   21.265600   38.770200     -8.1344
   21.298900   38.770200     -4.6112
   21.332200   38.770200      1.4639
   21.365500   38.770200      2.0239
   21.398800   38.770200     -1.4427
   21.432100   38.770200     -1.0436
   21.465400   38.770200      1.2357
   21.498700   38.770200     -0.4740
   21.532000   38.770200     -1.4406
   21.565300   38.770200      4.2092
   21.598600   38.770200     10.9203
   21.631900   38.770200     12.3043
   21.665200   38.770200      9.8718
   21.698500   38.770200      3.8212
   21.731800   38.770200     -7.2867
   21.765100   38.770200    -13.9828
   21.798400   38.770200     -3.4212
   21.831700   38.770200     17.5437
   21.865000   38.770200     26.9220
   21.898300   38.770200     17.5234
   21.931600   38.770200      4.8759
   21.964900   38.770200      2.0791
   21.998200   38.770200      4.2178
   22.031500   38.770200      1.8874
   22.064800   38.770200     -4.0378
   22.098100   38.770200     -6.7386
   22.131400   38.770200     -3.3083
   22.164700   38.770200      4.2621
   22.198000   38.770200     11.9812
   22.231300   38.770200     15.1555
   22.264600   38.770200     10.8146
   22.297900   38.770200      3.4999
   22.331200   38.770200      3.3225
   22.364500   38.770200     11.9535
   22.397800   38.770200     16.8801
   22.431100   38.770200      8.8170
   22.464400   38.770200     -3.2025
   22.497700   38.770200     -4.8721
   22.531000   38.770200      0.8667
   22.564300   38.770200      0.8144
   22.597600   38.770200     -3.9082
   22.630900   38.770200     -2.9317
   22.664200   38.770200     -0.0453
   22.697500   38.770200     -3.3538
   22.730800   38.770200     -6.5620
   22.764100   38.770200     -3.9120
   22.797400   38.770200      0.9171
   22.830700   38.770200      6.5338
   22.864000   38.770200      9.2591
   22.897300   38.770200      4.1670
   22.930600   38.770200     -0.9221
   22.963900   38.770200     -0.9754
   22.997200   38.770200     -4.4964
   23.030500   38.770200     -9.4978
   23.063800   38.770200     -5.1548
   23.097100   38.770200      4.3425
   23.130400   38.770200     10.0995
   23.163700   38.770200     13.0556
   23.197000   38.770200     14.9429
   23.230300   38.770200     14.3652
   23.263600   38.770200      9.6081
   23.296900   38.770200      0.3467
   23.330200   38.770200     -8.7521
   23.363500   38.770200    -11.5242
   23.396800   38.770200     -6.7197
   23.430100   38.770200      1.9653
   23.463400   38.770200      7.9023
   23.496700   38.770200      7.9002
   23.530000   38.770200      5.9600
   23.563300   38.770200      5.6512
   23.596600   38.770200      8.0648
   23.629900   38.770200     13.7966
   23.663200   38.770200     20.2230
   23.696500   38.770200     25.9234
   23.729800   38.770200     30.9890
   23.763100   38.770200     30.1181
   23.796400   38.770200     23.8307
   23.829700   38.770200     21.7515
   23.863000   38.770200     20.7847
   23.896300   38.770200      9.6414
   23.929600   38.770200     -5.7754
   23.962900   38.770200    -12.8963
   23.996200   38.770200    -12.4712
   24.029500   38.770200    -10.2055
   24.062800   38.770200     -9.1121
   24.096100   38.770200    -10.4265
   24.129400   38.770200    -11.5683
   24.162700   38.770200    -10.0271
   24.196000   38.770200     -5.0777
   24.229300   38.770200      2.1964
   24.262600   38.770200      4.6528
   24.295900   38.770200     -1.1559
   24.329200   38.770200     -6.6480
   24.362500   38.770200     -7.7065
   24.395800   38.770200     -9.3864
   24.429100   38.770200     -9.7550
   24.462400   38.770200     -3.3889
   24.495700   38.770200      5.6674
   24.529000   38.770200     10.8575
   24.562300   38.770200     11.4770
   24.595600   38.770200      8.3683
   24.628900   38.770200      2.1046
   24.662200   38.770200     -3.0443
   24.695500   38.770200     -3.3339
   24.728800   38.770200     -1.8202
   24.762100   38.770200     -0.5812
   24.795400   38.770200      2.9830
   24.828700   38.770200      6.5396
   24.862000   38.770200      5.5225
   24.895300   38.770200      2.1755
   24.928600   38.770200      0.2336
   24.961900   38.770200      0.0353
   24.995200   38.770200      1.2091
   25.028500   38.770200      2.5553
   25.061800   38.770200      2.0293
   25.095100   38.770200      0.1871
   25.128400   38.770200     -0.8961
   25.161700   38.770200     -1.6999
   25.195000   38.770200     -2.7488
   25.228300   38.770200     -2.1826
   25.261600   38.770200     -0.3458
   25.294900   38.770200     -0.5863
   25.328200   38.770200     -3.3811
   25.361500   38.770200     -5.4359
   25.394800   38.770200     -5.0182
   25.428100   38.770200     -3.6400
   25.461400   38.770200     -2.3037
   25.494700   38.770200     -1.4974
   25.528000   38.770200     -2.8606
   25.561300   38.770200     -5.0430
   25.594600   38.770200     -3.0635
   20.200000   38.736900     10.2886
   20.233300   38.736900      9.7415
   20.266600   38.736900      5.3164
   20.299900   38.736900      2.9020
   20.333200   38.736900      1.0516
   20.366500   38.736900      0.5973
   20.399800   38.736900      2.0193
   20.433100   38.736900      0.5356
   20.466400   38.736900     -3.2644
   20.499700   38.736900     -2.1763
   20.533000   38.736900      2.3460
   20.566300   38.736900      3.1485
   20.599600   38.736900      1.1865
   20.632900   38.736900     -0.2019
   20.666200   38.736900     -2.4108
   20.699500   38.736900     -4.1770
   20.732800   38.736900     -1.9933
   20.766100   38.736900      2.7583
   20.799400   38.736900      7.7580
   20.832700   38.736900     11.9530
   20.866000   38.736900     11.0222
   20.899300   38.736900      3.9667
   20.932600   38.736900     -2.0513
   20.965900   38.736900     -2.2327
   20.999200   38.736900      0.4100
   21.032500   38.736900      1.2244
   21.065800   38.736900     -0.0576
   21.099100   38.736900      0.2996
   21.132400   38.736900      1.9360
   21.165700   38.736900      0.7709
   21.199000   38.736900     -1.0092
   21.232300   38.736900      0.0814
   21.265600   38.736900      1.3534
   21.298900   38.736900      2.4303
   21.332200   38.736900      4.9056
   21.365500   38.736900      4.6468
   21.398800   38.736900      1.3649
   21.432100   38.736900      1.3265
   21.465400   38.736900      2.4026
   21.498700   38.736900     -0.8443
   21.532000   38.736900     -1.5972
   21.565300   38.736900      5.3962
   21.598600   38.736900      9.6693
   21.631900   38.736900      4.2638
   21.665200   38.736900     -3.6059
   21.698500   38.736900    -11.3860
   21.731800   38.736900    -23.9336
   21.765100   38.736900    -32.3220
   21.798400   38.736900    -19.6434
   21.831700   38.736900      7.3295
   21.865000   38.736900     20.1659
   21.898300   38.736900      7.6190
   21.931600   38.736900    -10.0268
   21.964900   38.736900    -12.4129
   21.998200   38.736900     -4.3755
   22.031500   38.736900     -1.5246
   22.064800   38.736900     -6.1848
   22.098100   38.736900     -9.1163
   22.131400   38.736900     -6.1886
   22.164700   38.736900     -1.3601
   22.198000   38.736900      3.1466
   22.231300   38.736900      9.2856
   22.264600   38.736900     16.1403
   22.297900   38.736900     19.8589
   22.331200   38.736900     20.4189
   22.364500   38.736900     19.7800
   22.397800   38.736900     15.7664
   22.431100   38.736900      6.6214
   22.464400   38.736900     -1.2950
   22.497700   38.736900     -0.6564
   22.531000   38.736900      4.2436
   22.564300   38.736900      4.7299
   22.597600   38.736900      2.9857
   22.630900   38.736900      4.1676
   22.664200   38.736900      2.5595
   22.697500   38.736900     -5.1732
   22.730800   38.736900     -9.8749
   22.764100   38.736900     -7.2252
   22.797400   38.736900     -1.6729
   22.830700   38.736900      5.7538
   22.864000   38.736900     10.9739
   22.897300   38.736900      7.2566
   22.930600   38.736900      0.9298
   22.963900   38.736900     -0.4451
   22.997200   38.736900     -2.5761
   23.030500   38.736900     -7.1316
   23.063800   38.736900     -7.1235
   23.097100   38.736900     -3.2018
   23.130400   38.736900      0.1916
   23.163700   38.736900      4.0562
   23.197000   38.736900      9.7275
   23.230300   38.736900     15.4718
   23.263600   38.736900     16.7372
   23.296900   38.736900     10.2278
   23.330200   38.736900      0.3502
   23.363500   38.736900     -5.7259
   23.396800   38.736900     -6.8027
   23.430100   38.736900     -5.8756
   23.463400   38.736900     -3.4479
   23.496700   38.736900      3.2946
   23.530000   38.736900     11.3787
   23.563300   38.736900      9.6865
   23.596600   38.736900     -3.0175
   23.629900   38.736900    -12.9931
   23.663200   38.736900    -10.0703
   23.696500   38.736900      6.6258
   23.729800   38.736900     29.5661
   23.763100   38.736900     39.3233
   23.796400   38.736900     26.9880
   23.829700   38.736900     12.3714
   23.863000   38.736900     11.5175
   23.896300   38.736900     13.0201
   23.929600   38.736900      6.2130
   23.962900   38.736900     -1.1961
   23.996200   38.736900     -1.9073
   24.029500   38.736900      0.8809
   24.062800   38.736900      1.2916
   24.096100   38.736900     -2.8307
   24.129400   38.736900    -10.4412
   24.162700   38.736900    -17.6715
   24.196000   38.736900    -15.6664
   24.229300   38.736900     -3.1360
   24.262600   38.736900      5.2612
   24.295900   38.736900      0.6919
   24.329200   38.736900     -6.7921
   24.362500   38.736900     -8.5507
   24.395800   38.736900     -8.5084
   24.429100   38.736900    -10.0183
   24.462400   38.736900     -9.5494
   24.495700   38.736900     -5.2959
   24.529000   38.736900     -0.2709
   24.562300   38.736900      2.4445
   24.595600   38.736900     -0.3426
   24.628900   38.736900     -9.9751
   24.662200   38.736900    -17.7245
   24.695500   38.736900    -12.5022
   24.728800   38.736900      0.0478
   24.762100   38.736900      6.6316
   24.795400   38.736900      6.9232
   24.828700   38.736900      6.0512
   24.862000   38.736900      3.4290
   24.895300   38.736900     -0.5025
   24.928600   38.736900     -2.7124
   24.961900   38.736900     -2.0706
   24.995200   38.736900      0.7751
   25.028500   38.736900      3.6763
   25.061800   38.736900      3.7902
   25.095100   38.736900      1.3245
   25.128400   38.736900     -1.0192
   25.161700   38.736900     -2.4655
   25.195000   38.736900     -3.0260
   25.228300   38.736900     -1.5321
   25.261600   38.736900      1.0178
   25.294900   38.736900      1.4118
   25.328200   38.736900     -0.9286
   25.361500   38.736900     -3.4692
   25.394800   38.736900     -4.3931
   25.428100   38.736900     -4.1986
   25.461400   38.736900     -3.6232
   25.494700   38.736900     -3.2409
   25.528000   38.736900     -4.2039
   25.561300   38.736900     -5.7330
   25.594600   38.736900     -4.6236
   20.200000   38.703600     12.5114
   20.233300   38.703600     11.7865
   20.266600   38.703600      7.2919
   20.299900   38.703600      4.6311
   20.333200   38.703600      3.5178
   20.366500   38.703600      5.0381
   20.399800   38.703600      7.6266
   20.433100   38.703600      4.8143
   20.466400   38.703600     -0.8289
   20.499700   38.703600      0.5193
   20.533000   38.703600      5.9340
   20.566300   38.703600      6.1266
   20.599600   38.703600      2.8189
   20.632900   38.703600     -0.3362
   20.666200   38.703600     -4.8858
   20.699500   38.703600     -7.1342
   20.732800   38.703600     -2.6590
   20.766100   38.703600      3.4026
   20.799400   38.703600      6.4178
   20.832700   38.703600      8.3524
   20.866000   38.703600      8.5341
   20.899300   38.703600      5.8108
   20.932600   38.703600      3.3931
   20.965900   38.703600      2.6241
   20.999200   38.703600      2.6884
   21.032500   38.703600      2.4268
   21.065800   38.703600     -0.3840
   21.099100   38.703600     -3.3405
   21.132400   38.703600     -3.2121
   21.165700   38.703600     -3.2085
   21.199000   38.703600     -2.8491
   21.232300   38.703600      2.6864
   21.265600   38.703600      8.8791
   21.298900   38.703600      8.7706
   21.332200   38.703600      5.2996
   21.365500   38.703600      3.2884
   21.398800   38.703600      3.3985
   21.432100   38.703600      3.9374
   21.465400   38.703600     -0.2182
   21.498700   38.703600     -9.4831
   21.532000   38.703600    -13.6982
   21.565300   38.703600     -9.3909
   21.598600   38.703600     -6.6807
   21.631900   38.703600     -7.4022
   21.665200   38.703600     -2.8909
   21.698500   38.703600      1.5843
   21.731800   38.703600     -8.0871
   21.765100   38.703600    -23.4765
   21.798400   38.703600    -19.5755
   21.831700   38.703600      3.5272
   21.865000   38.703600     16.3586
   21.898300   38.703600      3.5021
   21.931600   38.703600    -14.2992
   21.964900   38.703600    -12.5088
   21.998200   38.703600      4.0052
   22.031500   38.703600     13.4191
   22.064800   38.703600      8.7778
   22.098100   38.703600      2.0209
   22.131400   38.703600      1.8875
   22.164700   38.703600      3.7399
   22.198000   38.703600      2.1445
   22.231300   38.703600      0.0651
   22.264600   38.703600      0.9864
   22.297900   38.703600      3.0744
   22.331200   38.703600      5.1513
   22.364500   38.703600      8.6000
   22.397800   38.703600     11.0764
   22.431100   38.703600      8.1530
   22.464400   38.703600      2.2532
   22.497700   38.703600      0.5948
   22.531000   38.703600      3.7900
   22.564300   38.703600      6.9995
   22.597600   38.703600      9.6972
   22.630900   38.703600     12.2374
   22.664200   38.703600      9.4434
   22.697500   38.703600      1.3063
   22.730800   38.703600     -3.4340
   22.764100   38.703600     -3.2083
   22.797400   38.703600     -3.4102
   22.830700   38.703600     -2.0866
   22.864000   38.703600      3.3816
   22.897300   38.703600      7.3133
   22.930600   38.703600      6.4532
   22.963900   38.703600      3.8326
   22.997200   38.703600      1.7042
   23.030500   38.703600      1.4989
   23.063800   38.703600      3.4747
   23.097100   38.703600      4.8205
   23.130400   38.703600      4.6177
   23.163700   38.703600      4.6171
   23.197000   38.703600      5.3250
   23.230300   38.703600      5.8677
   23.263600   38.703600      4.8419
   23.296900   38.703600      2.6579
   23.330200   38.703600      1.8399
   23.363500   38.703600      2.1706
   23.396800   38.703600      0.2643
   23.430100   38.703600     -5.3833
   23.463400   38.703600     -9.2776
   23.496700   38.703600     -1.0848
   23.530000   38.703600     14.9747
   23.563300   38.703600     15.4349
   23.596600   38.703600     -6.5797
   23.629900   38.703600    -26.3943
   23.663200   38.703600    -25.0712
   23.696500   38.703600     -7.9226
   23.729800   38.703600     13.6149
   23.763100   38.703600     26.9376
   23.796400   38.703600     21.6041
   23.829700   38.703600      8.3628
   23.863000   38.703600      9.5903
   23.896300   38.703600     24.6321
   23.929600   38.703600     33.2684
   23.962900   38.703600     29.9112
   23.996200   38.703600     24.7435
   24.029500   38.703600     21.1284
   24.062800   38.703600     17.0130
   24.096100   38.703600     14.5920
   24.129400   38.703600     11.2185
   24.162700   38.703600      1.2889
   24.196000   38.703600     -8.7753
   24.229300   38.703600    -11.6024
   24.262600   38.703600    -10.2801
   24.295900   38.703600     -7.9848
   24.329200   38.703600     -6.1373
   24.362500   38.703600     -6.6228
   24.395800   38.703600     -8.1900
   24.429100   38.703600     -9.7857
   24.462400   38.703600    -11.4886
   24.495700   38.703600    -11.6838
   24.529000   38.703600    -10.1498
   24.562300   38.703600     -8.5566
   24.595600   38.703600     -8.3938
   24.628900   38.703600    -11.3967
   24.662200   38.703600    -15.8439
   24.695500   38.703600    -15.9218
   24.728800   38.703600    -10.7328
   24.762100   38.703600     -4.2112
   24.795400   38.703600      1.7419
   24.828700   38.703600      4.8565
   24.862000   38.703600      2.7014
   24.895300   38.703600     -1.9288
   24.928600   38.703600     -4.7416
   24.961900   38.703600     -4.2322
   24.995200   38.703600     -0.8289
   25.028500   38.703600      2.8104
   25.061800   38.703600      3.3724
   25.095100   38.703600      1.1720
   25.128400   38.703600     -1.0696
   25.161700   38.703600     -2.7933
   25.195000   38.703600     -4.1043
   25.228300   38.703600     -3.6468
   25.261600   38.703600     -1.6371
   25.294900   38.703600     -0.5487
   25.328200   38.703600     -1.7423
   25.361500   38.703600     -4.0961
   25.394800   38.703600     -5.3214
   25.428100   38.703600     -4.5734
   25.461400   38.703600     -3.4194
   25.494700   38.703600     -3.7631
   25.528000   38.703600     -5.3755
   25.561300   38.703600     -6.1948
   25.594600   38.703600     -5.0153
   20.200000   38.670300     10.5533
   20.233300   38.670300     10.6139
   20.266600   38.670300      7.8308
   20.299900   38.670300      6.6016
   20.333200   38.670300      6.8412
   20.366500   38.670300      9.0830
   20.399800   38.670300     11.4324
   20.433100   38.670300      9.5202
   20.466400   38.670300      7.2903
   20.499700   38.670300     12.1624
   20.533000   38.670300     18.2874
   20.566300   38.670300     15.8493
   20.599600   38.670300      7.9723
   20.632900   38.670300      0.9227
   20.666200   38.670300     -5.2262
   20.699500   38.670300     -8.0650
   20.732800   38.670300     -4.1095
   20.766100   38.670300      2.7767
   20.799400   38.670300      7.1546
   20.832700   38.670300      7.8113
   20.866000   38.670300      4.2959
   20.899300   38.670300     -0.6097
   20.932600   38.670300     -2.2408
   20.965900   38.670300     -1.2601
   20.999200   38.670300      0.9401
   21.032500   38.670300      3.6843
   21.065800   38.670300      1.8739
   21.099100   38.670300     -3.4897
   21.132400   38.670300     -4.1247
   21.165700   38.670300     -1.8886
   21.199000   38.670300     -3.5187
   21.232300   38.670300     -4.8413
   21.265600   38.670300     -0.5534
   21.298900   38.670300      4.5250
   21.332200   38.670300      4.7714
   21.365500   38.670300      2.4791
   21.398800   38.670300      2.6057
   21.432100   38.670300      3.8193
   21.465400   38.670300      0.1558
   21.498700   38.670300     -7.2648
   21.532000   38.670300    -11.0716
   21.565300   38.670300    -12.0821
   21.598600   38.670300    -14.9435
   21.631900   38.670300    -11.8324
   21.665200   38.670300      5.7967
   21.698500   38.670300     23.5079
   21.731800   38.670300     19.1575
   21.765100   38.670300     -1.0040
   21.798400   38.670300     -7.4763
   21.831700   38.670300      7.8683
   21.865000   38.670300     20.5698
   21.898300   38.670300     12.8257
   21.931600   38.670300     -0.7065
   21.964900   38.670300      1.0154
   21.998200   38.670300     13.8651
   22.031500   38.670300     18.1592
   22.064800   38.670300      8.6983
   22.098100   38.670300     -0.1386
   22.131400   38.670300      2.4756
   22.164700   38.670300      9.6971
   22.198000   38.670300      9.4261
   22.231300   38.670300      0.4024
   22.264600   38.670300    -10.6069
   22.297900   38.670300    -17.4582
   22.331200   38.670300    -15.6796
   22.364500   38.670300     -4.5379
   22.397800   38.670300      7.3079
   22.431100   38.670300      9.4324
   22.464400   38.670300      3.9886
   22.497700   38.670300      1.8103
   22.531000   38.670300      5.3031
   22.564300   38.670300      8.8406
   22.597600   38.670300     11.6489
   22.630900   38.670300     15.0349
   22.664200   38.670300     14.1153
   22.697500   38.670300      7.9787
   22.730800   38.670300      5.1424
   22.764100   38.670300      7.2760
   22.797400   38.670300      5.9192
   22.830700   38.670300      0.9458
   22.864000   38.670300      1.8428
   22.897300   38.670300      9.2785
   22.930600   38.670300     12.6822
   22.963900   38.670300      7.9458
   22.997200   38.670300      4.3619
   23.030500   38.670300      9.1687
   23.063800   38.670300     16.2979
   23.097100   38.670300     16.9833
   23.130400   38.670300     11.9570
   23.163700   38.670300      6.8537
   23.197000   38.670300      4.7375
   23.230300   38.670300      4.1155
   23.263600   38.670300      1.5592
   23.296900   38.670300     -1.6918
   23.330200   38.670300     -0.7952
   23.363500   38.670300      4.8435
   23.396800   38.670300      9.9514
   23.430100   38.670300      6.6324
   23.463400   38.670300     -4.8176
   23.496700   38.670300     -8.0063
   23.530000   38.670300      3.8083
   23.563300   38.670300      9.1825
   23.596600   38.670300     -3.4603
   23.629900   38.670300    -11.9749
   23.663200   38.670300     -2.8577
   23.696500   38.670300      7.6821
   23.729800   38.670300      9.4797
   23.763100   38.670300      9.1039
   23.796400   38.670300      5.7232
   23.829700   38.670300     -3.8316
   23.863000   38.670300     -6.6769
   23.896300   38.670300      5.6030
   23.929600   38.670300     17.8797
   23.962900   38.670300     18.1646
   23.996200   38.670300     13.0483
   24.029500   38.670300      6.8997
   24.062800   38.670300      0.6223
   24.096100   38.670300      1.9112
   24.129400   38.670300     10.0675
   24.162700   38.670300     15.2561
   24.196000   38.670300     14.1159
   24.229300   38.670300      4.9848
   24.262600   38.670300     -8.1336
   24.295900   38.670300    -11.4506
   24.329200   38.670300     -5.9153
   24.362500   38.670300     -4.7644
   24.395800   38.670300     -8.1875
   24.429100   38.670300    -10.4575
   24.462400   38.670300    -12.4712
   24.495700   38.670300    -14.2427
   24.529000   38.670300    -13.8246
   24.562300   38.670300    -11.9635
   24.595600   38.670300     -9.8331
   24.628900   38.670300     -8.1635
   24.662200   38.670300     -8.3394
   24.695500   38.670300    -10.0081
   24.728800   38.670300     -9.9608
   24.762100   38.670300     -5.1355
   24.795400   38.670300      2.1374
   24.828700   38.670300      4.9317
   24.862000   38.670300      1.2534
   24.895300   38.670300     -3.9215
   24.928600   38.670300     -6.9014
   24.961900   38.670300     -6.7290
   24.995200   38.670300     -3.2765
   25.028500   38.670300      0.7191
   25.061800   38.670300      1.5720
   25.095100   38.670300     -0.4914
   25.128400   38.670300     -2.7342
   25.161700   38.670300     -4.2895
   25.195000   38.670300     -5.3623
   25.228300   38.670300     -5.2974
   25.261600   38.670300     -4.0794
   25.294900   38.670300     -3.2894
   25.328200   38.670300     -4.2537
   25.361500   38.670300     -6.0681
   25.394800   38.670300     -6.3720
   25.428100   38.670300     -4.6176
   25.461400   38.670300     -3.1551
   25.494700   38.670300     -4.0763
   25.528000   38.670300     -5.5014
   25.561300   38.670300     -3.6358
   25.594600   38.670300      1.0097
   20.200000   38.637000      6.7742
   20.233300   38.637000      7.5949
   20.266600   38.637000      6.7999
   20.299900   38.637000      7.2937
   20.333200   38.637000      8.2775
   20.366500   38.637000      9.5637
   20.399800   38.637000      9.7507
   20.433100   38.637000      6.9210
   20.466400   38.637000      4.9526
   20.499700   38.637000      9.5355
   20.533000   38.637000     16.5469
   20.566300   38.637000     16.1898
   20.599600   38.637000      7.4928
   20.632900   38.637000     -1.4980
   20.666200   38.637000     -5.2775
   20.699500   38.637000     -4.9822
   20.732800   38.637000     -3.2828
   20.766100   38.637000     -0.3702
   20.799400   38.637000      4.2618
   20.832700   38.637000      7.2896
   20.866000   38.637000      3.9783
   20.899300   38.637000     -1.9130
   20.932600   38.637000     -2.4276
   20.965900   38.637000      0.9121
   20.999200   38.637000      2.8357
   21.032500   38.637000      3.4155
   21.065800   38.637000      1.1100
   21.099100   38.637000     -4.4841
   21.132400   38.637000     -5.9076
   21.165700   38.637000     -0.8321
   21.199000   38.637000      1.0042
   21.232300   38.637000     -5.4707
   21.265600   38.637000    -11.1250
   21.298900   38.637000     -8.3393
   21.332200   38.637000     -4.0718
   21.365500   38.637000     -5.2137
   21.398800   38.637000     -6.3484
   21.432100   38.637000     -3.8753
   21.465400   38.637000     -3.2901
   21.498700   38.637000     -5.0364
   21.532000   38.637000     -5.0134
   21.565300   38.637000     -7.5536
   21.598600   38.637000    -15.5444
   21.631900   38.637000    -17.0973
   21.665200   38.637000     -1.1591
   21.698500   38.637000     20.9271
   21.731800   38.637000     26.5005
   21.765100   38.637000     13.1566
   21.798400   38.637000      3.4669
   21.831700   38.637000     11.0504
   21.865000   38.637000     22.0092
   21.898300   38.637000     20.0968
   21.931600   38.637000     11.1386
   21.964900   38.637000      8.6304
   21.998200   38.637000     11.5592
   22.031500   38.637000      9.4095
   22.064800   38.637000      0.4503
   22.098100   38.637000     -5.6476
   22.131400   38.637000     -1.9523
   22.164700   38.637000      6.5985
   22.198000   38.637000     10.1729
   22.231300   38.637000      5.6007
   22.264600   38.637000     -3.1948
   22.297900   38.637000     -9.9763
   22.331200   38.637000     -8.8213
   22.364500   38.637000      0.1215
   22.397800   38.637000      6.0588
   22.431100   38.637000      0.9794
   22.464400   38.637000     -5.8132
   22.497700   38.637000     -1.8804
   22.531000   38.637000      6.5449
   22.564300   38.637000      7.1729
   22.597600   38.637000      4.5522
   22.630900   38.637000      7.8547
   22.664200   38.637000     10.3855
   22.697500   38.637000      4.4854
   22.730800   38.637000     -0.5560
   22.764100   38.637000      3.7198
   22.797400   38.637000      8.6930
   22.830700   38.637000      6.6741
   22.864000   38.637000      5.3744
   22.897300   38.637000     10.1779
   22.930600   38.637000     11.2404
   22.963900   38.637000      3.8998
   22.997200   38.637000      1.3966
   23.030500   38.637000     11.0202
   23.063800   38.637000     20.0035
   23.097100   38.637000     17.1730
   23.130400   38.637000      7.6215
   23.163700   38.637000     -0.1666
   23.197000   38.637000     -3.3935
   23.230300   38.637000     -3.0055
   23.263600   38.637000     -1.8861
   23.296900   38.637000     -1.9987
   23.330200   38.637000     -2.4549
   23.363500   38.637000      0.1066
   23.396800   38.637000      7.4923
   23.430100   38.637000     11.3038
   23.463400   38.637000      2.8006
   23.496700   38.637000     -6.3555
   23.530000   38.637000     -2.6066
   23.563300   38.637000      2.3085
   23.596600   38.637000     -2.8441
   23.629900   38.637000     -3.6926
   23.663200   38.637000      8.1000
   23.696500   38.637000     15.2644
   23.729800   38.637000      7.0908
   23.763100   38.637000     -5.4670
   23.796400   38.637000    -14.1290
   23.829700   38.637000    -20.8788
   23.863000   38.637000    -20.8998
   23.896300   38.637000     -9.8588
   23.929600   38.637000      0.2700
   23.962900   38.637000     -0.1659
   23.996200   38.637000     -3.9976
   24.029500   38.637000     -5.9989
   24.062800   38.637000     -7.1553
   24.096100   38.637000     -4.3329
   24.129400   38.637000      2.2264
   24.162700   38.637000     10.3344
   24.196000   38.637000     19.8123
   24.229300   38.637000     20.5524
   24.262600   38.637000      7.3538
   24.295900   38.637000     -3.8106
   24.329200   38.637000     -3.8784
   24.362500   38.637000     -2.0124
   24.395800   38.637000     -3.8763
   24.429100   38.637000     -7.2690
   24.462400   38.637000    -10.6218
   24.495700   38.637000    -12.7413
   24.529000   38.637000    -12.6037
   24.562300   38.637000    -11.0070
   24.595600   38.637000     -9.4759
   24.628900   38.637000     -8.7571
   24.662200   38.637000     -8.1868
   24.695500   38.637000     -6.4764
   24.728800   38.637000     -3.8202
   24.762100   38.637000     -1.3319
   24.795400   38.637000      0.1032
   24.828700   38.637000     -0.5462
   24.862000   38.637000     -2.9668
   24.895300   38.637000     -5.4093
   24.928600   38.637000     -6.9744
   24.961900   38.637000     -6.6690
   24.995200   38.637000     -3.6833
   25.028500   38.637000     -0.2071
   25.061800   38.637000      0.5626
   25.095100   38.637000     -1.4946
   25.128400   38.637000     -3.9316
   25.161700   38.637000     -4.8254
   25.195000   38.637000     -4.3073
   25.228300   38.637000     -3.6989
   25.261600   38.637000     -3.7286
   25.294900   38.637000     -4.4380
   25.328200   38.637000     -5.4999
   25.361500   38.637000     -6.0374
   25.394800   38.637000     -5.8709
   25.428100   38.637000     -5.3003
   25.461400   38.637000     -4.0763
   25.494700   38.637000     -3.0934
   25.528000   38.637000     -2.4662
   25.561300   38.637000      0.7668
   25.594600   38.637000      6.3879
   20.200000   38.603700      4.2436
   20.233300   38.603700      7.3150
   20.266600   38.603700      8.0444
   20.299900   38.603700      8.8244
   20.333200   38.603700      8.9115
   20.366500   38.603700      7.8588
   20.399800   38.603700      4.9766
   20.433100   38.603700     -0.0576
   20.466400   38.603700     -5.3265
   20.499700   38.603700     -5.9494
   20.533000   38.603700      0.8142
   20.566300   38.603700      7.8678
   20.599600   38.603700      5.3861
   20.632900   38.603700     -2.9479
   20.666200   38.603700     -5.5811
   20.699500   38.603700     -1.6885
   20.732800   38.603700      0.7590
   20.766100   38.603700     -0.2251
   20.799400   38.603700     -0.2474
   20.832700   38.603700      1.1882
   20.866000   38.603700     -0.0609
   20.899300   38.603700     -2.4531
   20.932600   38.603700      0.5290
   20.965900   38.603700      6.6361
   20.999200   38.603700      7.5010
   21.032500   38.603700      3.8139
   21.065800   38.603700      0.5951
   21.099100   38.603700     -3.1517
   21.132400   38.603700     -6.5431
   21.165700   38.603700     -3.0574
   21.199000   38.603700      5.0773
   21.232300   38.603700      5.5645
   21.265600   38.603700     -2.6284
   21.298900   38.603700     -7.7921
   21.332200   38.603700     -9.1330
   21.365500   38.603700    -13.5667
   21.398800   38.603700    -16.7734
   21.432100   38.603700    -14.1358
   21.465400   38.603700    -12.2158
   21.498700   38.603700    -13.0594
   21.532000   38.603700    -10.7517
   21.565300   38.603700     -6.9453
   21.598600   38.603700     -8.2886
   21.631900   38.603700    -12.1358
   21.665200   38.603700     -8.0752
   21.698500   38.603700      6.1577
   21.731800   38.603700     17.0316
   21.765100   38.603700     13.0351
   21.798400   38.603700      3.7050
   21.831700   38.603700      4.1022
   21.865000   38.603700     10.6622
   21.898300   38.603700     10.6173
   21.931600   38.603700      3.9035
   21.964900   38.603700     -0.6937
   21.998200   38.603700     -0.2929
   22.031500   38.603700      1.7446
   22.064800   38.603700      2.5702
   22.098100   38.603700      1.2634
   22.131400   38.603700     -1.3479
   22.164700   38.603700     -2.6141
   22.198000   38.603700     -0.2089
   22.231300   38.603700      5.1303
   22.264600   38.603700      9.8218
   22.297900   38.603700     11.7702
   22.331200   38.603700     13.2452
   22.364500   38.603700     14.0442
   22.397800   38.603700      7.2563
   22.431100   38.603700     -6.1160
   22.464400   38.603700     -8.7410
   22.497700   38.603700      6.9630
   22.531000   38.603700     19.2069
   22.564300   38.603700      8.8788
   22.597600   38.603700     -7.5487
   22.630900   38.603700     -5.7453
   22.664200   38.603700      7.3367
   22.697500   38.603700     10.3435
   22.730800   38.603700      4.0935
   22.764100   38.603700      2.8863
   22.797400   38.603700      6.7775
   22.830700   38.603700      7.0571
   22.864000   38.603700      5.8405
   22.897300   38.603700      8.1587
   22.930600   38.603700      8.0984
   22.963900   38.603700      2.9037
   22.997200   38.603700      3.2125
   23.030500   38.603700     11.7538
   23.063800   38.603700     15.1223
   23.097100   38.603700      8.3114
   23.130400   38.603700      1.8903
   23.163700   38.603700      0.7253
   23.197000   38.603700     -0.1175
   23.230300   38.603700     -1.3380
   23.263600   38.603700      0.9619
   23.296900   38.603700      5.3235
   23.330200   38.603700      5.1266
   23.363500   38.603700      0.1707
   23.396800   38.603700     -0.9522
   23.430100   38.603700      2.8899
   23.463400   38.603700      2.9690
   23.496700   38.603700     -0.2558
   23.530000   38.603700      0.6286
   23.563300   38.603700      1.5719
   23.596600   38.603700     -3.1340
   23.629900   38.603700     -5.0936
   23.663200   38.603700      2.2719
   23.696500   38.603700      9.3201
   23.729800   38.603700      6.6019
   23.763100   38.603700     -1.2034
   23.796400   38.603700     -5.1025
   23.829700   38.603700     -1.5272
   23.863000   38.603700     10.3504
   23.896300   38.603700     24.9814
   23.929600   38.603700     28.7796
   23.962900   38.603700     17.4705
   23.996200   38.603700      3.9749
   24.029500   38.603700     -1.3804
   24.062800   38.603700      0.5706
   24.096100   38.603700      6.2879
   24.129400   38.603700     10.6223
   24.162700   38.603700     11.2214
   24.196000   38.603700     12.0950
   24.229300   38.603700     12.7393
   24.262600   38.603700      9.4432
   24.295900   38.603700      4.9595
   24.329200   38.603700      3.3958
   24.362500   38.603700      4.4459
   24.395800   38.603700      4.0955
   24.429100   38.603700     -0.3506
   24.462400   38.603700     -6.1407
   24.495700   38.603700    -10.0948
   24.529000   38.603700    -12.0181
   24.562300   38.603700    -10.8473
   24.595600   38.603700     -6.5538
   24.628900   38.603700     -3.5374
   24.662200   38.603700     -4.4182
   24.695500   38.603700     -5.8546
   24.728800   38.603700     -5.6435
   24.762100   38.603700     -5.6926
   24.795400   38.603700     -6.4637
   24.828700   38.603700     -6.5242
   24.862000   38.603700     -6.1255
   24.895300   38.603700     -6.1824
   24.928600   38.603700     -6.1396
   24.961900   38.603700     -4.9570
   24.995200   38.603700     -2.7949
   25.028500   38.603700     -0.9985
   25.061800   38.603700     -0.9317
   25.095100   38.603700     -2.9700
   25.128400   38.603700     -5.5502
   25.161700   38.603700     -5.8227
   25.195000   38.603700     -3.4596
   25.228300   38.603700     -1.4459
   25.261600   38.603700     -1.5754
   25.294900   38.603700     -2.9860
   25.328200   38.603700     -3.8952
   25.361500   38.603700     -3.6351
   25.394800   38.603700     -4.3974
   25.428100   38.603700     -5.5814
   25.461400   38.603700     -1.5246
   25.494700   38.603700      6.3791
   25.528000   38.603700      9.2976
   25.561300   38.603700      5.5663
   25.594600   38.603700      0.0778
   20.200000   38.570400      4.5238
   20.233300   38.570400     10.2591
   20.266600   38.570400     11.3246
   20.299900   38.570400     11.3637
   20.333200   38.570400     10.2095
   20.366500   38.570400      6.5184
   20.399800   38.570400      1.3267
   20.433100   38.570400     -2.4159
   20.466400   38.570400     -5.9927
   20.499700   38.570400     -9.6261
   20.533000   38.570400     -6.1723
   20.566300   38.570400      4.2161
   20.599600   38.570400      9.0505
   20.632900   38.570400      4.4088
   20.666200   38.570400     -0.7005
   20.699500   38.570400     -1.3574
   20.732800   38.570400     -0.1006
   20.766100   38.570400      1.4306
   20.799400   38.570400      2.8327
   20.832700   38.570400      2.8873
   20.866000   38.570400      0.8631
   20.899300   38.570400     -1.4542
   20.932600   38.570400     -0.5042
   20.965900   38.570400      3.0998
   20.999200   38.570400      3.7692
   21.032500   38.570400      1.3065
   21.065800   38.570400      1.0635
   21.099100   38.570400      1.7843
   21.132400   38.570400     -0.5318
   21.165700   38.570400     -0.7987
   21.199000   38.570400      5.4834
   21.232300   38.570400     10.8786
   21.265600   38.570400      9.4498
   21.298900   38.570400      5.4738
   21.332200   38.570400      0.0796
   21.365500   38.570400     -9.6907
   21.398800   38.570400    -18.9807
   21.432100   38.570400    -21.7649
   21.465400   38.570400    -20.9189
   21.498700   38.570400    -20.0809
   21.532000   38.570400    -15.8958
   21.565300   38.570400     -5.4290
   21.598600   38.570400      5.1004
   21.631900   38.570400      6.2614
   21.665200   38.570400      0.3137
   21.698500   38.570400     -0.8008
   21.731800   38.570400      3.2861
   21.765100   38.570400      1.4886
   21.798400   38.570400     -5.6515
   21.831700   38.570400     -7.0641
   21.865000   38.570400     -3.3127
   21.898300   38.570400     -4.3252
   21.931600   38.570400     -9.8226
   21.964900   38.570400    -11.0995
   21.998200   38.570400     -5.5418
   22.031500   38.570400      2.7539
   22.064800   38.570400      8.9458
   22.098100   38.570400      8.2157
   22.131400   38.570400     -0.3395
   22.164700   38.570400     -9.3422
   22.198000   38.570400     -9.2967
   22.231300   38.570400      0.2660
   22.264600   38.570400     10.7349
   22.297900   38.570400     15.4124
   22.331200   38.570400     16.2495
   22.364500   38.570400     14.9356
   22.397800   38.570400      6.8824
   22.431100   38.570400     -4.2186
   22.464400   38.570400     -0.3332
   22.497700   38.570400     21.6848
   22.531000   38.570400     33.5885
   22.564300   38.570400     14.2380
   22.597600   38.570400    -14.8774
   22.630900   38.570400    -19.9900
   22.664200   38.570400     -1.2137
   22.697500   38.570400     15.1080
   22.730800   38.570400     16.1824
   22.764100   38.570400     10.6381
   22.797400   38.570400      6.5975
   22.830700   38.570400      3.2012
   22.864000   38.570400      1.3215
   22.897300   38.570400      3.8517
   22.930600   38.570400      7.3374
   22.963900   38.570400      8.0332
   22.997200   38.570400      9.4671
   23.030500   38.570400     12.5349
   23.063800   38.570400     11.2254
   23.097100   38.570400      6.4322
   23.130400   38.570400      6.5245
   23.163700   38.570400     11.2628
   23.197000   38.570400     12.7004
   23.230300   38.570400     10.0968
   23.263600   38.570400      9.7078
   23.296900   38.570400     12.9802
   23.330200   38.570400     13.5555
   23.363500   38.570400      7.4087
   23.396800   38.570400      0.1248
   23.430100   38.570400     -2.1981
   23.463400   38.570400     -1.9440
   23.496700   38.570400     -2.9770
   23.530000   38.570400     -3.8500
   23.563300   38.570400     -3.6513
   23.596600   38.570400     -4.1168
   23.629900   38.570400     -3.5053
   23.663200   38.570400      0.8725
   23.696500   38.570400      5.3945
   23.729800   38.570400      5.2700
   23.763100   38.570400      2.5248
   23.796400   38.570400      2.5177
   23.829700   38.570400      7.9904
   23.863000   38.570400     18.5200
   23.896300   38.570400     27.9794
   23.929600   38.570400     26.5034
   23.962900   38.570400     13.1079
   23.996200   38.570400     -0.7406
   24.029500   38.570400     -6.5851
   24.062800   38.570400     -5.4382
   24.096100   38.570400      0.9235
   24.129400   38.570400     10.5364
   24.162700   38.570400     16.2457
   24.196000   38.570400     13.1015
   24.229300   38.570400      7.4521
   24.262600   38.570400      7.7975
   24.295900   38.570400     10.6940
   24.329200   38.570400      9.9787
   24.362500   38.570400      9.1567
   24.395800   38.570400      9.5340
   24.429100   38.570400      6.4244
   24.462400   38.570400      0.8968
   24.495700   38.570400     -3.3439
   24.529000   38.570400     -6.1846
   24.562300   38.570400     -6.3139
   24.595600   38.570400     -2.4628
   24.628900   38.570400      1.1762
   24.662200   38.570400      0.4040
   24.695500   38.570400     -2.2976
   24.728800   38.570400     -3.4351
   24.762100   38.570400     -4.0342
   24.795400   38.570400     -5.2351
   24.828700   38.570400     -5.8359
   24.862000   38.570400     -5.8814
   24.895300   38.570400     -6.1968
   24.928600   38.570400     -5.3995
   24.961900   38.570400     -2.8081
   24.995200   38.570400     -0.7974
   25.028500   38.570400     -0.8383
   25.061800   38.570400     -2.1168
   25.095100   38.570400     -4.3549
   25.128400   38.570400     -6.8503
   25.161700   38.570400     -6.7370
   25.195000   38.570400     -3.3199
   25.228300   38.570400      0.0354
   25.261600   38.570400      0.8282
   25.294900   38.570400     -0.8656
   25.328200   38.570400     -2.9095
   25.361500   38.570400     -2.5671
   25.394800   38.570400     -2.1942
   25.428100   38.570400     -3.6525
   25.461400   38.570400      0.3141
   25.494700   38.570400     11.5984
   25.528000   38.570400     18.1835
   25.561300   38.570400     12.0628
   25.594600   38.570400     -1.5815
   20.200000   38.537100      6.5215
   20.233300   38.537100     11.8956
   20.266600   38.537100     12.8822
   20.299900   38.537100     13.1743
   20.333200   38.537100     11.8731
   20.366500   38.537100      7.1098
   20.399800   38.537100      1.9623
   20.433100   38.537100      0.8492
   20.466400   38.537100     -0.3086
   20.499700   38.537100     -4.3812
   20.533000   38.537100     -3.1088
   20.566300   38.537100      5.3104
   20.599600   38.537100      9.9797
   20.632900   38.537100      6.8133
   20.666200   38.537100      0.8579
   20.699500   38.537100     -5.2042
   20.732800   38.537100     -8.5355
   20.766100   38.537100     -4.9068
   20.799400   38.537100      1.8397
   20.832700   38.537100      4.0838
   20.866000   38.537100      2.0092
   20.899300   38.537100     -0.5446
   20.932600   38.537100     -2.6380
   20.965900   38.537100     -3.3017
   20.999200   38.537100     -2.0945
   21.032500   38.537100     -0.1617
   21.065800   38.537100      2.4392
   21.099100   38.537100      4.1175
   21.132400   38.537100      2.8416
   21.165700   38.537100      2.3131
   21.199000   38.537100      6.3138
   21.232300   38.537100     11.3237
   21.265600   38.537100     13.1942
   21.298900   38.537100     12.1941
   21.332200   38.537100      9.5802
   21.365500   38.537100      5.9727
   21.398800   38.537100      0.8021
   21.432100   38.537100     -5.6364
   21.465400   38.537100     -9.3361
   21.498700   38.537100     -8.8178
   21.532000   38.537100     -7.1051
   21.565300   38.537100     -3.1375
   21.598600   38.537100      4.8204
   21.631900   38.537100     10.0873
   21.665200   38.537100      7.0801
   21.698500   38.537100      1.4495
   21.731800   38.537100     -1.7366
   21.765100   38.537100     -5.3437
   21.798400   38.537100     -8.2861
   21.831700   38.537100     -5.0227
   21.865000   38.537100      0.5720
   21.898300   38.537100     -0.1972
   21.931600   38.537100     -4.0685
   21.964900   38.537100     -1.8539
   21.998200   38.537100      4.8979
   22.031500   38.537100      8.6788
   22.064800   38.537100      8.3752
   22.098100   38.537100      6.2132
   22.131400   38.537100      2.3452
   22.164700   38.537100     -1.5706
   22.198000   38.537100     -1.5522
   22.231300   38.537100      2.2764
   22.264600   38.537100      4.2988
   22.297900   38.537100      2.2465
   22.331200   38.537100      2.3625
   22.364500   38.537100      7.9873
   22.397800   38.537100     10.2704
   22.431100   38.537100      3.8532
   22.464400   38.537100      0.7380
   22.497700   38.537100     10.3860
   22.531000   38.537100     19.2953
   22.564300   38.537100     10.4669
   22.597600   38.537100     -9.9153
   22.630900   38.537100    -21.7000
   22.664200   38.537100    -15.9578
   22.697500   38.537100     -1.3320
   22.730800   38.537100      8.8205
   22.764100   38.537100      9.1625
   22.797400   38.537100      3.6057
   22.830700   38.537100     -1.8107
   22.864000   38.537100     -3.7042
   22.897300   38.537100     -1.6934
   22.930600   38.537100      1.8833
   22.963900   38.537100      4.0540
   22.997200   38.537100      4.5483
   23.030500   38.537100      5.1812
   23.063800   38.537100      6.4078
   23.097100   38.537100      7.5977
   23.130400   38.537100      8.8229
   23.163700   38.537100      9.9428
   23.197000   38.537100     10.1205
   23.230300   38.537100      8.8197
   23.263600   38.537100      6.9659
   23.296900   38.537100      7.3781
   23.330200   38.537100     10.6005
   23.363500   38.537100     12.0164
   23.396800   38.537100      8.9231
   23.430100   38.537100      5.6948
   23.463400   38.537100      5.0287
   23.496700   38.537100      2.8009
   23.530000   38.537100     -1.8059
   23.563300   38.537100     -3.6751
   23.596600   38.537100     -2.2702
   23.629900   38.537100     -0.7182
   23.663200   38.537100      1.2948
   23.696500   38.537100      3.4592
   23.729800   38.537100      3.1191
   23.763100   38.537100      0.3281
   23.796400   38.537100     -3.0968
   23.829700   38.537100     -6.0520
   23.863000   38.537100     -6.4894
   23.896300   38.537100     -4.0881
   23.929600   38.537100     -2.7732
   23.962900   38.537100     -4.2526
   23.996200   38.537100     -4.7243
   24.029500   38.537100     -2.9220
   24.062800   38.537100     -2.2172
   24.096100   38.537100     -0.5320
   24.129400   38.537100      7.7930
   24.162700   38.537100     16.3859
   24.196000   38.537100     12.9643
   24.229300   38.537100      2.6542
   24.262600   38.537100      0.2886
   24.295900   38.537100      4.9715
   24.329200   38.537100      7.7004
   24.362500   38.537100      9.3370
   24.395800   38.537100     11.2596
   24.429100   38.537100      9.5867
   24.462400   38.537100      4.4661
   24.495700   38.537100     -0.2669
   24.529000   38.537100     -2.6087
   24.562300   38.537100     -2.4537
   24.595600   38.537100     -0.8954
   24.628900   38.537100      0.2367
   24.662200   38.537100     -0.1108
   24.695500   38.537100     -0.8276
   24.728800   38.537100     -0.7233
   24.762100   38.537100     -0.8827
   24.795400   38.537100     -1.8513
   24.828700   38.537100     -2.0890
   24.862000   38.537100     -2.1362
   24.895300   38.537100     -3.8476
   24.928600   38.537100     -4.8630
   24.961900   38.537100     -2.7103
   24.995200   38.537100     -0.6344
   25.028500   38.537100     -1.5019
   25.061800   38.537100     -3.6644
   25.095100   38.537100     -5.9041
   25.128400   38.537100     -7.9445
   25.161700   38.537100     -7.6431
   25.195000   38.537100     -4.5433
   25.228300   38.537100     -1.3114
   25.261600   38.537100      0.3768
   25.294900   38.537100     -0.7607
   25.328200   38.537100     -4.3038
   25.361500   38.537100     -4.1610
   25.394800   38.537100      0.6745
   25.428100   38.537100      1.7325
   25.461400   38.537100     -0.7904
   25.494700   38.537100      1.8274
   25.528000   38.537100      8.0283
   25.561300   38.537100      8.8510
   25.594600   38.537100      2.5785
   20.200000   38.503800      6.9563
   20.233300   38.503800      9.7105
   20.266600   38.503800     11.9829
   20.299900   38.503800     12.6619
   20.333200   38.503800     10.1105
   20.366500   38.503800      5.6552
   20.399800   38.503800      3.2866
   20.433100   38.503800      3.6813
   20.466400   38.503800      1.8036
   20.499700   38.503800     -0.6636
   20.533000   38.503800      3.8816
   20.566300   38.503800      9.5416
   20.599600   38.503800      5.3137
   20.632900   38.503800     -2.5135
   20.666200   38.503800     -4.2353
   20.699500   38.503800     -5.4488
   20.732800   38.503800    -10.7809
   20.766100   38.503800    -12.3110
   20.799400   38.503800     -7.2940
   20.832700   38.503800     -2.6200
   20.866000   38.503800     -0.0688
   20.899300   38.503800      1.4308
   20.932600   38.503800     -0.4177
   20.965900   38.503800     -3.4225
   20.999200   38.503800     -2.4962
   21.032500   38.503800      1.4604
   21.065800   38.503800      5.3611
   21.099100   38.503800      7.0820
   21.132400   38.503800      5.2128
   21.165700   38.503800      3.6579
   21.199000   38.503800      6.9426
   21.232300   38.503800     11.7176
   21.265600   38.503800     13.1202
   21.298900   38.503800     10.6904
   21.332200   38.503800      8.9467
   21.365500   38.503800     15.1674
   21.398800   38.503800     24.3998
   21.432100   38.503800     22.6374
   21.465400   38.503800     13.2552
   21.498700   38.503800      9.7605
   21.532000   38.503800      8.5637
   21.565300   38.503800      0.6622
   21.598600   38.503800     -7.2003
   21.631900   38.503800     -4.9620
   21.665200   38.503800      4.0254
   21.698500   38.503800      9.8108
   21.731800   38.503800      8.0805
   21.765100   38.503800      1.5015
   21.798400   38.503800     -2.4915
   21.831700   38.503800      1.6022
   21.865000   38.503800      9.1292
   21.898300   38.503800     11.1934
   21.931600   38.503800      8.7646
   21.964900   38.503800      8.0103
   21.998200   38.503800      6.5407
   22.031500   38.503800     -0.2335
   22.064800   38.503800     -6.2737
   22.098100   38.503800     -2.8967
   22.131400   38.503800      7.1789
   22.164700   38.503800     14.1288
   22.198000   38.503800     13.7255
   22.231300   38.503800      8.7641
   22.264600   38.503800      1.3783
   22.297900   38.503800     -6.5068
   22.331200   38.503800     -7.8305
   22.364500   38.503800      1.9880
   22.397800   38.503800     12.8156
   22.431100   38.503800     10.7321
   22.464400   38.503800     -1.7444
   22.497700   38.503800     -9.9088
   22.531000   38.503800     -6.9691
   22.564300   38.503800      1.0101
   22.597600   38.503800      3.4963
   22.630900   38.503800     -3.8378
   22.664200   38.503800    -12.5908
   22.697500   38.503800    -10.4248
   22.730800   38.503800      0.5924
   22.764100   38.503800      6.4823
   22.797400   38.503800      2.3908
   22.830700   38.503800     -2.8034
   22.864000   38.503800     -3.2189
   22.897300   38.503800     -2.6747
   22.930600   38.503800     -4.3863
   22.963900   38.503800     -6.4699
   22.997200   38.503800     -6.9371
   23.030500   38.503800     -4.6836
   23.063800   38.503800      0.4457
   23.097100   38.503800      4.5367
   23.130400   38.503800      3.6746
   23.163700   38.503800      0.9055
   23.197000   38.503800      1.6452
   23.230300   38.503800      4.1099
   23.263600   38.503800      3.2899
   23.296900   38.503800      1.7925
   23.330200   38.503800      5.4537
   23.363500   38.503800     10.6758
   23.396800   38.503800     10.0336
   23.430100   38.503800      6.8425
   23.463400   38.503800      7.6927
   23.496700   38.503800      8.8144
   23.530000   38.503800      6.2396
   23.563300   38.503800      4.7093
   23.596600   38.503800      5.5037
   23.629900   38.503800      4.5399
   23.663200   38.503800      3.1078
   23.696500   38.503800      4.1889
   23.729800   38.503800      5.6848
   23.763100   38.503800      5.0575
   23.796400   38.503800      2.2388
   23.829700   38.503800     -1.6590
   23.863000   38.503800     -3.8421
   23.896300   38.503800     -2.4583
   23.929600   38.503800     -0.0285
   23.962900   38.503800      0.8513
   23.996200   38.503800      1.7808
   24.029500   38.503800      3.5721
   24.062800   38.503800      3.5127
   24.096100   38.503800      3.5185
   24.129400   38.503800      8.8419
   24.162700   38.503800     13.8312
   24.196000   38.503800      8.3488
   24.229300   38.503800     -2.3307
   24.262600   38.503800     -6.2375
   24.295900   38.503800     -3.0710
   24.329200   38.503800      1.8775
   24.362500   38.503800      6.6955
   24.395800   38.503800      9.3568
   24.429100   38.503800      7.8116
   24.462400   38.503800      2.4333
   24.495700   38.503800     -3.5846
   24.529000   38.503800     -5.7436
   24.562300   38.503800     -3.7086
   24.595600   38.503800     -1.3573
   24.628900   38.503800     -0.3311
   24.662200   38.503800     -0.0402
   24.695500   38.503800     -0.0263
   24.728800   38.503800      0.0745
   24.762100   38.503800     -0.2777
   24.795400   38.503800     -0.8837
   24.828700   38.503800     -0.1920
   24.862000   38.503800      0.0825
   24.895300   38.503800     -3.0497
   24.928600   38.503800     -6.4861
   24.961900   38.503800     -5.9495
   24.995200   38.503800     -3.7077
   25.028500   38.503800     -2.9423
   25.061800   38.503800     -3.4234
   25.095100   38.503800     -5.3064
   25.128400   38.503800     -7.9396
   25.161700   38.503800     -8.2589
   25.195000   38.503800     -6.0196
   25.228300   38.503800     -3.8680
   25.261600   38.503800     -1.9434
   25.294900   38.503800     -0.9285
   25.328200   38.503800     -3.1561
   25.361500   38.503800     -3.9952
   25.394800   38.503800      1.2953
   25.428100   38.503800      5.4802
   25.461400   38.503800      3.4888
   25.494700   38.503800      1.0946
   25.528000   38.503800     -0.2867
   25.561300   38.503800     -5.4135
   25.594600   38.503800    -12.0569
   20.200000   38.470500      3.6796
   20.233300   38.470500      4.8023
   20.266600   38.470500      7.4321
   20.299900   38.470500      6.5949
   20.333200   38.470500      4.8150
   20.366500   38.470500      5.6441
   20.399800   38.470500      7.1789
   20.433100   38.470500      6.4025
   20.466400   38.470500      3.7445
   20.499700   38.470500      5.3530
   20.533000   38.470500     13.2599
   20.566300   38.470500     14.5245
   20.599600   38.470500      1.2425
   20.632900   38.470500    -10.1825
   20.666200   38.470500     -5.5170
   20.699500   38.470500      2.4345
   20.732800   38.470500     -0.9900
   20.766100   38.470500     -8.6235
   20.799400   38.470500     -9.8176
   20.832700   38.470500     -5.6140
   20.866000   38.470500      0.7712
   20.899300   38.470500      5.8910
   20.932600   38.470500      5.6479
   20.965900   38.470500      2.6331
   20.999200   38.470500      1.4145
   21.032500   38.470500      1.2187
   21.065800   38.470500      2.4999
   21.099100   38.470500      5.5591
   21.132400   38.470500      5.2947
   21.165700   38.470500      2.5485
   21.199000   38.470500      4.6240
   21.232300   38.470500     10.5641
   21.265600   38.470500     15.1886
   21.298900   38.470500     15.0167
   21.332200   38.470500     10.1288
   21.365500   38.470500     11.9543
   21.398800   38.470500     22.7456
   21.432100   38.470500     22.6227
   21.465400   38.470500      9.1627
   21.498700   38.470500      4.9004
   21.532000   38.470500     11.1722
   21.565300   38.470500      8.2063
   21.598600   38.470500     -3.6825
   21.631900   38.470500     -5.7579
   21.665200   38.470500      5.3518
   21.698500   38.470500     14.8252
   21.731800   38.470500     13.4723
   21.765100   38.470500      5.0841
   21.798400   38.470500     -2.0859
   21.831700   38.470500     -2.0922
   21.865000   38.470500      4.2528
   21.898300   38.470500      9.4629
   21.931600   38.470500      8.8248
   21.964900   38.470500      3.8962
   21.998200   38.470500     -4.3880
   22.031500   38.470500    -14.9166
   22.064800   38.470500    -19.4511
   22.098100   38.470500     -9.9369
   22.131400   38.470500      7.7798
   22.164700   38.470500     18.6630
   22.198000   38.470500     16.4968
   22.231300   38.470500      8.4096
   22.264600   38.470500      0.6246
   22.297900   38.470500     -7.7837
   22.331200   38.470500    -14.6638
   22.364500   38.470500    -12.4128
   22.397800   38.470500     -1.3841
   22.431100   38.470500      7.5097
   22.464400   38.470500      6.5537
   22.497700   38.470500     -1.1671
   22.531000   38.470500     -6.3482
   22.564300   38.470500     -2.2162
   22.597600   38.470500      6.7298
   22.630900   38.470500      9.0790
   22.664200   38.470500      4.4593
   22.697500   38.470500      5.1194
   22.730800   38.470500     13.5482
   22.764100   38.470500     16.5384
   22.797400   38.470500      8.5031
   22.830700   38.470500      1.5505
   22.864000   38.470500      3.5827
   22.897300   38.470500      5.5475
   22.930600   38.470500     -0.6988
   22.963900   38.470500    -10.0942
   22.997200   38.470500    -15.4168
   23.030500   38.470500    -15.6933
   23.063800   38.470500    -12.6497
   23.097100   38.470500     -9.2963
   23.130400   38.470500     -8.0374
   23.163700   38.470500     -6.7322
   23.197000   38.470500     -2.3595
   23.230300   38.470500      2.3479
   23.263600   38.470500      2.7569
   23.296900   38.470500      1.0249
   23.330200   38.470500      2.9959
   23.363500   38.470500      7.0138
   23.396800   38.470500      5.8554
   23.430100   38.470500      0.1674
   23.463400   38.470500     -2.6244
   23.496700   38.470500     -0.7854
   23.530000   38.470500      2.8242
   23.563300   38.470500      7.2209
   23.596600   38.470500      9.6039
   23.629900   38.470500      7.2806
   23.663200   38.470500      4.1456
   23.696500   38.470500      4.3535
   23.729800   38.470500      5.4869
   23.763100   38.470500      4.8186
   23.796400   38.470500      3.8421
   23.829700   38.470500      4.3503
   23.863000   38.470500      6.1980
   23.896300   38.470500      7.9053
   23.929600   38.470500      6.9823
   23.962900   38.470500      2.7484
   23.996200   38.470500     -1.2520
   24.029500   38.470500     -2.3307
   24.062800   38.470500     -2.1634
   24.096100   38.470500     -0.5102
   24.129400   38.470500      4.3963
   24.162700   38.470500      7.1208
   24.196000   38.470500      3.1521
   24.229300   38.470500     -1.5494
   24.262600   38.470500     -3.2820
   24.295900   38.470500     -4.0916
   24.329200   38.470500     -2.0053
   24.362500   38.470500      3.3046
   24.395800   38.470500      6.7915
   24.429100   38.470500      6.5256
   24.462400   38.470500      3.6190
   24.495700   38.470500      0.0352
   24.529000   38.470500     -1.0385
   24.562300   38.470500      0.0759
   24.595600   38.470500      0.4600
   24.628900   38.470500      0.2275
   24.662200   38.470500     -0.0847
   24.695500   38.470500     -0.7667
   24.728800   38.470500     -0.7442
   24.762100   38.470500      0.0029
   24.795400   38.470500      0.6789
   24.828700   38.470500      1.3798
   24.862000   38.470500      0.0946
   24.895300   38.470500     -4.4941
   24.928600   38.470500     -8.2166
   24.961900   38.470500     -7.7862
   24.995200   38.470500     -5.1248
   25.028500   38.470500     -2.1603
   25.061800   38.470500     -0.4757
   25.095100   38.470500     -2.3422
   25.128400   38.470500     -5.9200
   25.161700   38.470500     -6.8329
   25.195000   38.470500     -5.2689
   25.228300   38.470500     -4.3617
   25.261600   38.470500     -3.8540
   25.294900   38.470500     -2.4263
   25.328200   38.470500     -1.8116
   25.361500   38.470500     -2.1970
   25.394800   38.470500     -1.5398
   25.428100   38.470500      0.8960
   25.461400   38.470500      7.3839
   25.494700   38.470500     15.4059
   25.528000   38.470500     11.5270
   25.561300   38.470500    -10.0970
   25.594600   38.470500    -32.9670
   20.200000   38.437200      0.3119
   20.233300   38.437200      1.9225
   20.266600   38.437200      2.6345
   20.299900   38.437200      2.4907
   20.333200   38.437200     10.5204
   20.366500   38.437200     22.1813
   20.399800   38.437200     22.2923
   20.433100   38.437200     12.4463
   20.466400   38.437200      7.5244
   20.499700   38.437200     13.3631
   20.533000   38.437200     21.3962
   20.566300   38.437200     17.9738
   20.599600   38.437200      2.0951
   20.632900   38.437200     -8.0102
   20.666200   38.437200      0.1193
   20.699500   38.437200     12.9396
   20.732800   38.437200     12.9674
   20.766100   38.437200      2.7814
   20.799400   38.437200     -5.9714
   20.832700   38.437200     -8.1072
   20.866000   38.437200     -3.6155
   20.899300   38.437200      3.2347
   20.932600   38.437200      7.5025
   20.965900   38.437200      9.6343
   20.999200   38.437200      9.7955
   21.032500   38.437200      5.5145
   21.065800   38.437200      0.8788
   21.099100   38.437200      1.1280
   21.132400   38.437200      1.7711
   21.165700   38.437200      0.7403
   21.199000   38.437200      3.3758
   21.232300   38.437200      9.0912
   21.265600   38.437200     15.2112
   21.298900   38.437200     19.0474
   21.332200   38.437200     14.8566
   21.365500   38.437200     10.4088
   21.398800   38.437200     14.6420
   21.432100   38.437200     12.8159
   21.465400   38.437200     -0.8821
   21.498700   38.437200     -5.4926
   21.532000   38.437200      4.7717
   21.565300   38.437200     12.2450
   21.598600   38.437200     11.4127
   21.631900   38.437200     11.8518
   21.665200   38.437200     13.5892
   21.698500   38.437200      9.4556
   21.731800   38.437200      2.1721
   21.765100   38.437200     -1.0925
   21.798400   38.437200     -0.8213
   21.831700   38.437200      0.0600
   21.865000   38.437200      2.2261
   21.898300   38.437200      4.8082
   21.931600   38.437200      5.2350
   21.964900   38.437200      4.0616
   21.998200   38.437200      1.8366
   22.031500   38.437200     -3.0373
   22.064800   38.437200     -7.6787
   22.098100   38.437200     -4.9877
   22.131400   38.437200      4.7259
   22.164700   38.437200     11.5201
   22.198000   38.437200      9.2707
   22.231300   38.437200      3.0684
   22.264600   38.437200     -1.9630
   22.297900   38.437200     -8.6146
   22.331200   38.437200    -17.6911
   22.364500   38.437200    -20.8395
   22.397800   38.437200    -11.4283
   22.431100   38.437200      5.6475
   22.464400   38.437200     18.9059
   22.497700   38.437200     19.6230
   22.531000   38.437200      9.4810
   22.564300   38.437200     -0.0204
   22.597600   38.437200     -0.4729
   22.630900   38.437200      4.4650
   22.664200   38.437200      9.6009
   22.697500   38.437200     16.8070
   22.730800   38.437200     25.0054
   22.764100   38.437200     24.4410
   22.797400   38.437200     12.4201
   22.830700   38.437200      2.1128
   22.864000   38.437200      3.2226
   22.897300   38.437200      6.7075
   22.930600   38.437200      1.4133
   22.963900   38.437200     -8.9048
   22.997200   38.437200    -15.9517
   23.030500   38.437200    -19.5669
   23.063800   38.437200    -21.9549
   23.097100   38.437200    -21.7020
   23.130400   38.437200    -17.5266
   23.163700   38.437200    -11.2906
   23.197000   38.437200     -5.8180
   23.230300   38.437200     -1.9121
   23.263600   38.437200      0.9771
   23.296900   38.437200      2.9472
   23.330200   38.437200      4.5490
   23.363500   38.437200      6.6206
   23.396800   38.437200      7.2668
   23.430100   38.437200      3.5265
   23.463400   38.437200     -2.7169
   23.496700   38.437200     -5.1073
   23.530000   38.437200     -0.6447
   23.563300   38.437200      5.6843
   23.596600   38.437200      6.3488
   23.629900   38.437200      1.9710
   23.663200   38.437200      0.2420
   23.696500   38.437200      2.9003
   23.729800   38.437200      3.4558
   23.763100   38.437200     -0.2296
   23.796400   38.437200     -2.4623
   23.829700   38.437200     -0.4158
   23.863000   38.437200      1.9448
   23.896300   38.437200      1.1232
   23.929600   38.437200     -1.7872
   23.962900   38.437200     -3.7608
   23.996200   38.437200     -2.9417
   24.029500   38.437200     -1.0071
   24.062800   38.437200     -0.8604
   24.096100   38.437200     -0.5391
   24.129400   38.437200      2.1199
   24.162700   38.437200      2.0329
   24.196000   38.437200     -1.8152
   24.229300   38.437200     -2.3305
   24.262600   38.437200     -1.0719
   24.295900   38.437200     -3.1682
   24.329200   38.437200     -2.7230
   24.362500   38.437200      3.0247
   24.395800   38.437200      6.5622
   24.429100   38.437200      5.2908
   24.462400   38.437200      3.4937
   24.495700   38.437200      3.8636
   24.529000   38.437200      5.5512
   24.562300   38.437200      5.7836
   24.595600   38.437200      3.7838
   24.628900   38.437200      1.7853
   24.662200   38.437200      0.1955
   24.695500   38.437200     -1.4222
   24.728800   38.437200     -1.2884
   24.762100   38.437200      0.7804
   24.795400   38.437200      2.5355
   24.828700   38.437200      2.1332
   24.862000   38.437200     -1.8444
   24.895300   38.437200     -7.3227
   24.928600   38.437200     -9.2200
   24.961900   38.437200     -7.3201
   24.995200   38.437200     -4.8735
   25.028500   38.437200     -2.3766
   25.061800   38.437200     -0.9838
   25.095100   38.437200     -2.5426
   25.128400   38.437200     -4.8597
   25.161700   38.437200     -5.3415
   25.195000   38.437200     -4.5908
   25.228300   38.437200     -3.7033
   25.261600   38.437200     -3.1859
   25.294900   38.437200     -3.2609
   25.328200   38.437200     -2.5841
   25.361500   38.437200     -0.4616
   25.394800   38.437200     -0.9060
   25.428100   38.437200     -4.4329
   25.461400   38.437200     -0.7398
   25.494700   38.437200     11.8630
   25.528000   38.437200     14.8012
   25.561300   38.437200     -2.8705
   25.594600   38.437200    -25.1465
   20.200000   38.403900     -1.5664
   20.233300   38.403900      2.7277
   20.266600   38.403900      2.4699
   20.299900   38.403900      4.1998
   20.333200   38.403900     16.9700
   20.366500   38.403900     26.3651
   20.399800   38.403900     14.3681
   20.433100   38.403900     -4.4304
   20.466400   38.403900     -4.9369
   20.499700   38.403900     10.1696
   20.533000   38.403900     20.2672
   20.566300   38.403900     14.0622
   20.599600   38.403900     -2.0224
   20.632900   38.403900    -10.7783
   20.666200   38.403900     -2.2750
   20.699500   38.403900     13.1126
   20.732800   38.403900     18.2418
   20.766100   38.403900      9.4542
   20.799400   38.403900     -3.4434
   20.832700   38.403900     -9.4819
   20.866000   38.403900     -5.2953
   20.899300   38.403900      2.6504
   20.932600   38.403900      7.1887
   20.965900   38.403900      8.9699
   20.999200   38.403900      9.7451
   21.032500   38.403900      7.4196
   21.065800   38.403900      3.8804
   21.099100   38.403900      3.7782
   21.132400   38.403900      5.2832
   21.165700   38.403900      5.7380
   21.199000   38.403900      6.2077
   21.232300   38.403900      5.9656
   21.265600   38.403900      7.1336
   21.298900   38.403900     11.3760
   21.332200   38.403900     11.0128
   21.365500   38.403900      6.2799
   21.398800   38.403900      6.9271
   21.432100   38.403900      9.4728
   21.465400   38.403900      7.6315
   21.498700   38.403900      6.0833
   21.532000   38.403900      5.5086
   21.565300   38.403900      3.0123
   21.598600   38.403900      3.7924
   21.631900   38.403900      9.0106
   21.665200   38.403900      7.4437
   21.698500   38.403900     -4.2502
   21.731800   38.403900    -10.6941
   21.765100   38.403900     -0.6298
   21.798400   38.403900     15.1951
   21.831700   38.403900     20.3156
   21.865000   38.403900     12.6485
   21.898300   38.403900      1.7836
   21.931600   38.403900     -2.4914
   21.964900   38.403900      3.9619
   21.998200   38.403900     15.0357
   22.031500   38.403900     17.9136
   22.064800   38.403900      8.0309
   22.098100   38.403900     -3.9650
   22.131400   38.403900     -6.3526
   22.164700   38.403900     -0.7080
   22.198000   38.403900      3.2766
   22.231300   38.403900      1.6766
   22.264600   38.403900     -2.4068
   22.297900   38.403900     -5.7787
   22.331200   38.403900     -6.1940
   22.364500   38.403900     -1.4082
   22.397800   38.403900      6.6706
   22.431100   38.403900     12.3100
   22.464400   38.403900     12.4577
   22.497700   38.403900      8.6969
   22.531000   38.403900      4.5920
   22.564300   38.403900      3.5514
   22.597600   38.403900      5.2348
   22.630900   38.403900      4.9506
   22.664200   38.403900      1.1695
   22.697500   38.403900     -0.6013
   22.730800   38.403900      2.8659
   22.764100   38.403900      5.2220
   22.797400   38.403900     -0.0479
   22.830700   38.403900     -8.1953
   22.864000   38.403900    -10.7755
   22.897300   38.403900     -8.4529
   22.930600   38.403900     -5.5240
   22.963900   38.403900      0.0577
   22.997200   38.403900      9.2569
   23.030500   38.403900     14.8114
   23.063800   38.403900     11.5814
   23.097100   38.403900      5.0275
   23.130400   38.403900      1.9915
   23.163700   38.403900      1.2749
   23.197000   38.403900     -0.6345
   23.230300   38.403900     -0.8791
   23.263600   38.403900      4.5453
   23.296900   38.403900     10.8710
   23.330200   38.403900     10.4219
   23.363500   38.403900      5.1215
   23.396800   38.403900      2.3564
   23.430100   38.403900      2.1384
   23.463400   38.403900      0.3601
   23.496700   38.403900     -0.5841
   23.530000   38.403900      3.2609
   23.563300   38.403900      6.7199
   23.596600   38.403900      2.2033
   23.629900   38.403900     -6.0952
   23.663200   38.403900     -7.6927
   23.696500   38.403900     -2.9366
   23.729800   38.403900     -1.2145
   23.763100   38.403900     -3.7253
   23.796400   38.403900     -2.6291
   23.829700   38.403900      3.0162
   23.863000   38.403900      4.8477
   23.896300   38.403900     -0.3473
   23.929600   38.403900     -5.1238
   23.962900   38.403900     -2.2123
   23.996200   38.403900      5.9616
   24.029500   38.403900     10.5262
   24.062800   38.403900      7.7139
   24.096100   38.403900      4.0367
   24.129400   38.403900      4.2578
   24.162700   38.403900      3.3630
   24.196000   38.403900      0.8132
   24.229300   38.403900      3.4773
   24.262600   38.403900      7.4975
   24.295900   38.403900      5.1140
   24.329200   38.403900      2.4099
   24.362500   38.403900      4.7766
   24.395800   38.403900      5.6278
   24.429100   38.403900      2.1374
   24.462400   38.403900      0.5814
   24.495700   38.403900      3.9650
   24.529000   38.403900      7.8768
   24.562300   38.403900      8.0515
   24.595600   38.403900      5.4737
   24.628900   38.403900      3.2610
   24.662200   38.403900      2.0183
   24.695500   38.403900      1.3359
   24.728800   38.403900      1.8348
   24.762100   38.403900      3.0331
   24.795400   38.403900      3.3990
   24.828700   38.403900      1.8671
   24.862000   38.403900     -2.0577
   24.895300   38.403900     -5.8763
   24.928600   38.403900     -6.1298
   24.961900   38.403900     -4.3223
   24.995200   38.403900     -3.1486
   25.028500   38.403900     -1.8699
   25.061800   38.403900     -0.9272
   25.095100   38.403900     -1.5650
   25.128400   38.403900     -2.7134
   25.161700   38.403900     -4.0233
   25.195000   38.403900     -4.9470
   25.228300   38.403900     -3.3271
   25.261600   38.403900     -1.2942
   25.294900   38.403900     -3.6182
   25.328200   38.403900     -6.2493
   25.361500   38.403900     -0.8615
   25.394800   38.403900      6.4642
   25.428100   38.403900      2.3140
   25.461400   38.403900     -8.7360
   25.494700   38.403900    -11.1803
   25.528000   38.403900     -3.9033
   25.561300   38.403900      4.3130
   25.594600   38.403900     10.1506
